# Exported by ZModeler 3.2.0 (Build 1182) with WavefrontOBJ filter (Build 82)
# 

mtllib Asterix.mtl

v 0.00172 0.454965 0.149173
v 0.08949 0.392857 0.132725
v 0.081619 0.448503 0.120511
v 0.00172 0.392838 0.164342
v 0.00172 0.454965 0.150299
v 0.076335 0.449504 0.11221
v 0.00172 0.45192 0.138117
v 0.00172 0.389838 0.153621
v 0.00172 0.392838 0.165621
v 0.084377 0.389857 0.124685
v 0.140957 0.392857 0.074679
v 0.12212 0.443286 0.067192
v 0.123336 0.443286 0.067489
v 0.114199 0.443286 0.064444
v 0.142363 0.392857 0.075052
v 0.133363 0.389857 0.070052
v 0.134842 0.396091 -0.013124
v 0.117143 0.44284 -0.00526
v 0.108172 0.44284 -0.002694
v 0.118309 0.44284 -0.005694
v 0.136186 0.396091 -0.013637
v 0.127186 0.393091 -0.010637
v 0.079879 0.403325 -0.074492
v 0.068861 0.445719 -0.055487
v 0.064493 0.445719 -0.048338
v 0.073668 0.400325 -0.066625
v 0.080668 0.403325 -0.075625
v 0.00172 0.405559 -0.088934
v 0.00172 0.446998 -0.066846
v 0.00172 0.446998 -0.059442
v 0.00172 0.446998 -0.067902
v 0.00172 0.401559 -0.079213
v 0.00172 0.405559 -0.090213
v -0.086051 0.392857 0.132725
v -0.078179 0.449504 0.120511
v -0.072895 0.449504 0.11221
v -0.080937 0.389857 0.124685
v -0.137518 0.392857 0.071709
v -0.122818 0.444461 0.068419
v -0.124076 0.444461 0.068729
v -0.11076 0.443286 0.064444
v -0.138924 0.392857 0.072052
v -0.129924 0.389857 0.070052
v -0.131402 0.395091 -0.013124
v -0.112714 0.44284 -0.00526
v -0.103776 0.44284 -0.002694
v -0.11387 0.44284 -0.005694
v -0.132747 0.395091 -0.013637
v -0.123747 0.392091 -0.010637
v -0.07545 0.403325 -0.077462
v -0.064431 0.445719 -0.054497
v -0.061054 0.445719 -0.048338
v -0.070229 0.400325 -0.066625
v -0.076229 0.403325 -0.078625
v 0.034607 0.375651 0.162603
v 0.000357 0.364796 0.165059
v 0.000357 0.407449 0.103118
v 0.055775 0.404068 0.156173
v -0.033894 0.375137 0.161381
v -0.055062 0.404068 0.153673
v -0.033894 0.46761 0.139295
v 0.000357 0.478465 0.139339
v 0.034607 0.46761 0.141795
v 0.019526 0.458981 0.158694
v 0.002806 0.465027 0.155913
v -9.2e-005 0.412651 0.122959
v 0.036388 0.439623 0.163924
v -0.023157 0.457976 0.156643
v -0.03882 0.437351 0.160604
v -0.039161 0.411777 0.166285
v -0.024051 0.391022 0.171515
v -0.001008 0.383785 0.174296
v 0.02447 0.392204 0.173566
v 0.038276 0.414116 0.169604
v -0.055062 0.436693 0.145725
v 0.055775 0.439193 0.148225
v 0.002104 0.476261 0.14805
v 0.033541 0.465252 0.150541
v 0.05234 0.438323 0.156634
v 0.05132 0.405759 0.164003
v 0.030871 0.38 0.169831
v -0.001197 0.370883 0.171894
v -0.031634 0.380945 0.167556
v -0.051433 0.408821 0.16181
v -0.050413 0.439385 0.154941
v -0.029963 0.467145 0.150112
v -0.465957 0.667823 -0.011283
v -0.482893 0.659357 -0.002807
v -0.470719 0.673405 0.003039
v -0.476615 0.64967 -0.026261
v -0.418546 0.664845 -0.007975
v -0.406749 0.645395 -0.020444
v -0.473623 0.664804 0.062783
v -0.475768 0.673229 0.043069
v -0.482975 0.649938 0.075321
v -0.487375 0.658342 0.046418
v -0.423487 0.664543 0.062552
v -0.416567 0.649041 0.079367
v -0.405181 0.658136 0.054442
v -0.417919 0.671375 0.046644
v -0.415278 0.670953 0.00557
v -0.40296 0.658136 -0.000769
v 0.001726 0.989836 0.11621
v 0.00172 0.950525 0.142607
v 0.04803 0.941912 0.125259
v 0.046833 0.982366 0.100167
v 0.090707 0.905666 0.044429
v 0.077621 0.951065 0.024623
v 0.068004 0.970404 0.070981
v 0.079232 0.923709 0.088322
v 0.083238 0.888709 0.004961
v 0.067153 0.933463 -0.016348
v 0.053833 0.875621 -0.035811
v 0.042114 0.921493 -0.044208
v 0.001726 0.871548 -0.049947
v 0.001726 0.915553 -0.058034
v -0.043381 0.982366 0.100167
v -0.04459 0.941912 0.125259
v -0.088255 0.905666 0.044429
v -0.075793 0.923709 0.088322
v -0.074169 0.951969 0.026727
v -0.061552 0.973063 0.069169
v -0.079787 0.887709 0.004961
v -0.063701 0.933463 -0.016348
v -0.049381 0.875621 -0.035811
v -0.038662 0.921493 -0.044208
v -0.132524 1.00596 -0.18822
v -0.135713 1.0596 -0.176899
v -0.174463 1.05849 -0.354405
v -0.092166 0.99286 -0.01438
v -0.090012 1.01657 -0.006342
v -0.07422 0.945011 0.035785
v -0.082613 0.962344 -0.001443
v -0.088408 0.962344 0.00011
v -0.080355 0.925108 0.029701
v -0.11939 1.0662 -0.18082
v -0.079763 0.994518 -0.010961
v -0.07196 1.01773 0.000754
v -0.081896 0.979711 -0.009235
v -0.134483 0.972981 -0.163941
v -0.148599 1.01477 -0.156515
v -0.168411 0.990615 -0.299861
v -0.110836 0.985032 -0.026567
v -0.112955 1.0049 -0.018627
v -0.084288 0.949345 0.033741
v -0.09643 0.965476 -0.012739
v -0.13329 1.02217 -0.164221
v -0.098355 0.978206 -0.021586
v -0.096266 1.01003 -0.016619
v -0.098521 0.989779 -0.023475
v -0.090589 0.979711 -0.006906
v -0.105123 0.965476 -0.01041
v -0.108756 0.974254 -0.021386
v -0.080495 0.913219 0.024003
v -0.07796 0.926115 0.054364
v -0.098844 0.945272 0.026399
v -0.07051 0.956565 0.050606
v -0.068361 0.962988 0.020058
v -0.074378 0.936819 0.00345
v 0.139165 1.0596 -0.176899
v 0.135976 1.00596 -0.18822
v 0.177915 1.05849 -0.354405
v 0.095618 0.99286 -0.01438
v 0.093464 1.01657 -0.006342
v 0.077672 0.945011 0.035785
v 0.083807 0.925108 0.029701
v 0.09186 0.962344 0.00011
v 0.086065 0.962344 -0.001443
v 0.122842 1.0662 -0.18082
v 0.083215 0.994518 -0.010961
v 0.075412 1.01773 0.000754
v 0.085348 0.979711 -0.009235
v 0.152051 1.01477 -0.156515
v 0.137935 0.972981 -0.163941
v 0.171863 0.990615 -0.299861
v 0.114288 0.985032 -0.026567
v 0.116407 1.0049 -0.018627
v 0.08774 0.949345 0.033741
v 0.099882 0.965476 -0.012739
v 0.136742 1.02217 -0.164221
v 0.101807 0.978206 -0.021586
v 0.099718 1.01003 -0.016619
v 0.101973 0.989779 -0.023475
v 0.094041 0.979711 -0.006906
v 0.108575 0.965476 -0.01041
v 0.112208 0.974254 -0.021386
v 0.081412 0.926115 0.054364
v 0.083947 0.913219 0.024003
v 0.102296 0.945272 0.026399
v 0.073962 0.956565 0.050606
v 0.071813 0.962988 0.020058
v 0.07783 0.936819 0.00345
v 0.001726 1.0066 0.00622
v 0.001726 1.0092 0.066398
v 0.045245 0.993827 0.067574
v 0.048833 0.985544 0.014963
v 0.043497 0.953126 -0.029849
v 0.001726 0.967261 -0.041141
v -0.039793 0.995601 0.065705
v -0.045381 0.984986 0.015202
v -0.040045 0.953351 -0.033979
v 0.012747 1.01611 -0.005077
v 0.001726 1.01921 -0.006422
v 0.007483 1.02043 0.004865
v 0.007226 1.01248 -0.013718
v 0.012747 1.01348 0.009288
v 0.001726 1.01597 0.015021
v -0.004032 1.02043 0.004865
v 0.018999 1.00865 -0.00183
v 0.012747 1.00469 -0.010926
v 0.001726 1.0022 -0.016659
v -0.00416 1.01219 -0.013844
v 0.001726 1.00462 0.009543
v 0.011647 1.00114 0.001437
v 0.001726 0.997655 -0.006669
v -0.009295 1.01611 -0.005077
v -0.009295 1.01348 0.009288
v -0.015547 1.00865 -0.00183
v -0.009295 1.00469 -0.010926
v -0.008195 1.00114 0.001437
v -0.018151 0.897643 0.147874
v 0.00172 0.876633 0.1551
v 0.00172 0.918507 0.154866
v -0.008836 0.871347 0.15472
v -0.019217 0.824292 0.155043
v -0.029685 0.856228 0.217676
v 0.00172 0.860697 0.217676
v 0.00172 0.83676 0.170803
v -0.029685 0.865165 0.259549
v 0.00172 0.871633 0.261549
v 0.00172 0.860165 0.307422
v -0.029685 0.852728 0.305422
v 0.00172 0.824292 0.322359
v -0.029685 0.813823 0.315891
v 0.00172 0.779184 0.313891
v -0.034742 0.780419 0.303245
v -0.034742 0.756602 0.280486
v 0.00172 0.735488 0.238613
v 0.00172 0.745956 0.285543
v -0.029685 0.745956 0.234613
v 0.00172 0.740545 0.207208
v -0.034685 0.751014 0.204005
v -0.042154 0.821621 0.169173
v -0.05709 0.83676 0.217676
v -0.05709 0.844228 0.259549
v -0.05209 0.820292 0.296954
v -0.06109 0.783653 0.270017
v -0.06109 0.77395 0.226144
v -0.05859 0.77195 0.175803
v -0.06109 0.80695 0.183303
v -0.070793 0.803355 0.220144
v -0.067558 0.813823 0.264783
v -0.027758 0.873646 0.157775
v -0.028233 0.901353 0.142953
v -0.044801 0.86627 0.141429
v -0.036016 0.862643 0.152729
v -0.022201 0.829463 0.16044
v -0.037613 0.830044 0.150193
v -0.033518 0.833263 0.156906
v -0.006555 0.836859 0.159824
v -0.069559 0.829172 0.126695
v -0.066324 0.855463 0.123461
v -0.04359 0.939912 0.125259
v 0.00172 0.948525 0.141607
v -0.082027 0.850463 0.09729
v -0.087261 0.824292 0.081588
v -0.078793 0.892336 0.099525
v -0.074793 0.921709 0.089322
v -0.043954 0.889021 0.138453
v -0.071559 0.677735 0.13893
v -0.066324 0.70914 0.1651
v -0.097729 0.714374 0.118227
v -0.081793 0.688204 0.092056
v -0.097792 0.716992 0.07112
v -0.082131 0.703906 0.065886
v -0.040154 0.658596 0.102525
v -0.053388 0.657096 0.140164
v -0.04294 0.661305 0.16403
v 0.00172 0.656799 0.176037
v -0.038783 0.699906 0.19168
v 0.00172 0.694672 0.196739
v 0.00172 0.730077 0.207208
v -0.031685 0.740545 0.198505
v -0.026834 0.643362 0.149632
v -0.089761 0.820323 0.13193
v -0.110461 0.786093 0.078971
v -0.102609 0.787653 0.128695
v -0.087261 0.829526 0.065708
v -0.087261 0.813823 0.044949
v -0.087261 0.850463 0.076354
v -0.087261 0.839994 0.039715
v -0.090027 0.873868 0.065886
v -0.087255 0.903666 0.045429
v -0.078786 0.886709 0.005961
v -0.031277 0.907005 -0.07266
v -0.068281 0.857228 -0.116021
v -0.064718 0.86208 -0.06525
v -0.049381 0.873621 -0.033811
v -0.076803 0.903778 -0.107052
v -0.077653 0.806675 -0.079522
v 0.010713 0.853548 -0.082447
v -0.024796 0.834565 -0.160732
v -0.05806 0.809346 -0.133607
v -0.072153 0.737099 -0.06149
v 0.000125 0.739215 -0.08569
v -0.027255 0.696345 -0.159593
v -0.024451 0.721523 0.016161
v -0.078154 0.68796 -0.047478
v 0.003272 0.678222 -0.072824
v 0.00172 0.72014 0.005076
v -0.100204 0.915621 -0.088442
v -0.082753 0.902633 -0.031877
v -0.13272 0.787504 -0.059893
v -0.101112 0.83476 -0.020097
v -0.159354 0.805968 -0.085223
v -0.147454 0.725099 -0.056659
v -0.098114 0.767184 0.001906
v -0.072018 0.734545 0.018992
v -0.032532 0.71414 0.042824
v -0.0859 0.719609 0.039538
v 0.00172 0.68297 -0.007393
v -0.027451 0.67897 0.013544
v -0.038919 0.663735 0.040246
v -0.020298 0.704672 0.063527
v -0.020685 0.639861 0.060006
v 0.00172 0.698501 0.070229
v 0.00172 0.630628 0.064995
v -0.108198 0.782418 0.029246
v -0.102963 0.751014 0.032012
v -0.110815 0.751014 0.07612
v -0.098346 0.754694 0.120727
v 0.00172 0.659862 0.093822
v 0.00172 0.63866 0.128695
v -0.122645 0.781653 -0.014239
v -0.132604 0.799823 -0.048426
v -0.072171 0.593052 -0.013517
v -0.102261 0.604457 0.028356
v -0.102261 0.599223 -0.013517
v -0.072171 0.598286 0.028356
v -0.065703 0.63816 0.049058
v -0.092754 0.661799 0.028356
v -0.09364 0.62916 0.051558
v -0.061703 0.656799 0.028356
v -0.097868 0.667267 -0.003049
v -0.061703 0.662033 -0.003049
v -0.09864 0.634894 -0.029256
v -0.124513 0.638362 -0.023986
v -0.124513 0.630628 0.044001
v -0.116633 0.659799 0.028356
v -0.137513 0.657033 -0.003049
v -0.119191 0.66515 -0.003049
v -0.245048 0.602457 -0.015534
v -0.231435 0.603662 -0.014824
v -0.222636 0.609691 0.028356
v -0.164648 0.594258 0.007092
v -0.174503 0.619782 -0.029047
v -0.166495 0.608851 0.039884
v -0.216568 0.630628 0.038824
v -0.166289 0.632918 0.050519
v -0.137513 0.651799 0.028356
v -0.171603 0.659299 0.022906
v -0.217579 0.651565 0.029367
v -0.233808 0.656799 -0.003049
v -0.183909 0.647519 -0.021486
v -0.254311 0.635862 -0.026009
v -0.257304 0.599223 -0.013517
v -0.264241 0.635868 -0.02722
v -0.269304 0.604457 0.028356
v -0.275304 0.630628 0.047058
v -0.275538 0.653799 0.035356
v -0.271557 0.665739 0.019455
v -0.250419 0.659327 -0.003436
v -0.267772 0.664033 -0.003049
v 0.00172 0.923412 -0.040032
v 0.001726 0.869548 -0.047947
v -0.040154 0.922326 -0.023712
v -0.06109 0.952497 0.016927
v -0.05709 0.964199 0.058034
v -0.060707 0.951337 0.087998
v -0.046622 0.962965 0.094673
v 0.00172 0.984519 0.053886
v 0.00172 0.977285 0.107759
v 0.00172 0.964817 -0.002924
v -0.022307 0.951452 0.128949
v 0.02159 0.897643 0.147874
v 0.012275 0.871347 0.15472
v 0.022656 0.824292 0.155043
v 0.033125 0.854228 0.217676
v 0.033125 0.865165 0.259549
v 0.033125 0.852728 0.305422
v 0.033125 0.813823 0.315891
v 0.038182 0.780419 0.303245
v 0.038182 0.756602 0.280486
v 0.033125 0.745956 0.234613
v 0.038125 0.751014 0.204005
v 0.06053 0.83376 0.217676
v 0.045593 0.821621 0.169173
v 0.06053 0.844228 0.259549
v 0.05553 0.820292 0.296954
v 0.06453 0.783653 0.270017
v 0.06453 0.77395 0.226144
v 0.074232 0.803355 0.220144
v 0.06453 0.80695 0.183303
v 0.070998 0.813823 0.264783
v 0.009995 0.836859 0.159824
v 0.072998 0.829172 0.126695
v 0.069764 0.855463 0.123461
v 0.04824 0.86627 0.141429
v 0.041052 0.830044 0.150193
v 0.04703 0.939912 0.125259
v 0.031672 0.901353 0.142953
v 0.087466 0.840463 0.09729
v 0.0907 0.824292 0.081588
v 0.082232 0.892336 0.099525
v 0.078232 0.921709 0.089322
v 0.047394 0.889021 0.138453
v 0.069764 0.70914 0.1651
v 0.074998 0.677735 0.13893
v 0.101169 0.714374 0.118227
v 0.085232 0.688204 0.092056
v 0.085571 0.703906 0.065886
v 0.101231 0.716992 0.07112
v 0.056827 0.657096 0.140164
v 0.043593 0.656096 0.102525
v 0.046379 0.661305 0.16403
v 0.042222 0.699906 0.19168
v 0.035125 0.740545 0.198505
v 0.06203 0.77195 0.175803
v 0.030273 0.643362 0.149632
v 0.0932 0.825323 0.13193
v 0.106049 0.787653 0.128695
v 0.1139 0.786093 0.078971
v 0.141784 0.870633 -0.033002
v 0.153689 0.799823 -0.034997
v 0.156411 0.837697 -0.046517
v 0.0907 0.839994 0.039715
v 0.111637 0.782418 0.029246
v 0.101466 0.866165 0.025837
v 0.0907 0.813823 0.044949
v 0.0907 0.829526 0.065709
v 0.0907 0.850463 0.076354
v 0.090707 0.903666 0.045429
v 0.093466 0.869868 0.069886
v 0.082238 0.886709 0.005961
v -0.007284 0.883005 -0.11691
v 0.077457 0.730545 0.016992
v 0.035972 0.71414 0.042824
v 0.02789 0.721523 0.016161
v 0.089339 0.719609 0.039538
v 0.03089 0.67897 0.013544
v 0.042359 0.663735 0.040246
v 0.023737 0.704672 0.063527
v 0.024125 0.639861 0.060006
v 0.106403 0.751014 0.032012
v 0.114254 0.751014 0.07612
v 0.13712 0.837697 -0.061083
v 0.126081 0.870633 -0.043471
v 0.136044 0.799823 -0.048426
v 0.126085 0.781653 -0.014239
v 0.13685 0.781653 -0.00718
v 0.092704 0.866519 0.022282
v 0.104551 0.83476 -0.020097
v 0.106356 0.877576 -0.011476
v 0.096775 0.757014 -0.001779
v 0.111554 0.783184 -0.012094
v 0.00072 0.35204 -0.109909
v 0.092605 0.352509 -0.091087
v 0.00172 0.487306 -0.045276
v 0.038972 0.578286 -0.034631
v 0.055263 0.485306 -0.038042
v 0.00172 0.604103 -0.034631
v 0.00172 0.578286 0.096046
v 0.048972 0.589235 0.075109
v 0.06844 0.485306 0.104514
v 0.00172 0.489306 0.127451
v 0.099136 0.337572 0.146387
v 0.00172 0.337806 0.179792
v 0.164768 0.342749 0.074932
v 0.101781 0.478837 0.059407
v 0.080845 0.55735 0.03847
v 0.075611 0.552116 -0.003403
v 0.096193 0.478837 0.001831
v 0.159295 0.347983 -0.025574
v 0.043593 0.922326 -0.023712
v 0.052833 0.873621 -0.033811
v 0.06453 0.952497 0.016927
v 0.06053 0.964199 0.058034
v 0.050061 0.962965 0.094673
v -0.239801 0.637882 -0.023859
v 0.09453 0.78945 0.170803
v 0.08453 0.81695 0.165803
v -0.08109 0.81695 0.165803
v -0.09109 0.78945 0.170803
v -0.07109 0.78445 0.182803
v -0.084777 0.761482 0.159515
v 0.120234 0.877399 -0.003328
v -0.15025 0.799823 -0.034997
v -0.138344 0.870633 -0.033002
v -0.152971 0.837697 -0.046517
v -0.098026 0.866165 0.025837
v -0.13168 0.833697 -0.059083
v -0.122642 0.870633 -0.043471
v -0.133411 0.781653 -0.00718
v -0.089264 0.866519 0.022282
v -0.105393 0.877576 -0.023347
v -0.116794 0.877399 -0.003328
v -0.129647 0.893028 -0.096697
v -0.128885 0.924507 -0.161254
v -0.093295 0.828379 -0.114412
v -0.180694 0.871527 -0.171394
v -0.12405 0.855219 -0.1069
v 0.061444 0.827238 0.160217
v -0.058005 0.827238 0.160217
v -0.019685 0.734545 0.154866
v 0.023125 0.734545 0.154866
v 0.064147 0.951337 0.087998
v 0.025746 0.951452 0.128949
v -0.045388 0.915709 0.132195
v -0.018983 0.92388 0.154398
v -0.047388 0.92688 0.133695
v -0.007983 0.911709 0.153398
v -0.06509 0.918177 0.117993
v -0.060071 0.906007 0.11656
v -0.068793 0.906336 0.116759
v -0.068477 0.881463 0.114695
v -0.067851 0.906336 0.108268
v -0.060243 0.926177 0.108993
v -0.013647 0.93588 0.142192
v 0.022422 0.92388 0.154398
v 0.048827 0.915709 0.132195
v 0.049903 0.92688 0.134078
v 0.011422 0.911709 0.153398
v 0.064529 0.906007 0.116545
v 0.06853 0.918177 0.117993
v 0.072232 0.906336 0.116759
v 0.071998 0.883463 0.113614
v 0.072025 0.906336 0.10728
v 0.064764 0.926177 0.107911
v 0.017039 0.93588 0.14324
v 0.00172 0.640628 0.1601
v 0.098761 0.703659 0.146125
v 0.074296 0.66266 0.158695
v 0.055173 0.683416 0.179546
v 0.036552 0.711792 0.198338
v 0.102935 0.729375 0.144866
v 0.024496 0.723226 0.205151
v 0.087982 0.754162 0.158334
v -0.064683 0.718438 0.204942
v -0.084759 0.735906 0.184005
v -0.099495 0.729375 0.144866
v -0.095322 0.703659 0.146125
v -0.084543 0.754162 0.158334
v -0.079207 0.684565 0.185005
v -0.070856 0.66266 0.158695
v -0.033113 0.711792 0.198338
v -0.051734 0.683416 0.179546
v -0.021057 0.723226 0.205151
v -0.035532 0.578286 -0.034631
v -0.051824 0.485306 -0.038042
v -0.045532 0.587212 0.075109
v -0.063001 0.485306 0.102514
v -0.098342 0.478837 0.059407
v -0.077406 0.55735 0.03847
v -0.072171 0.552116 -0.003403
v -0.092754 0.478837 0.001831
v -0.089166 0.352509 -0.091087
v -0.095697 0.337572 0.146387
v -0.164034 0.340403 0.0781
v -0.155855 0.347983 -0.025574
v -0.017692 0.868122 0.15859
v 0.079385 0.386193 0.110834
v 0.00172 0.386193 0.132685
v 0.123952 0.386193 0.071445
v 0.078958 0.395614 -0.04667
v 0.00172 0.400325 -0.055745
v -0.075945 0.386193 0.110834
v -0.120513 0.386193 0.071445
v -0.075518 0.395614 -0.04667
v -0.036281 0.916462 -0.168373
v -0.002782 0.791412 -0.169372
v -0.054255 0.687345 -0.162593
v 0.105701 0.604457 0.028356
v 0.075611 0.593052 -0.013517
v 0.105701 0.599223 -0.013517
v 0.075611 0.598286 0.028356
v 0.096193 0.661799 0.028356
v 0.069142 0.63816 0.049058
v 0.097079 0.62916 0.051558
v 0.065142 0.656799 0.028356
v 0.101308 0.667267 -0.003049
v 0.065142 0.662033 -0.003049
v 0.102079 0.634894 -0.029256
v 0.127952 0.638362 -0.023986
v 0.127952 0.630628 0.044001
v 0.120073 0.659799 0.028356
v 0.12263 0.66515 -0.003049
v 0.140952 0.657033 -0.003049
v 0.234874 0.603662 -0.014824
v 0.250487 0.600457 -0.015534
v 0.226076 0.609691 0.028356
v 0.168088 0.594258 0.007092
v 0.177942 0.619782 -0.029047
v 0.169934 0.608851 0.039884
v 0.220007 0.630628 0.038824
v 0.169728 0.632918 0.050519
v 0.140952 0.651799 0.028356
v 0.175043 0.659299 0.022906
v 0.221018 0.651565 0.029367
v 0.237247 0.656799 -0.003049
v 0.187348 0.647519 -0.021486
v 0.260744 0.599223 -0.013517
v 0.25575 0.636862 -0.026009
v 0.26768 0.635868 -0.02722
v 0.278743 0.604457 0.028356
v 0.282743 0.630628 0.047058
v 0.278978 0.653799 0.035356
v 0.274996 0.665739 0.019455
v 0.253859 0.662327 -0.003436
v 0.271212 0.664033 -0.003049
v 0.339973 0.629128 0.03809
v 0.335936 0.654182 0.032739
v 0.349936 0.655799 -0.003049
v 0.383962 0.651501 -0.003135
v 0.383962 0.630632 -0.018787
v 0.312814 0.629629 -0.033635
v 0.304319 0.597457 -0.008283
v 0.383962 0.609762 -0.003135
v 0.322319 0.605074 0.025739
v 0.383962 0.609762 0.022952
v 0.383962 0.630632 0.038605
v 0.24324 0.637882 -0.023859
v 0.383962 0.651501 0.022952
v 0.046729 0.903005 -0.104661
v 0.06817 0.86208 -0.06525
v 0.077733 0.869228 -0.140022
v 0.080255 0.881778 -0.109052
v 0.060524 0.804607 -0.123224
v 0.037732 0.831994 -0.078671
v 0.069105 0.800675 -0.103522
v 0.026232 0.844639 -0.133023
v 0.058233 0.851273 -0.224531
v 0.093605 0.737099 -0.06149
v 0.063606 0.70196 -0.021478
v 0.054707 0.681345 -0.090593
v 0.107656 0.911621 -0.084442
v 0.154791 0.79618 -0.077186
v 0.120172 0.785504 -0.059893
v 0.160906 0.745099 -0.038659
v 0.020736 0.873005 -0.13491
v 0.133099 0.887028 -0.096697
v 0.120449 0.864494 -0.060442
v 0.128337 0.932507 -0.141254
v 0.131129 0.850222 -0.101832
v 0.196515 0.84502 -0.142001
v 0.131396 0.819933 -0.134599
v 0.055732 0.914462 -0.186373
v -0.006701 0.793715 -0.092525
v 0.026731 0.754541 -0.079572
v 0.088216 0.761482 0.159515
v -0.04259 0.937912 0.128259
v 0.04703 0.938912 0.128259
v 0.079606 0.363686 -0.061156
v 0.00172 0.368686 -0.076681
v 0.081637 0.289184 -0.065093
v 0.034091 0.257625 -0.060979
v 0.00172 0.269705 -0.07327
v 0.00172 0.298459 -0.083973
v 0.010449 0.247576 -0.001872
v 0.00172 0.24687 -0.001872
v 0.028326 0.272098 0.064641
v 0.00172 0.270687 0.064641
v 0.074903 0.308034 0.085577
v 0.00172 0.302446 0.106514
v 0.00172 0.357319 0.131451
v 0.078434 0.358554 0.108394
v 0.121629 0.359845 0.066641
v 0.119541 0.324731 0.058876
v 0.130009 0.329965 -0.008637
v 0.131186 0.360022 -0.008872
v 0.083137 0.253769 -0.045276
v 0.034741 0.233009 -0.040181
v 0.122802 0.264796 -0.007732
v 0.111812 0.262807 0.05035
v 0.07179 0.255339 0.073556
v 0.031503 0.242342 0.054527
v 0.018585 0.229168 -0.001757
v 0.035478 0.168157 0.033413
v 0.029046 0.177741 0.001826
v 0.066504 0.156374 0.044084
v 0.093054 0.169346 0.028179
v 0.10317 0.180118 -0.000678
v 0.079781 0.184439 -0.035653
v 0.038874 0.185273 -0.034899
v 0.022137 0.054854 0.053098
v 0.014135 0.095451 -0.003043
v -0.003912 0.037738 -0.006394
v 0.030356 0.116073 0.045825
v 0.082869 0.073394 0.071717
v 0.075172 0.115096 0.063136
v 0.142105 0.057052 0.057905
v 0.108127 0.123013 0.043651
v 0.143176 0.03929 -0.010957
v 0.118055 0.098073 -0.000175
v 0.109676 0.041544 -0.069757
v 0.097017 0.09498 -0.045288
v 0.027221 0.047729 -0.079585
v 0.033966 0.076883 -0.057473
v 0.098633 0.163492 -0.000159
v 0.094095 0.146867 0.000359
v 0.076931 0.14024 -0.029584
v 0.041091 0.139051 -0.030808
v 0.030058 0.161621 0.002438
v 0.031069 0.143501 0.00305
v 0.090866 0.160041 0.028075
v 0.088679 0.150736 0.027971
v 0.066617 0.153884 0.043881
v 0.066731 0.151393 0.043679
v 0.036085 0.158347 0.033335
v 0.036692 0.148536 0.033256
v 0.015697 0.137421 -0.002237
v 0.027701 0.147804 0.053041
v 0.114372 0.136838 -0.003159
v 0.110784 0.143874 0.042811
v 0.093859 0.13748 -0.047838
v 0.037923 0.140931 -0.055426
v 0.079871 0.330435 -0.070125
v 0.00172 0.336572 -0.087827
v 0.076669 0.335794 0.102486
v 0.00172 0.327383 0.124982
v 0.077518 0.145244 0.063408
v -0.076167 0.363686 -0.061156
v -0.078198 0.289184 -0.065093
v -0.030652 0.257625 -0.060979
v -0.00701 0.247576 -0.001872
v -0.024887 0.272098 0.064641
v -0.071463 0.308034 0.085577
v -0.074995 0.358554 0.108394
v -0.116102 0.324731 0.058876
v -0.11819 0.359845 0.066641
v -0.12657 0.329965 -0.008637
v -0.127747 0.360022 -0.008872
v -0.079698 0.253769 -0.045276
v -0.031302 0.233009 -0.040181
v -0.119363 0.264796 -0.007732
v -0.108373 0.262807 0.05035
v -0.06735 0.254339 0.073556
v -0.028064 0.242342 0.054527
v -0.015146 0.229168 -0.001757
v -0.032039 0.168157 0.033413
v -0.025607 0.177741 0.001826
v -0.063064 0.156374 0.044084
v -0.089614 0.169346 0.028179
v -0.099731 0.180118 -0.000678
v -0.076342 0.184439 -0.035653
v -0.035435 0.185273 -0.034899
v -0.010696 0.095451 -0.003043
v -0.018697 0.054854 0.053098
v 0.007351 0.037738 -0.006394
v -0.026916 0.116073 0.045825
v -0.07943 0.073394 0.081717
v -0.071733 0.115096 0.063136
v -0.138666 0.057052 0.057905
v -0.104688 0.123013 0.043651
v -0.139737 0.03929 -0.010957
v -0.114616 0.098073 -0.000175
v -0.106236 0.041544 -0.069757
v -0.093578 0.09498 -0.045288
v -0.023781 0.047729 -0.079585
v -0.030526 0.076883 -0.057473
v -0.090656 0.146867 0.000359
v -0.095193 0.163492 -0.000159
v -0.073492 0.14024 -0.029584
v -0.037652 0.139051 -0.030808
v -0.026618 0.161621 0.002438
v -0.02763 0.143501 0.00305
v -0.08524 0.150736 0.027971
v -0.087427 0.160041 0.028075
v -0.063292 0.151393 0.043679
v -0.063178 0.153884 0.043881
v -0.033252 0.148536 0.033256
v -0.032646 0.158347 0.033335
v -0.012258 0.137421 -0.002237
v -0.024262 0.147804 0.053041
v -0.110932 0.136838 -0.003159
v -0.107345 0.143874 0.042811
v -0.090419 0.13748 -0.047838
v -0.034483 0.140931 -0.055426
v -0.076432 0.330435 -0.070125
v -0.073229 0.335794 0.102486
v -0.074078 0.145244 0.063408
v 0.068122 0.718438 0.204942
v 0.088198 0.735906 0.184005
v 0.082646 0.684565 0.185005
v -0.024182 0.839465 0.165031
v -0.024016 0.865644 0.162729
v -0.015518 0.835263 0.156906
v -0.378227 0.59962 -0.005727
v -0.406466 0.592279 0.061408
v -0.404165 0.595446 -0.018459
v -0.376227 0.59962 0.031474
v -0.376227 0.657112 0.03744
v -0.415034 0.640366 0.103577
v -0.391428 0.631557 0.086152
v -0.376227 0.628866 0.047836
v -0.376227 0.657112 -0.003356
v -0.400575 0.630528 -0.037782
v -0.378227 0.632818 -0.025124
v -0.430113 0.628866 0.136315
v -0.459402 0.643501 0.100142
v -0.464011 0.636523 0.122546
v -0.440727 0.626566 0.170697
v -0.463957 0.628866 0.158944
v -0.503981 0.656817 0.064923
v -0.502242 0.646103 0.100992
v -0.500042 0.61705 0.093777
v -0.465213 0.599596 0.100142
v -0.464011 0.600263 0.122546
v -0.465584 0.602314 0.154181
v -0.438965 0.604196 0.169323
v -0.430113 0.599179 0.136315
v -0.412734 0.594996 0.103577
v -0.505442 0.634101 0.064861
v -0.50398 0.622879 -0.042748
v -0.504839 0.643646 -0.04852
v -0.503935 0.65816 -0.015597
v -0.50386 0.658914 0.02779
v -0.503346 0.622947 -0.015803
v -0.503117 0.627662 0.024832
v -0.320497 0.660182 0.036739
v -0.320497 0.661799 -0.001049
v -0.320534 0.629128 0.05009
v -0.31888 0.601074 0.027739
v -0.30488 0.597457 -0.012283
v -0.309374 0.629629 -0.033635
v -0.072021 0.043856 -0.068623
v -0.058125 0.069558 -0.006932
v -0.022145 0.043856 -0.053169
v -0.004872 0.043154 0.008231
v -0.051713 0.064793 0.08116
v -0.0187 0.038622 0.080645
v -0.069909 0.001749 -0.078932
v -0.015033 0.001749 -0.063479
v -0.110282 0.001749 -0.044212
v -0.017891 0.001983 0.078923
v -0.16443 0.001749 0.081645
v -0.129932 0.001749 0.015826
v 0.000128 0.001983 0.005231
v -0.1824 0.001749 0.171365
v -0.014621 0.001983 0.209364
v -0.055643 0.080495 0.166361
v -0.097647 0.064559 0.075707
v -0.122511 0.070027 0.170454
v -0.156129 0.038622 0.083463
v -0.176411 0.038856 0.172274
v -0.116898 0.038856 0.012489
v -0.105349 0.043856 -0.038149
v -0.014621 0.044559 0.209364
v -0.156578 0.001749 0.258055
v -0.049555 0.001983 0.28855
v -0.107549 0.001983 0.306692
v -0.113584 0.059793 0.244913
v -0.100554 0.039559 0.302386
v -0.074578 0.070261 0.246405
v -0.048681 0.044793 0.282919
v -0.150579 0.038856 0.258912
v -0.111887 0.734988 -0.112287
v 0.061564 0.069558 -0.006932
v 0.07546 0.043856 -0.068623
v 0.025584 0.043856 -0.053169
v 0.008311 0.043154 0.008231
v 0.055153 0.064793 0.08116
v 0.022139 0.038622 0.080645
v 0.073348 0.001749 -0.078932
v 0.018472 0.001749 -0.063479
v 0.113721 0.001749 -0.044212
v 0.16787 0.001749 0.081645
v 0.021331 0.001983 0.078923
v 0.133371 0.001749 0.015826
v 0.003311 0.001983 0.005231
v 0.18584 0.001749 0.171365
v 0.018061 0.001983 0.209364
v 0.101087 0.064559 0.075707
v 0.059082 0.080495 0.166361
v 0.12595 0.070027 0.170454
v 0.159568 0.038622 0.083463
v 0.179851 0.038856 0.172274
v 0.120337 0.038856 0.012489
v 0.108788 0.043856 -0.038149
v 0.018061 0.044559 0.209364
v 0.160017 0.001749 0.258055
v 0.052995 0.001983 0.28855
v 0.110989 0.001983 0.306692
v 0.103993 0.039559 0.302386
v 0.117024 0.059793 0.244913
v 0.078017 0.070261 0.246405
v 0.05212 0.044793 0.282919
v 0.154018 0.038856 0.258912
v -0.602767 0.652423 0.06629
v -0.605451 0.645313 0.091665
v -0.56358 0.654171 0.065204
v -0.564724 0.646429 0.097955
v -0.532658 0.655694 0.065518
v -0.531853 0.646175 0.099921
v -0.591224 0.629588 0.074792
v -0.591847 0.626482 0.085012
v -0.555467 0.626746 0.088022
v -0.534934 0.625228 0.090316
v -0.555601 0.632571 0.072567
v -0.534488 0.633605 0.071433
v -0.602534 0.626058 0.053322
v -0.56422 0.631657 0.054831
v -0.580792 0.652089 0.060967
v -0.616032 0.6438 0.058694
v -0.537351 0.656885 0.063007
v -0.551587 0.632554 0.055975
v -0.537802 0.656918 0.028841
v -0.580841 0.652733 0.030199
v -0.61647 0.643764 0.032379
v -0.603813 0.626572 0.040753
v -0.564672 0.630713 0.037027
v -0.55192 0.630615 0.035627
v -0.533751 0.656689 -0.01353
v -0.534484 0.657951 0.02327
v -0.567531 0.652231 -0.011092
v -0.568163 0.65278 0.020714
v -0.604234 0.646733 -0.008826
v -0.605079 0.646658 0.016155
v -0.595034 0.628075 -0.002646
v -0.594596 0.629294 0.011337
v -0.555428 0.632309 -0.002515
v -0.555295 0.632975 0.013958
v -0.542532 0.63178 -0.003644
v -0.542614 0.632892 0.014899
v -0.530202 0.645527 -0.047184
v -0.534959 0.626496 -0.039152
v -0.548979 0.627619 -0.037759
v -0.560953 0.646293 -0.044468
v -0.572693 0.629914 -0.036283
v -0.582943 0.645571 -0.040993
v -0.529439 0.656985 -0.017825
v -0.560768 0.653901 -0.019072
v -0.583466 0.651466 -0.020774
v -0.571937 0.633145 -0.022491
v -0.548475 0.632764 -0.021899
v -0.533949 0.631095 -0.020991
v 0.436055 0.604545 0.033328
v 0.425055 0.606803 -0.024402
v 0.394627 0.637632 0.06709
v 0.422967 0.652501 -0.018847
v 0.424967 0.652501 0.042139
v 0.421832 0.631816 -0.041751
v 0.415266 0.602762 0.097184
v 0.603363 0.633824 0.083251
v 0.601948 0.638921 0.060998
v 0.565244 0.643289 0.058103
v 0.564502 0.637517 0.086111
v 0.530254 0.644916 0.056277
v 0.529818 0.639745 0.086911
v 0.494755 0.641168 0.088179
v 0.495613 0.649116 0.05464
v 0.432935 0.630632 0.136722
v 0.462206 0.636091 0.114955
v 0.451321 0.641067 0.085257
v 0.415266 0.630632 0.098184
v 0.436136 0.630632 0.16601
v 0.460223 0.630632 0.151711
v 0.494678 0.616218 0.07896
v 0.456539 0.609762 0.085257
v 0.589046 0.617023 0.061757
v 0.589324 0.613704 0.077708
v 0.555327 0.613986 0.078374
v 0.531274 0.614864 0.079385
v 0.462206 0.610238 0.114955
v 0.461006 0.614979 0.151928
v 0.436136 0.609762 0.16601
v 0.432935 0.604545 0.136722
v 0.556222 0.620209 0.059396
v 0.531791 0.621315 0.059211
v 0.498175 0.621844 0.054574
v 0.49569 0.614964 0.014305
v 0.496612 0.609855 -0.046402
v 0.497531 0.633044 -0.052569
v 0.560976 0.619233 0.044858
v 0.603913 0.614251 0.043246
v 0.578683 0.641064 0.050414
v 0.616335 0.632208 0.047986
v 0.532268 0.646188 0.052594
v 0.547479 0.620191 0.04508
v 0.496484 0.650356 0.017465
v 0.53275 0.646223 0.018588
v 0.578735 0.641752 0.02004
v 0.616803 0.632169 0.022369
v 0.60428 0.6138 0.028316
v 0.561459 0.618225 0.025335
v 0.547834 0.618119 0.024839
v 0.496564 0.649551 -0.019892
v 0.495935 0.609927 -0.020112
v 0.528422 0.645979 -0.017683
v 0.529205 0.647327 0.015636
v 0.565189 0.641803 0.013905
v 0.564514 0.641215 -0.015078
v 0.604633 0.635261 0.009034
v 0.60373 0.635341 -0.012657
v 0.5929 0.615406 -0.007054
v 0.593431 0.616708 0.004886
v 0.551583 0.61993 -0.007914
v 0.55144 0.620641 0.006687
v 0.537803 0.619364 -0.00812
v 0.537891 0.620552 0.007692
v 0.524629 0.634052 -0.050141
v 0.529712 0.614719 -0.039559
v 0.557486 0.634872 -0.047239
v 0.544692 0.615918 -0.038071
v 0.57003 0.618371 -0.036494
v 0.580981 0.6341 -0.043526
v 0.523814 0.646295 -0.021272
v 0.557288 0.643 -0.022605
v 0.58154 0.640398 -0.024423
v 0.569222 0.621823 -0.023258
v 0.544154 0.621415 -0.022625
v 0.528633 0.619632 -0.021655
v 0.07453 0.78445 0.182803
v 0.031198 0.873646 0.157775
v 0.039456 0.862643 0.152729
v 0.025641 0.829463 0.16044
v 0.036957 0.833263 0.156906
v 0.021132 0.868122 0.15859
v 0.027622 0.839465 0.165031
v 0.027456 0.865644 0.162729
v 0.018957 0.835263 0.156906
v -0.054183 0.812632 -0.22289
v -0.090626 0.794586 -0.133426
v -0.063217 0.751747 -0.153955
v -0.112942 0.744408 -0.197553
v 0.126799 0.741222 -0.132226
v 0.084884 0.762121 -0.138776
v 0.110581 0.703964 -0.195048
v 0.082236 0.719037 -0.130795
v 0.009013 0.788252 -0.156128
v 0.039029 0.7241 -0.171066
v 0.066526 0.765367 -0.1675
v 0.041517 0.758747 -0.248385
v 0.129707 0.675345 -0.138593
v -0.180154 0.72996 -0.047478
v -0.042255 0.641206 -0.07958
v 0.024171 0.649468 -0.113926
v -0.156633 0.492195 0.038478
v -0.16795 0.48616 0.02722
v -0.157517 0.373062 0.052186
v -0.143972 0.492868 0.037445
v -0.136191 0.490987 0.029758
v -0.138562 0.479174 0.010237
v -0.149415 0.476071 0.006085
v -0.163554 0.476831 0.013843
v -0.175778 0.321089 0.062304
v -0.16191 0.326101 0.088704
v -0.164793 0.360953 0.105731
v -0.19042 0.350204 0.067497
v -0.145447 0.325089 0.084717
v -0.143082 0.358114 0.104941
v -0.134436 0.315859 0.054108
v -0.124668 0.346792 0.053036
v -0.139302 0.30677 0.022611
v -0.127138 0.337337 -6.7e-005
v -0.150971 0.303435 0.007911
v -0.141717 0.331603 -0.028627
v -0.16191 0.304226 0.010989
v -0.166108 0.332692 -0.02696
v -0.17566 0.311383 0.031526
v -0.193543 0.342914 0.026014
v -0.165235 0.386315 0.101585
v -0.188462 0.378604 0.066857
v -0.141403 0.383927 0.100574
v -0.121075 0.374831 0.048941
v -0.125464 0.368111 -0.005013
v -0.141337 0.375562 -0.031438
v -0.166674 0.375334 -0.032643
v -0.192728 0.370553 0.02167
v -0.165413 0.4169 0.077946
v -0.180425 0.409813 0.054016
v -0.144191 0.415033 0.081496
v -0.130402 0.409946 0.038122
v -0.126138 0.402873 -0.000568
v -0.140796 0.396179 -0.022779
v -0.166001 0.395719 -0.027314
v -0.184043 0.406096 0.013783
v -0.166039 0.443536 0.042979
v -0.148789 0.44121 0.049616
v -0.13793 0.437204 0.03413
v -0.140788 0.436453 0.024237
v -0.153722 0.437366 0.017869
v -0.165841 0.440968 0.023392
v -0.153679 0.30185 0.045335
v -0.170304 0.466192 0.031417
v -0.172356 0.454427 0.03661
v -0.160962 0.458472 0.051493
v -0.159311 0.467391 0.047205
v -0.130163 0.461821 0.026579
v -0.129227 0.448632 0.031843
v -0.133676 0.444746 0.018381
v -0.154747 0.461218 0.010601
v -0.15871 0.444704 0.009617
v -0.169732 0.448565 0.017663
v -0.166757 0.463375 0.017365
v -0.13329 0.45342 0.045135
v -0.144312 0.457281 0.053181
v -0.144938 0.443245 0.009891
v -0.143764 0.466183 0.047485
v -0.134632 0.464026 0.04072
v -0.139639 0.460377 0.010028
v -0.148867 0.451792 0.027751
v 0.072377 0.614223 0.044707
v 0.065142 0.625394 -0.02922
v 0.065142 0.647713 -0.022135
v 0.068377 0.605223 -0.027369
v -0.061703 0.625394 -0.02922
v -0.061703 0.647713 -0.022135
v -0.064937 0.605223 -0.027369
v -0.068937 0.614223 0.044707
v 0.004421 0.831532 0.116025
v -0.010457 0.900202 0.096535
v -0.029821 0.890555 0.108587
v -0.029082 0.828001 0.125091
v -0.02656 0.916992 0.089342
v -0.05167 0.884034 0.083415
v -0.053022 0.816134 0.093582
v 0.013896 0.900202 0.096535
v -0.000981 0.831532 0.116025
v 0.03326 0.890555 0.108587
v 0.032522 0.828001 0.125091
v 0.029999 0.916992 0.089342
v 0.05711 0.883964 0.081417
v 0.056462 0.816134 0.093582
v -0.098346 0.756694 0.120727
v 0.101786 0.754694 0.120727
v 0.101786 0.756694 0.120727


vn 0.000697324 0.249227 0.968446
vn 0.426565 -0.504151 0.750926
vn 0.503835 0.686376 0.524461
vn 2.30489e-006 0.237194 0.971467
vn 0.0116017 0.993038 -0.117263
vn 0.0591996 0.995977 -0.067335
vn -0 0.970152 -0.2425
vn 7.63768e-007 -0.963638 0.267238
vn -0 -0.970144 0.242536
vn 0.181625 -0.955887 0.23088
vn 0.853749 0.334855 0.398751
vn 0.916094 0.372984 0.147164
vn 0.0468078 0.998635 -0.0232733
vn 0.0182225 0.99834 -0.0546795
vn 0.264543 -0.957469 0.115213
vn 0.287492 -0.957481 0.0242176
vn 0.894326 0.372779 -0.247421
vn 0.79923 0.40868 -0.440704
vn 0.00501598 0.999921 0.0120946
vn 0.016264 0.999633 0.0217152
vn 0.245168 -0.955116 -0.166314
vn 0.253021 -0.948697 -0.189641
vn 0.536807 0.435108 -0.722862
vn 0.210884 0.861846 -0.461269
vn 0.0229789 0.999365 0.0274468
vn 0.121661 -0.952848 -0.278015
vn 0.0655602 -0.955807 -0.286608
vn 0.00477327 0.473359 -0.880862
vn -0.00757881 0.470365 -0.882445
vn -0.000117642 0.999989 0.00535446
vn -0.000142488 1 0
vn 0.00589063 -0.953292 -0.302001
vn 0.00633612 -0.939781 -0.34174
vn -0.431541 -0.506453 0.746522
vn -0.494606 0.691958 0.525903
vn -0.00747126 0.992822 -0.11942
vn -0.199746 -0.949073 0.243645
vn -0.867772 0.26915 0.417779
vn -0.935021 0.321539 0.149544
vn 0.0169671 0.998387 -0.0542511
vn 0.0628156 0.995007 -0.0776494
vn -0.276101 -0.952126 0.131266
vn -0.29838 -0.953351 0.045756
vn -0.895982 0.354522 -0.267459
vn -0.782755 0.429122 -0.450727
vn 0.0268074 0.999588 0.0103392
vn -0.0154011 0.999749 0.0163615
vn -0.231013 -0.960082 -0.157763
vn -0.252898 -0.948665 -0.189968
vn -0.522745 0.47595 -0.707258
vn -0.200742 0.871146 -0.448127
vn -0.0236593 0.99937 0.0267255
vn -0.104072 -0.961683 -0.253649
vn -0.0452735 -0.965013 -0.258278
vn 0.520677 -0.834515 0.180227
vn 0.00249186 -0.998601 0.0529831
vn 0.018594 -0.238272 -0.97103
vn 0.945405 -0.296536 0.135276
vn -0.593613 -0.755768 0.276499
vn -0.929805 -0.33871 -0.144051
vn -0.521645 0.81321 -0.258045
vn 0.0190738 0.905817 -0.423251
vn 0.534429 0.807555 -0.249506
vn 0.004963 0.273402 0.961893
vn -0.0619447 0.0344924 0.997487
vn -0.0498949 0.208188 0.976817
vn -0.0144162 0.182934 0.983027
vn 0.0501045 0.160366 0.985796
vn 0.0621768 0.206104 0.97656
vn 0.0520828 0.272914 0.960633
vn -0.0587355 0.191605 0.979721
vn -0.0017456 0.272297 0.962223
vn -0.141749 0.336404 0.930997
vn -0.0499025 0.172595 0.983738
vn -0.953558 0.296063 -0.0556169
vn 0.92827 0.34566 -0.137325
vn 0.00501684 0.824972 0.565164
vn 0.486018 0.683829 0.544212
vn 0.657635 0.342343 0.671059
vn 0.619294 -0.00835018 0.785117
vn 0.408715 -0.337241 0.848077
vn -0.0532352 -0.528344 0.847363
vn -0.420387 -0.342704 0.840141
vn -0.67835 -0.066008 0.731768
vn -0.611091 0.33842 0.715581
vn -0.472255 0.646755 0.59891
vn -0.372448 0.705999 -0.602375
vn -0.640459 0.696677 -0.32321
vn -0.718554 0.663952 -0.207032
vn -0.132939 0.670788 -0.729647
vn 0.323823 0.66664 -0.671367
vn 0.327485 0.642664 -0.692638
vn -0.228962 0.738862 0.633768
vn -0.729304 0.656938 0.191196
vn -0.492392 0.709321 0.504402
vn -0.765746 0.641376 0.047697
vn 0.32641 0.758719 0.563747
vn 0.152664 0.73538 0.660246
vn 0.569079 0.747794 0.341995
vn 0.65769 0.729131 0.189249
vn 0.64929 0.729835 -0.213957
vn 0.649747 0.721853 -0.238249
vn 0.37287 0.507002 0.777123
vn 0.383054 0.514912 0.766905
vn 0.614724 0.44243 0.652981
vn 0.621442 0.426162 0.657423
vn 0.967216 0.253467 -0.0159968
vn 0.960473 0.221383 -0.168777
vn 0.898473 0.324159 0.296111
vn 0.888957 0.331222 0.316314
vn 0.912166 0.121952 -0.391275
vn 0.83823 0.08705 -0.53833
vn 0.630031 -0.0118768 -0.776489
vn 0.461594 -0.0742018 -0.88399
vn 0.305167 -0.138511 -0.942172
vn 0.341443 -0.169886 -0.924424
vn -0.372866 0.507082 0.777073
vn -0.694544 0.425734 0.579975
vn -0.530242 0.465139 0.708875
vn -0.38305 0.514995 0.766853
vn -0.961742 0.262188 -0.0794825
vn -0.891647 0.349894 0.28731
vn -0.96157 0.260341 -0.0872713
vn -0.89962 0.357116 0.251325
vn -0.90693 0.124262 -0.402552
vn -0.83888 0.080038 -0.538402
vn -0.628998 -0.021269 -0.777116
vn -0.464421 -0.0806501 -0.881943
vn -0.307647 -0.140646 -0.94105
vn -0.341443 -0.169886 -0.924424
vn -0.135948 -0.943714 -0.301547
vn -0.788343 0.543628 0.288076
vn -0.508297 0.861155 -0.00782843
vn -0.971569 -0.0305 0.2348
vn -0.679873 0.307998 0.665522
vn 0.107118 0.910375 0.39971
vn 0.185469 0.697601 0.692074
vn 0.207193 0.599337 0.773222
vn -0.956253 0.025532 0.291436
vn 0.977428 -0.14527 -0.153411
vn 0.28644 -0.359741 0.888009
vn 0.941531 -0.169523 -0.291191
vn 0.941531 -0.169539 -0.291191
vn 0.941533 -0.169517 -0.291188
vn 0.941534 -0.169546 -0.291191
vn 0.937209 -0.184885 -0.295749
vn -0.296754 -0.0782012 0.951755
vn -0.34808 0.414293 0.840957
vn -0.0848445 0.0486568 0.995208
vn -0.32637 0.924671 0.196129
vn -0.675893 -0.736115 0.0362079
vn -0.887892 0.419566 0.188724
vn -0.619176 0.755978 -0.212432
vn -0.95574 -0.215258 0.200601
vn -0.59283 -0.352555 0.724062
vn -0.734896 -0.66295 0.142924
vn 0.96955 0.100279 -0.223434
vn 0.969153 -0.0252199 -0.245194
vn 0.969158 -0.0249455 -0.24519
vn -0.145904 -0.0318993 0.988791
vn -0.0584927 -0.339454 0.938807
vn -0.213331 -0.080753 0.973645
vn -0.333629 0.92966 0.156285
vn -0.306824 0.940414 0.146622
vn -0.4177 0.907643 0.0414383
vn 0.0713199 0.318756 0.945158
vn 0.24785 0.287966 0.925018
vn -0.974562 -0.0105268 0.223876
vn 0.121126 0.883712 0.452103
vn 0.0823789 0.947983 0.30748
vn 0.017267 0.800208 0.599486
vn -0.887819 -0.435582 0.148487
vn -0.210839 0.37228 0.903856
vn -0.0588638 0.602049 0.796295
vn -0.973923 -0.141932 0.177032
vn -0.824498 -0.492783 0.278154
vn -0.858028 -0.476936 -0.190615
vn -0.6847 0.251925 0.683904
vn -0.695794 0.715833 0.0587944
vn -0.473473 0.868091 0.149213
vn -0.463478 0.548337 -0.696088
vn -0.701834 -0.355632 -0.617235
vn 0.788343 0.543629 0.288077
vn 0.135948 -0.943716 -0.301547
vn 0.508297 0.861156 -0.00782878
vn 0.971569 -0.0305002 0.2348
vn 0.679873 0.307998 0.665523
vn -0.28644 -0.359742 0.888009
vn -0.193601 -0.953861 0.229509
vn 0.956253 0.0255321 0.291436
vn -0.207193 0.599337 0.773222
vn -0.185469 0.697601 0.692074
vn -0.107118 0.910375 0.39971
vn -0.941531 -0.169523 -0.291191
vn -0.941531 -0.169539 -0.291191
vn -0.941533 -0.169517 -0.291188
vn -0.941534 -0.169546 -0.291191
vn -0.937209 -0.184885 -0.29575
vn 0.34808 0.414294 0.840958
vn 0.296752 -0.0782006 0.951748
vn 0.0848445 0.0486568 0.995209
vn 0.32637 0.924673 0.196129
vn 0.887892 0.419567 0.188724
vn 0.52907 -0.846584 -0.0582709
vn 0.619176 0.75598 -0.212433
vn 0.95574 -0.215258 0.200601
vn 0.678774 0.202445 0.705895
vn -0.296867 -0.109941 0.948571
vn -0.96955 0.100279 -0.223434
vn -0.969153 -0.0252202 -0.245194
vn -0.969158 -0.0249455 -0.24519
vn 0.300832 0.453434 0.838992
vn 0.145904 -0.0318993 0.988791
vn 0.213331 -0.080753 0.973645
vn 0.4177 0.907645 0.0414383
vn -0.0713199 0.318756 0.945159
vn -0.24785 0.287966 0.925018
vn 0.974562 -0.0105273 0.223876
vn -0.0823789 0.947983 0.30748
vn -0.121126 0.883712 0.452103
vn -0.017267 0.800208 0.599487
vn 0.936239 -0.265527 0.230121
vn 0.210839 0.37228 0.903856
vn 0.0588638 0.602049 0.796295
vn 0.973923 -0.141932 0.177032
vn 0.824498 -0.492783 0.278154
vn 0.858028 -0.476936 -0.190614
vn 0.638535 0.617498 0.459322
vn 0.6847 0.251925 0.683904
vn 0.695794 0.715833 0.0587946
vn 0.473473 0.868091 0.149213
vn 0.463478 0.548337 -0.696088
vn 0.701834 -0.355631 -0.617235
vn 0.706184 -0.48958 0.51149
vn 0.448442 -0.42696 0.785246
vn -0.00116196 -0.930338 0.366717
vn 0.00205511 -0.384003 0.923332
vn 0.768068 -0.597471 0.230466
vn 0.701319 -0.710695 -0.0553617
vn 0.477324 -0.836582 -0.268902
vn -2.84293e-006 -0.924878 -0.380266
vn -0.446944 -0.429601 0.784665
vn -0.711241 -0.49707 0.497063
vn -0.771572 -0.596058 0.222256
vn -0.704826 -0.70768 -0.0491187
vn -0.477345 -0.836556 -0.268928
vn -0.969122 -0.0255379 -0.245283
vn -0.969175 -0.0249184 -0.245153
vn 0.969122 -0.0255379 -0.245283
vn 0.969175 -0.0249183 -0.245153
vn 0.00594992 0.975691 0.219071
vn -0 0.932022 0.362408
vn 0.433078 0.851927 0.294397
vn 0.512679 0.856327 0.062261
vn 0.735622 0.677152 0.0181605
vn 0.775888 0.575263 -0.258983
vn 0.660766 0.688935 -0.297945
vn 0.712617 0.451783 -0.53673
vn 0.52382 0.540575 -0.658326
vn 0.431802 0.327147 -0.840553
vn -0.0899324 0.303988 -0.948427
vn 0.092491 0.524214 -0.846553
vn 0.0072637 0.929317 -0.369215
vn -0.511277 0.857644 0.0552227
vn -0.43194 0.852752 0.293697
vn -0.771314 0.585039 -0.25062
vn -0.733087 0.679998 0.0141978
vn -0.667497 0.689032 -0.282283
vn -0.745239 0.419533 -0.51829
vn -0.487091 0.489299 -0.723422
vn -0.493846 0.246322 -0.833937
vn 0.621774 0.7832 -0.00218344
vn -0.00191275 0.911613 -0.411062
vn 0.331999 0.92937 0.161436
vn 0.330395 0.473873 -0.816266
vn 0.609064 0.502044 -0.613998
vn 0.74611 0.144985 0.649852
vn -3.36631e-006 0.421635 0.906781
vn -0.411955 0.89761 0.156817
vn 0.888136 0.14845 0.43495
vn 0.714858 -0.371219 -0.592607
vn 0.845455 -0.246189 -0.47393
vn -0.00055127 -0.376762 -0.926324
vn -0.34196 0.465832 -0.816136
vn -0 -0.611016 0.79162
vn 0.569299 -0.476843 0.669723
vn 0.314592 -0.941597 0.120149
vn 6.79707e-009 -0.984135 -0.177426
vn -0.542216 0.836811 -0.0759077
vn -0.617938 0.497666 -0.608678
vn -0.681452 -0.000133367 0.731875
vn -0.875095 0.356021 0.327838
vn -0.717532 -0.378815 -0.584524
vn -0.845455 -0.246189 -0.47393
vn -0.569299 -0.476843 0.669723
vn -0.314592 -0.941597 0.120149
vn -0.297987 0.0998023 0.949341
vn 7.53687e-006 0.197174 0.980369
vn 3.49359e-006 0.187047 0.982353
vn -0.409998 0.213851 0.886671
vn -0.294748 0.950017 -0.102965
vn -0.359902 0.863708 -0.352836
vn 0.0144917 0.936563 -0.350217
vn 1.09379e-005 0.743317 0.668948
vn -0.379469 0.925169 -0.00816252
vn 3.91591e-009 1 -0.000396231
vn -0 0.850023 0.526761
vn -0.499726 0.566162 0.655543
vn -0 0.15695 0.987611
vn -0.411453 -0.0425893 0.910437
vn 2.61257e-009 -0.391531 0.92017
vn -0.517974 -0.440102 0.733496
vn -0.537852 -0.778289 0.324008
vn -0 -0.996531 0.0833308
vn -2.69792e-009 -0.804886 0.593431
vn -0.460112 -0.887866 -0.00181558
vn -0 -0.990293 -0.138999
vn -0.541186 -0.839683 -0.0453818
vn -0.30623 0.950719 0.0485831
vn -0.739798 0.628945 -0.239038
vn -0.831914 0.539625 0.129374
vn -0.81042 0.0861196 0.57949
vn -0.878147 -0.348433 0.327818
vn -0.795958 -0.603767 0.0438341
vn -0.708854 -0.396033 0.583698
vn -0.655608 0.511042 0.555894
vn -0.997671 0.0352671 -0.0584621
vn -0.966325 0.100216 0.237017
vn -0.286416 0.368085 0.884587
vn 0.188086 0.309314 0.932181
vn -0.0322037 0.3922 0.919323
vn -0.392355 0.428643 0.813841
vn -0.724357 0.248768 0.642988
vn -0.397204 -0.730122 0.556016
vn -0.376945 -0.764029 0.523622
vn -0.416433 -0.69432 0.586968
vn -0.766756 0.274322 0.580386
vn -0.681896 0.56084 0.469551
vn -0.130013 0.846345 0.516541
vn -0.649485 0.123151 0.750339
vn -0.767066 0.137976 0.626562
vn -0.43568 0.176193 0.882695
vn -0.58974 0.387363 0.708633
vn -0 0.43725 0.899346
vn -0.887997 0.0567728 0.456331
vn -0.916277 0.399646 0.0268677
vn -0.781576 0.175744 0.598554
vn -0.788228 0.344671 0.509809
vn -0.645458 0.180589 0.742145
vn -0.792942 -0.513366 0.328184
vn -0.720148 -0.201166 0.66402
vn -0.921627 -0.299446 0.246874
vn -0.545502 -0.760575 -0.352074
vn -0.829909 -0.516291 -0.211419
vn -0.298868 -0.840954 -0.451089
vn -0.293454 -0.812347 -0.503964
vn -0.611798 -0.78661 0.0834001
vn -0.518014 -0.604267 0.605423
vn 1.68213e-006 -0.584553 0.811355
vn -0.401291 -0.310871 0.861586
vn 1.79959e-006 -0.383648 0.923482
vn 1.01392e-006 -0.201425 0.979505
vn -0.564126 -0.0523362 0.824034
vn -0.35226 -0.925849 0.136835
vn -0.725298 0.669158 0.161806
vn -0.973602 0.214948 0.0768079
vn -0.974587 0.0869724 0.206453
vn -1.00001 0 0
vn -0.942732 0.320728 -0.0916424
vn -1 0 0
vn -0.969013 0.0484488 0.242253
vn -0.9657 0.0336174 0.257484
vn -0.991437 -0.0156024 0.1297
vn -0.997984 -0.014835 -0.0617198
vn -0.987932 0.0638882 0.141121
vn -0.966529 0.245286 -0.0752758
vn -0.860857 0.227247 -0.455287
vn -0.936374 0.322881 0.137715
vn -0.959713 0.131027 0.248569
vn -1.00001 0 0
vn -0.267919 0.959318 0.0890664
vn -0.60969 0.727457 -0.314791
vn -0.793409 0.603578 0.0787312
vn 0.290613 0.888882 0.354168
vn 0.324549 -0.663068 -0.674544
vn 0.55091 -0.505809 -0.66382
vn -0.026598 0.737025 -0.675353
vn -0.242789 0.570714 -0.784453
vn -0.374523 0.731832 -0.569348
vn -0.733029 0.323018 -0.598609
vn -0.176129 0.433934 0.883563
vn -0.174659 0.878419 -0.444848
vn 0.000370187 -0.864126 0.503283
vn -0.682 -0.730652 0.0321176
vn -0.178522 -0.905521 -0.384921
vn 0.153417 -0.868908 0.470615
vn 0.233929 0.952467 0.195174
vn -0.325256 0.854795 0.404408
vn 0.616925 0.77808 0.11834
vn 0.166049 0.913141 -0.372308
vn -0.772285 -0.396812 0.496102
vn -0.727974 0.447528 0.519408
vn -0.974509 0.217695 0.0543089
vn -0.652866 0.0147442 -0.757344
vn -0.721531 -0.692301 0.0113536
vn -0.0579434 -0.0380178 -0.997602
vn -0.0318503 -0.742671 0.668905
vn -0.637929 0.691738 0.338468
vn -0.85766 -0.367878 0.359308
vn -0.582902 0.767967 -0.265437
vn -0.818274 0.220703 0.530783
vn -0.534286 -0.668259 0.517666
vn -0.969256 -0.246042 0.0029583
vn -0.924682 0.00435941 -0.380731
vn -0.267418 -0.90474 -0.331571
vn -0.0943645 -0.877753 -0.469743
vn -0.223454 -0.798985 -0.558305
vn -0.477624 -0.714894 -0.510698
vn 7.96728e-006 0.22388 -0.974621
vn -0.688132 0.170196 -0.705349
vn 6.94526e-006 0.318042 -0.948083
vn -0.866774 0.108229 -0.486824
vn -0.993876 0.108446 -0.0213022
vn -0.943923 0.0683961 0.323022
vn -0.663214 -0.000597292 0.74843
vn -0.450717 -0.0538448 0.891043
vn 3.05861e-006 -0.0647271 0.997904
vn -0 -0.0768865 0.997044
vn -0.970936 0.167455 -0.17104
vn -0.909763 -0.310569 -0.275475
vn -0.98279 -0.182822 -0.0265086
vn -0.909478 -0.348428 0.226835
vn -0.0216856 -0.863216 -0.504374
vn -0.00395745 -0.627634 -0.778502
vn -0.0209371 -0.708379 -0.705527
vn -0.0132922 -0.973633 -0.227754
vn -0.89816 0.304951 0.316728
vn -0.933021 0.306036 0.189285
vn -0.950401 -0.148903 -0.273067
vn -0.752651 -0.45687 -0.47413
vn 0.531492 -0.831444 -0.16195
vn 0.286594 -0.88133 -0.375678
vn 0.876441 -0.130415 -0.463518
vn 0.0521477 -0.550557 -0.833182
vn -0.19816 -0.96624 -0.164685
vn -0.0756102 -0.866278 0.493819
vn -0.105218 -0.699461 -0.706889
vn -0.192975 -0.810793 0.552618
vn 0.00164383 0.659894 0.751364
vn 0.00644248 0.825357 0.564588
vn -0.115345 0.554551 0.824126
vn 0.144065 0.928926 0.341094
vn 0.0281059 0.985289 -0.168594
vn 0.0268806 0.892752 -0.449767
vn -0.0754794 0.360375 -0.929749
vn -0.0627984 0.329782 -0.941976
vn 0.0130818 -0.495023 0.868789
vn -0.106917 -0.559663 0.821804
vn -0.174149 0.813495 0.554901
vn -0.0758408 0.559924 0.825071
vn -0.113646 0.951412 -0.286183
vn -0.244898 0.906676 -0.343483
vn 0.13199 -0.706164 -0.695641
vn -0.0487605 -0.830954 -0.554204
vn 0.0220229 -0.874212 0.485049
vn -0.0393612 -0.985633 0.164288
vn -0.00254006 -0.121287 -0.992618
vn -0.0384681 -0.614738 0.787794
vn -0.0873843 -0.42553 0.900722
vn -0.0361338 -0.403668 0.914195
vn -0.0119136 0.635734 0.771817
vn -0.101732 0.855341 0.507988
vn 0.00929201 0.972982 0.230707
vn 0.0500283 0.798693 0.599656
vn 0.0254574 0.957784 -0.286373
vn -0.00836175 0.73031 -0.683074
vn 0.0734265 0.111059 -0.991098
vn 0.131455 -0.828713 -0.544037
vn 0.138387 0.383375 -0.913173
vn 0.0946006 -0.843488 0.528756
vn 0.0933747 -0.52228 0.847654
vn 0.117706 0.431296 0.894503
vn -0.0502426 0.409108 0.911106
vn 0.103722 0.631919 0.768065
vn 0.216284 0.956732 0.194657
vn 0.163995 0.881251 -0.4433
vn 0.229191 0.879437 -0.417208
vn -0.310621 0.354628 -0.881907
vn -0.253514 0.140606 -0.957061
vn -0.30626 0.197979 -0.931141
vn -0.338395 0.53035 -0.777317
vn -0.734902 0.284059 -0.615826
vn -0.730189 0.268599 -0.628246
vn -0.871381 0.360766 -0.332495
vn -0.855264 0.511386 0.0837672
vn -0.804109 0.575279 0.149874
vn -0.680701 0.699369 0.218036
vn -0.00528844 0.996842 -0.0792348
vn -0.316431 0.940737 0.122092
vn -0.314741 0.94102 0.124245
vn -0.313051 0.941303 0.126398
vn -0.305317 0.912625 -0.271847
vn -0.332298 0.915156 -0.228185
vn 0.00528886 0.996847 -0.0792337
vn 0.127328 0.786958 -0.603737
vn -0.340794 0.662292 -0.667262
vn -0.127325 0.786954 -0.603732
vn -0.736025 0.473892 0.48342
vn -0.580045 0.62184 0.526186
vn -0.306092 0.757591 0.576514
vn 0.0672674 0.851001 0.520848
vn -0.368992 0.770081 0.52042
vn 4.48323e-006 0.762062 0.647507
vn -1 0 0
vn 0.297998 0.0997962 0.949339
vn 0.410006 0.213856 0.886663
vn 0.303941 0.948131 -0.0931827
vn 0.424729 0.844842 -0.325353
vn 0.352568 0.935787 0.00226461
vn 0.499726 0.566162 0.655543
vn 0.411453 -0.0425893 0.910437
vn 0.517974 -0.440102 0.733496
vn 0.537852 -0.77829 0.324008
vn 0.460112 -0.887866 -0.00181556
vn 0.541186 -0.839684 -0.0453818
vn 0.759427 0.599595 -0.252527
vn 0.306065 0.949742 0.065757
vn 0.805373 0.588932 0.0673491
vn 0.81042 0.0861196 0.57949
vn 0.878149 -0.348429 0.327814
vn 0.795968 -0.603763 0.0438331
vn 0.997052 0.0441968 -0.062848
vn 0.726572 0.56102 0.396681
vn 0.966333 0.100215 0.237008
vn 0.766755 0.27431 0.580386
vn 0.649758 0.593501 0.474953
vn 0.762338 0.142381 0.631328
vn 0.649469 0.123133 0.750356
vn 0.137543 0.741084 0.657188
vn 0.589742 0.387371 0.708634
vn 0.435677 0.176184 0.882699
vn 0.881557 0.0147328 0.471855
vn 0.916025 0.401061 0.00714725
vn 0.77601 0.181189 0.604145
vn 0.788239 0.344659 0.509803
vn 0.645451 0.180585 0.742149
vn 0.720148 -0.201173 0.664021
vn 0.792939 -0.513377 0.32818
vn 0.921627 -0.299451 0.246868
vn 0.553912 -0.755703 -0.349429
vn 0.298878 -0.840948 -0.451085
vn 0.829911 -0.516288 -0.211416
vn 0.620843 -0.777269 0.102028
vn 0.291428 -0.820441 -0.491887
vn 0.518014 -0.604269 0.60542
vn 0.401289 -0.310876 0.861586
vn 0.564123 -0.0523451 0.824036
vn 0.708852 -0.396023 0.583692
vn 0.349018 -0.924149 0.155406
vn 0.690063 0.704414 0.166224
vn 0.934107 0.30231 0.189892
vn 0.975747 0.207955 0.0684299
vn 0.81118 0.119452 0.572474
vn 0.808702 0.119738 0.575915
vn 0.804959 0.118957 0.581293
vn 0.695301 0.124118 0.707927
vn 0.758479 0.122864 0.640012
vn 0.74681 0.117346 0.654604
vn 0.717351 0.136634 0.683193
vn 1.00001 0 0
vn 0.942732 0.320728 -0.0916424
vn 1.00001 0 0
vn 0.981709 0.00325279 0.190392
vn 0.985176 0.0336493 0.168253
vn 0.987914 -0.0528073 0.145761
vn 0.966995 0.24451 -0.0717283
vn 0.991996 0.036296 0.120998
vn 0.996219 -0.00937854 -0.0864023
vn 0.860826 0.227317 -0.455308
vn 0.936503 0.322238 0.138321
vn 0.956559 0.143388 0.253866
vn 0.997639 -0.0502979 0.0468448
vn 0.535379 0.811352 -0.234695
vn 0.679175 0.684786 0.264186
vn 0.859831 0.51042 -0.0127366
vn -0.231954 -0.578228 -0.782213
vn 0.268114 -0.658695 -0.703027
vn 0.256422 0.0810953 -0.963165
vn -0.770086 -0.264221 -0.580659
vn 0.11928 -0.913631 -0.388658
vn 0.0751412 -0.90198 -0.425189
vn 0.17521 -0.93389 -0.311703
vn 0.500001 -0.742054 -0.446504
vn 0.688132 0.170195 -0.705351
vn 0.866764 0.108229 -0.486839
vn 0.99388 0.108447 -0.0213144
vn 0.943919 0.0683997 0.323028
vn 0.663211 -0.000592876 0.748442
vn 0.450719 -0.0538393 0.891045
vn 0.895144 -0.384704 -0.22523
vn 0.982824 0.164574 -0.0835124
vn 0.982793 -0.182816 -0.0265083
vn 0.0216859 -0.863217 -0.504375
vn 0.392735 0.732355 -0.556258
vn 0.00589092 0.189264 -0.981909
vn -0.261574 0.754267 -0.602218
vn 0.603587 -0.0130209 -0.797199
vn -0.0349727 -0.555785 -0.830598
vn 0.407869 -0.724147 -0.556119
vn -0.28658 -0.881334 -0.375678
vn 0.133692 -0.969828 -0.20388
vn -0.531483 -0.831452 -0.161959
vn -0.815876 0.548846 0.181981
vn -0.865055 0.319545 0.386759
vn -0.183485 0.86203 0.472483
vn -0.884969 -0.103976 -0.453899
vn -0.509702 0.850461 -0.130098
vn 0.679496 -0.607799 -0.410946
vn 0.971404 -0.208277 -0.114019
vn 0.421319 -0.708762 -0.56583
vn 0.990897 0.134622 0.000504951
vn -0.158047 0.503636 -0.849342
vn -0 0 0
vn -0.577355 -0.577355 -0.577355
vn 0.174339 -0.497304 0.849887
vn 9.42589e-007 0.162044 -0.986787
vn 0.358226 -0.0462926 -0.932491
vn 0.446542 0.228739 -0.865037
vn -0.00981479 0.163692 -0.986468
vn 0.170098 0.435717 0.883869
vn -0 0.510212 0.860054
vn -0.00869968 0.399258 0.916801
vn 0.671665 0.22959 0.70439
vn 0.498978 0.30253 0.812096
vn -0.0176927 0.303697 0.952608
vn -0.292653 0.437034 0.850515
vn -0 0 1
vn -0.707108 0 -0.707108
vn 0.297417 -0.435278 -0.849763
vn 0.707108 0 0.707108
vn -0.894438 -0.447219 0
vn 0.906824 0.323283 0.270488
vn 0.962609 0.243116 0.11954
vn 0.888106 0.0808362 -0.452489
vn 0.868112 0.281502 -0.408842
vn -0.882119 -0.44106 -0.165397
vn -0.424004 0.848008 -0.318003
vn 0.31062 0.354676 -0.881894
vn 0.338396 0.530375 -0.777305
vn 0.306256 0.198051 -0.931119
vn 0.25351 0.140663 -0.957065
vn 0.734817 0.284209 -0.615856
vn 0.871297 0.360911 -0.33255
vn 0.730112 0.26878 -0.628249
vn 0.855226 0.511449 0.0838067
vn 0.340049 0.903216 0.261868
vn 0.316428 0.940728 0.122099
vn 0.332298 0.915156 -0.228185
vn 0.305317 0.912625 -0.271847
vn 0.340794 0.662286 -0.667266
vn 0.648052 0.311946 0.694786
vn 0.90289 0.35062 0.248726
vn -0.00765637 0.294623 0.955587
vn 1.00001 0 0
vn 0.539742 0.322054 -0.777798
vn 1.50529e-006 0.310802 -0.950475
vn 0.898437 0.332396 -0.286949
vn 0.0199985 0.26885 -0.962977
vn 0.739157 0.171924 0.651223
vn 0.52057 0.644886 0.559595
vn -0.54365 0.658748 0.52011
vn -0.825547 0.0454743 0.56251
vn -0.249326 -0.291872 0.923396
vn -0.625623 -0.370426 0.686576
vn 0.0187147 0.999772 -0.0104592
vn 0.815356 0.119534 0.566488
vn 0.815431 0.119994 0.566281
vn -0.808703 0.11975 0.575904
vn -0.811181 0.119463 0.572466
vn -0.804969 0.118971 0.581271
vn -0.758486 0.122871 0.640011
vn -0.695309 0.124123 0.707917
vn -0.746818 0.117355 0.654595
vn -0.717351 0.136634 0.683193
vn 0.0437206 0.150699 -0.987625
vn -0.356514 0.700342 -0.618408
vn 0.202934 0.717952 -0.665863
vn -0.530453 -0.00980487 -0.847664
vn -0.407851 -0.724145 -0.556131
vn -0.133683 -0.96983 -0.203886
vn 0.865057 0.319517 0.386765
vn 0.707139 0.679324 0.196188
vn 0.203847 0.78805 0.580891
vn 0.606878 0.718582 -0.339638
vn -0.00256417 0.998948 0.0458745
vn -0.815356 0.119544 0.56649
vn -0.815434 0.120003 0.566284
vn -0.721286 0.689871 0.062027
vn -0.630969 0.700236 0.333999
vn -0.158971 0.964803 -0.209488
vn 0.416767 0.90745 -0.0534216
vn 0.0967828 -0.89507 -0.435308
vn -0.106979 -0.810138 -0.576402
vn -0.051083 -0.762521 -0.644951
vn 0.578193 0.751475 -0.317798
vn 0.116707 0.866428 -0.485475
vn -0.395191 0.830875 -0.39177
vn 0.0511596 0.971165 -0.232858
vn 0.0218859 0.292637 -0.955977
vn -0.502341 0.623684 0.598903
vn 0.00221425 -0.7956 -0.605842
vn 0.0498282 -0.81607 -0.575806
vn 0.00941625 -0.803325 -0.595474
vn 0.38666 -0.674568 -0.628863
vn 0.141095 0.887229 0.439241
vn 0.092643 0.991705 0.0891476
vn -0.1757 0.910285 0.374868
vn 0.109902 -0.0377671 0.993228
vn -0 -0.981149 0.193258
vn -0.499619 -0.855776 0.134301
vn 0.235891 -0.276166 0.931715
vn -0.109902 -0.0377671 0.993227
vn 0.499619 -0.855776 0.134301
vn -0.235891 -0.276166 0.931715
vn 0.530828 0.846968 0.0295181
vn -0 1.00001 -0.00204353
vn -0.530828 0.846967 0.0295181
vn -0.429947 0.568725 0.701213
vn 0.680677 0.699391 0.218049
vn 0.80411 0.575283 0.149875
vn 0.736024 0.4739 0.483422
vn 0.580023 0.621861 0.526181
vn 0.3061 0.757586 0.576514
vn 0.429939 0.568752 0.7012
vn -0.536252 -0.351852 0.767226
vn -0.284459 0.168485 0.943773
vn -0.470339 0.392442 0.790427
vn -0.469885 -0.485261 0.737396
vn -0.738402 0.196145 0.645211
vn -0.579243 -0.326816 0.746773
vn -0.585148 -0.269018 0.765009
vn -0.700713 0.179426 0.690516
vn -0.433195 0.0548603 0.899631
vn 0.0190882 -0.0959121 0.995211
vn -0.897947 0.270412 0.34724
vn -0.738207 -0.0650944 0.671428
vn -0.993904 -0.00347718 -0.110266
vn -0.932498 0.332765 -0.140427
vn -0.917043 0.358056 -0.175609
vn 0.563492 0.452487 0.691189
vn -0.0436373 0.643319 0.764359
vn 0.560245 0.0166447 0.828166
vn 0.540681 -0.341638 0.768735
vn 0.480173 0.366181 0.797095
vn 0.469885 -0.485261 0.737396
vn 0.583954 -0.282531 0.761045
vn 0.687476 0.0917449 0.720388
vn 0.587495 -0.236116 0.774023
vn 0.741865 0.342392 0.576555
vn -0.0222934 -0.123343 0.992117
vn 0.420047 0.0247885 0.907179
vn 0.872737 0.249904 0.419401
vn 0.7067 -0.103467 0.699918
vn 0.999745 -0.00722551 -0.0218329
vn 0.94524 0.322774 -0.0483863
vn 0.935605 0.344808 -0.0758828
vn 0.0656813 0.605152 0.793397
vn -0.541043 0.429583 0.723018
vn 2.43146e-006 -0.872483 0.488661
vn -0.638808 0.105242 -0.762137
vn -0.645651 0.156089 -0.747522
vn -0.639605 0.124972 -0.758484
vn -0.844128 -0.49386 -0.208702
vn -0.634776 0.0519845 -0.770952
vn -0.500935 -0.570937 0.65046
vn -4.51697e-006 -0.184808 -0.982783
vn -0.536135 -0.0962195 -0.838638
vn 0.477357 0.731422 0.486998
vn -0.297298 -0.035097 0.954145
vn -0.201989 0.174318 0.963757
vn -0.47735 0.731429 0.487001
vn -0.831013 0.210458 0.514911
vn -0.934708 0.132495 0.329812
vn -0.928141 -0.240538 0.284097
vn -0.795463 0.496999 0.346751
vn -0.469236 -0.525132 0.709975
vn -0.467435 -0.746664 0.473286
vn 0.844132 -0.493863 -0.2087
vn 0.115297 -0.680625 0.723504
vn 0.645651 0.156108 -0.74751
vn 0.638813 0.105241 -0.762138
vn 0.639605 0.124982 -0.758478
vn 0.634783 0.0519808 -0.770949
vn 0.536135 -0.0962219 -0.838637
vn 0.50093 -0.570941 0.650462
vn 8.45217e-007 -0.00222389 1
vn -0.434351 -0.0737471 -0.897723
vn -0.44654 0.228742 -0.865035
vn -0.176486 0.429249 0.88578
vn -0.577979 0.297988 0.759705
vn -0.496666 0.316262 0.808276
vn -0.901417 0.329686 0.280643
vn -0.961826 0.244093 0.123798
vn -0.888104 0.0808444 -0.452496
vn -0.870701 0.274585 -0.408042
vn -0.975987 0.016399 0.21723
vn -0.792883 -0.239903 -0.560176
vn -0.183405 0.747925 0.637954
vn -0.363126 0.539769 0.759472
vn -0.433933 0.740585 0.51307
vn -0.503691 0.61563 0.606061
vn -0.551748 0.196059 0.810644
vn -0.424655 0.903239 0.0619416
vn -0.387387 0.888474 -0.246064
vn 2.13819e-006 0.745382 -0.666638
vn -0.629275 0.355392 0.691176
vn -0.90476 0.350352 0.24222
vn -0.543813 0.316831 -0.777111
vn -0.902772 0.317692 -0.289983
vn 0.790607 -0.183032 -0.584329
vn -0.80154 0.144481 0.580234
vn 0.766552 -0.171549 0.61885
vn -0.740413 0.265386 -0.617553
vn 0.219554 -0.195707 0.955772
vn -0.231685 0.250504 -0.939988
vn 0.355671 -0.0514831 -0.933195
vn -0.341893 0.0433526 0.938743
vn -0.628487 0.259468 0.733272
vn -0.713345 0.116944 0.690992
vn -0.384209 0.366921 0.847211
vn -0.823699 -0.00375824 0.567018
vn -0.853999 0.00136088 0.520295
vn -0.790833 -0.00886565 0.611974
vn 0.196479 0.483858 0.852811
vn 0.0995269 0.209069 0.972824
vn 0.0641336 -0.977761 0.199707
vn 0.181182 -0.94914 0.257518
vn 0.141555 -0.968437 0.205164
vn 0.048202 -0.984045 0.171324
vn 0.321095 -0.928205 0.18799
vn 0.380504 -0.905019 0.190183
vn 0.253244 -0.953057 -0.166025
vn 0.0394559 -0.981834 -0.185634
vn 0.0862109 -0.964274 -0.2505
vn -0.015103 -0.989337 -0.144887
vn -0.0546578 -0.997135 -0.0524314
vn -0.181181 -0.949139 0.257521
vn -0.0641336 -0.977761 0.199707
vn -0.141554 -0.968437 0.205164
vn -0.048202 -0.984045 0.171324
vn -0.321377 -0.927347 0.191723
vn -0.380819 -0.903688 0.195804
vn -0.242404 -0.957249 -0.157887
vn -0.0313498 -0.98249 -0.183693
vn -0.0741177 -0.966003 -0.247698
vn 0.015103 -0.989334 -0.144886
vn 0.0546578 -0.997135 -0.0524314
vn 0.257339 0.679444 -0.68712
vn 0.293882 -0.717215 -0.631863
vn -0.975371 0.215383 0.0478664
vn 0.732997 0.679628 0.0288291
vn -0.837336 0.538029 0.0969374
vn 0.252599 -0.443375 -0.860009
vn -0.130698 -0.738338 -0.661648
vn -0.677469 -0.52399 -0.516228
vn 0.715928 -0.294346 -0.633098
vn -0.185221 -0.0132319 -0.982608
vn 0.836492 -0.0714482 -0.543313
vn 0.886646 -0.0901573 -0.453588
vn 0.0756097 -0.866276 0.493818
vn 0.19816 -0.96624 -0.164685
vn 0.0907799 -0.7643 -0.638439
vn 0.192977 -0.81079 0.552617
vn -0.00644377 0.825356 0.564587
vn -0.00164383 0.659894 0.751364
vn 0.115344 0.554547 0.824123
vn -0.144064 0.928932 0.341095
vn -0.0167601 0.970443 -0.240749
vn -0.139208 0.961888 -0.235395
vn 0.104704 0.217165 -0.970507
vn 0.0627975 0.329779 -0.941968
vn -0.0130823 -0.495021 0.868788
vn 0.106919 -0.55966 0.821802
vn 0.174153 0.813491 0.5549
vn 0.0758438 0.559921 0.825073
vn 0.244902 0.906675 -0.343486
vn 0.113648 0.951419 -0.286186
vn 0.0211716 -0.828238 -0.559985
vn -0.121295 -0.71366 -0.689924
vn -0.0179343 -0.869432 0.493744
vn 0.0393616 -0.985635 0.164287
vn 0.00253976 -0.121289 -0.992619
vn 0.038467 -0.614737 0.787794
vn 0.089887 -0.42484 0.900795
vn 0.0361338 -0.403668 0.914195
vn 0.0119141 0.635734 0.771816
vn 0.101738 0.855338 0.507985
vn -0.00929038 0.972979 0.230706
vn -0.0699901 0.7934 0.604675
vn -0.0884801 0.947169 -0.308295
vn 0.00836131 0.730309 -0.683074
vn -0.0593362 -0.880585 -0.470174
vn -0.0576818 0.103839 -0.992929
vn -0.088228 0.304452 -0.948437
vn -0.0209423 -0.854531 0.51898
vn 0.000926704 -0.541229 0.840883
vn 0.0542291 0.408862 0.910987
vn -0.00841072 0.387516 0.921829
vn -0.0367499 0.636977 0.77001
vn -0.0250462 0.975259 0.219645
vn -0.16288 0.873119 -0.459503
vn 0.0035853 0.861046 -0.508517
vn 0.0692951 0.219033 0.973261
vn 0.106426 0.761227 0.639698
vn 0.12644 0.91074 -0.393157
vn -0.0939593 0.916366 -0.389161
vn -0.195316 0.0223616 -0.980489
vn 0.0756101 -0.0272441 -0.996769
vn 0.0873353 -0.963452 -0.253281
vn 0.0158955 -0.771893 -0.635555
vn 0.0522422 -0.82844 0.557649
vn -0.142342 -0.827053 0.543818
vn 0.0691335 -0.541454 0.837884
vn -0.690446 -0.411464 0.59498
vn -0.054242 0.258143 -0.964592
vn 0.976059 0.0139557 0.217068
vn 0.792883 -0.239903 -0.560176
vn 0.363137 0.539759 0.759469
vn 0.183409 0.747922 0.637951
vn 0.433944 0.740587 0.513068
vn 0.503704 0.615622 0.606049
vn 0.551872 0.20315 0.808813
vn 0.42466 0.90324 0.0619378
vn 0.387392 0.888476 -0.246063
vn -0.181325 0.942283 0.281497
vn -0.312849 0.420322 0.851743
vn 0.200984 0.979221 -0.027489
vn 0.360431 0.872212 0.330685
vn 0.799077 0.578013 0.165493
vn 0.491553 0.803291 -0.336323
vn -0.445783 -0.28095 -0.849913
vn -0.515917 -0.719011 -0.465685
vn -0.824324 0.54064 -0.167973
vn 0.712355 0.609674 -0.347651
vn 0.679479 0.733079 -0.0301168
vn 0.646274 0.751698 -0.131459
vn 0.423943 0.81867 -0.387374
vn 0.55079 0.670663 -0.496834
vn 0.447344 -0.808436 -0.382514
vn 0.775561 -0.224388 -0.590048
vn 0.813025 -0.572327 0.10694
vn 0.820872 -0.561463 0.104576
vn 0.2996 -0.305462 -0.903851
vn -0.0121086 -0.869802 0.493257
vn -0.151343 -0.871719 0.466056
vn -0.112739 -0.990145 0.0831098
vn 0.0893063 -0.899859 0.426957
vn -0.106228 0.97635 -0.188298
vn 0.507868 0.756617 0.411827
vn 0.754908 -0.521852 0.397253
vn 0.798152 0.196733 0.569447
vn 0.298062 -0.954524 0.00741044
vn 0.988369 -0.125072 -0.086524
vn 0.661306 -0.713945 -0.230153
vn 0.333704 -0.152461 -0.930268
vn -0.156269 -0.693246 0.703561
vn -0.990957 -0.127085 0.043057
vn 0.654255 0.740462 0.153899
vn -0.701078 0.566319 -0.433342
vn -0.466491 0.872632 0.144624
vn -0.333935 -0.806794 -0.487418
vn 0.342444 -0.885475 -0.314121
vn 0.0202461 -0.92652 -0.375729
vn -0.926287 -0.296942 -0.232008
vn -0.779622 0.582329 -0.230423
vn 0.943458 0.230058 -0.238683
vn 0.576888 -0.788655 -0.21268
vn 0.350206 0.838143 -0.418182
vn 0.722499 0.52097 0.454534
vn 0.928077 0.351538 0.122874
vn 0.535097 0.831607 -0.14868
vn 0.710395 0.694183 0.116042
vn 0.806439 0.277404 0.522223
vn -0.730403 0.68287 -0.0148391
vn 0.231669 -0.668305 -0.706894
vn 0.600022 0.548342 -0.582491
vn -0.338449 0.689616 -0.640225
vn -0.306319 0.572613 -0.760457
vn -0.248874 0.710215 -0.658536
vn -0.384284 0.590805 -0.709419
vn 0.0971626 0.683664 -0.723307
vn 0.47445 0.528716 0.703826
vn 0.273003 -0.844555 -0.460656
vn 0.0775185 -0.909907 -0.407515
vn 0.545586 -0.837471 -0.0315599
vn 0.0776816 -0.909673 -0.408005
vn -0.10868 -0.736738 -0.667399
vn -0.08788 0.695085 -0.713536
vn 0.872415 0.291205 -0.392564
vn -0.973056 -0.0809604 -0.215927
vn -0.759498 0.650469 0.00752249
vn 0.807626 0.5652 0.168232
vn -0.145048 0.52176 -0.840676
vn 0.69074 0.662583 0.289591
vn 0.118458 -0.988748 -0.0914055
vn 0.47534 -0.8791 0.0351922
vn -0.321542 -0.929784 -0.179256
vn -0.396233 -0.0646953 -0.915869
vn 0.314263 0.257687 -0.913695
vn 0.000590188 -0.718638 -0.695385
vn 0.367747 -0.333187 -0.868192
vn -0.479179 0.152109 -0.864437
vn 0.149359 -0.952638 0.264913
vn 0.944309 0.114545 0.308502
vn 0.844251 0.405851 0.35004
vn 0.953145 -0.187827 0.237161
vn 0.543093 -0.755715 0.365994
vn 0.849365 -0.515182 0.114807
vn 0.435367 -0.392499 0.810187
vn -0.702675 0.614876 0.35803
vn -0.698664 0.678533 0.226867
vn -0.337307 0.53005 0.777993
vn 0.354546 0.474353 0.805784
vn 0.72212 0.568013 0.394852
vn 0.79958 0.405272 0.443216
vn 0.309799 0.445292 -0.840083
vn 0.45689 0.272675 -0.846706
vn 5.58752e-007 0.434968 -0.900452
vn -0 0.551842 -0.833957
vn 0.468925 -0.272485 -0.840159
vn -0.0752992 -0.74754 -0.659948
vn -2.6537e-007 -0.620382 -0.784301
vn 1.11106e-006 -0.188773 -0.982024
vn -0.634757 -0.680515 -0.366038
vn 7.74711e-007 -0.975438 -0.220283
vn -0.184633 -0.698083 0.691812
vn 2.60475e-006 -0.94312 0.332456
vn 0.0761902 -0.942014 0.326824
vn 7.32917e-007 -0.879303 0.476265
vn 0.339357 -0.405957 0.848554
vn 1.66536e-007 -0.671271 0.741223
vn 0.415018 -0.0762218 0.906622
vn 1.06893e-006 -0.117565 0.99307
vn 0.497067 -0.183026 0.848197
vn -0 -0.0426989 0.999092
vn 0.883649 -0.151563 0.442939
vn 0.851585 -0.21064 0.480051
vn 0.961632 -0.0744722 -0.264072
vn 0.948483 0.0327885 -0.315138
vn 0.896182 -0.0713082 0.437921
vn 0.837357 0.191154 -0.512154
vn 0.31591 -0.326793 -0.890736
vn -0.593198 -0.386114 -0.706431
vn 0.928197 -0.196262 -0.31614
vn 0.804674 -0.233087 0.546057
vn 0.129157 -0.288269 0.948807
vn -0.702777 -0.289419 0.649889
vn -0.902929 -0.298361 0.309378
vn -0.944842 -0.233992 0.22918
vn -0.901358 -0.237346 -0.362254
vn -0.761613 -0.14514 0.631584
vn -0.980266 -0.101754 0.169528
vn 0.112723 -0.200526 0.97319
vn 0.797103 -0.251003 0.549212
vn 0.961903 -0.253525 -0.102333
vn 0.499484 -0.173364 -0.848801
vn -0.669166 -0.141019 -0.729611
vn -0.948811 -0.140718 -0.282772
vn -0.806592 0.212493 0.5516
vn -0.943844 0.151858 0.293425
vn -0.908898 0.265543 0.32157
vn -0.673611 0.0196039 0.738829
vn 0.0161842 0.238997 0.970889
vn 0.1707 0.0719205 0.982704
vn 0.731961 0.481277 0.482314
vn 0.853621 0.235861 0.464437
vn 0.885072 0.425852 -0.18788
vn 0.931332 0.244748 -0.269681
vn 0.63605 0.449329 -0.627331
vn 0.47706 0.332443 -0.813573
vn -0.440997 0.539377 -0.717355
vn -0.339138 0.291442 -0.894458
vn -0.890527 0.234132 -0.390068
vn -0.892217 0.298667 -0.338749
vn 0.959325 -0.24012 -0.148508
vn 0.787786 0.606486 -0.107619
vn 0.469825 0.665041 -0.580508
vn -0.519333 0.601536 -0.607014
vn -0.959714 -0.06781 -0.27269
vn -0.783569 0.542304 -0.303213
vn 0.806921 -0.183346 0.561493
vn 0.64423 0.572157 0.507564
vn 0.127132 -0.0816921 0.988525
vn -0.00326353 0.652214 0.75803
vn -0.757426 -0.0627291 0.649916
vn -0.716374 0.646269 0.262969
vn -0.980829 -0.0549967 0.186974
vn -0.827908 0.557529 0.0611855
vn -0.818044 0.56512 0.107057
vn -0.48542 0.767756 0.418236
vn 0.89202 0.439584 -0.105301
vn 0.680051 0.599261 0.422426
vn 0.507662 0.577505 -0.639364
vn -0.425049 0.798727 -0.425879
vn -0.507483 0.833216 -0.219589
vn 0.51684 0.0280523 -0.855626
vn 1.0287e-006 0.166113 -0.98611
vn 0.481363 -0.382629 0.788599
vn 4.86644e-007 -0.366564 0.930396
vn 0.0646042 0.604115 0.794291
vn -0.457754 0.272737 -0.846213
vn -0.311617 0.445113 -0.839513
vn -0.468924 -0.272485 -0.84016
vn 0.0753005 -0.747539 -0.659949
vn 0.634761 -0.680513 -0.366039
vn 0.188425 -0.697206 0.691667
vn -0.0761814 -0.942014 0.326826
vn -0.337411 -0.405605 0.849501
vn -0.415014 -0.0762104 0.906626
vn -0.497063 -0.183027 0.848197
vn -0.851581 -0.210641 0.480055
vn -0.883653 -0.15157 0.442943
vn -0.961632 -0.0744721 -0.264072
vn -0.948381 0.033749 -0.315337
vn -0.896357 -0.0703261 0.437729
vn -0.837916 0.192359 -0.510784
vn -0.31591 -0.326793 -0.890736
vn 0.593198 -0.386114 -0.706431
vn -0.928197 -0.196262 -0.31614
vn -0.803552 -0.234224 0.547228
vn -0.121564 -0.288273 0.949806
vn 0.705879 -0.289459 0.646503
vn 0.902929 -0.298361 0.309379
vn 0.944842 -0.233992 0.22918
vn 0.901358 -0.237346 -0.362254
vn 0.761617 -0.145165 0.63157
vn 0.980261 -0.101733 0.16954
vn -0.110549 -0.200885 0.973361
vn -0.796593 -0.250533 0.55016
vn -0.961896 -0.253549 -0.102326
vn -0.499488 -0.173373 -0.848805
vn 0.669166 -0.141009 -0.729614
vn 0.948816 -0.140688 -0.282767
vn 0.943854 0.151859 0.293411
vn 0.830582 0.210387 0.515635
vn 0.908898 0.265544 0.321555
vn 0.690398 0.0549414 0.721347
vn -0.0051334 0.36615 0.930546
vn -0.16248 0.158406 0.973921
vn -0.771033 0.486079 0.411401
vn -0.856142 0.271427 0.43972
vn -0.885076 0.425854 -0.187884
vn -0.93133 0.244757 -0.269685
vn -0.636052 0.449326 -0.627339
vn -0.477059 0.332446 -0.813575
vn 0.441005 0.539377 -0.717352
vn 0.339145 0.291443 -0.894455
vn 0.890536 0.234131 -0.390056
vn 0.892226 0.29867 -0.338741
vn -0.787777 0.606492 -0.107627
vn -0.959322 -0.240099 -0.14851
vn -0.469823 0.665051 -0.580501
vn 0.519331 0.601523 -0.607018
vn 0.959713 -0.0678084 -0.272692
vn 0.783588 0.542284 -0.303216
vn -0.64423 0.572155 0.507566
vn -0.806927 -0.183271 0.561501
vn 0.00326095 0.65222 0.758028
vn -0.127117 -0.0816778 0.988526
vn 0.716364 0.646281 0.262969
vn 0.757412 -0.0626906 0.649925
vn 0.827926 0.55751 0.0611645
vn 0.980829 -0.0549611 0.186993
vn 0.81804 0.565123 0.107045
vn 0.485424 0.767763 0.418234
vn -0.892008 0.439582 -0.105311
vn -0.680051 0.599261 0.422422
vn -0.507656 0.577507 -0.639358
vn 0.425051 0.798728 -0.425871
vn 0.507484 0.833215 -0.219582
vn -0.516839 0.0280529 -0.855629
vn -0.481359 -0.382636 0.788599
vn -0.0646008 0.604105 0.794284
vn 0.201992 0.174314 0.963758
vn 0.297301 -0.0351001 0.954144
vn 0.831011 0.210451 0.514916
vn 0.934704 0.13249 0.329835
vn 0.928133 -0.240541 0.284108
vn 0.795461 0.497002 0.346752
vn 0.469238 -0.525129 0.709978
vn 0.467441 -0.746655 0.473296
vn -0.115297 -0.680628 0.723504
vn -0.659863 0.090219 0.745951
vn 0.0201785 -0.10296 0.994484
vn -0.156848 0.271572 0.949557
vn -0.559809 -0.208075 0.802077
vn -0.226976 0.433706 0.872001
vn 0.519522 0.236797 0.820993
vn 0.650238 -0.112203 0.751405
vn 0.118782 -0.394677 0.91111
vn 0.0432102 0.0524399 0.997692
vn 0.406436 -0.0199241 0.913471
vn -0.326248 0.117239 0.93799
vn 0.204905 -0.230617 0.951227
vn 0.651024 -0.335155 0.68107
vn -0.299186 -0.0608324 0.952262
vn 0.146086 -0.940789 -0.305905
vn 0.105073 -0.992726 0.0589629
vn 0.128105 -0.861093 -0.492057
vn 0.305765 -0.842407 0.443699
vn 0.360405 0.818197 0.447961
vn 0.0562633 0.985336 0.161101
vn 0.423632 0.70033 0.574535
vn 0.867192 -0.0417704 0.496225
vn 0.435839 -0.2006 0.877386
vn 0.02148 0.92803 -0.371894
vn 0.042067 0.95938 -0.278991
vn 0.232046 0.0494502 -0.971455
vn 0.20499 -0.144551 -0.968032
vn 0.430334 0.783364 0.448521
vn -0.380239 0.897737 0.222501
vn -0.86534 0.492333 0.0938938
vn 0.758676 0.406513 0.509081
vn -0.277249 0.616745 0.736728
vn 0.17265 0.977807 0.11871
vn -0.668867 0.73587 0.105445
vn -0.71631 0.444251 0.538093
vn 0.0420607 0.822384 0.567384
vn 0.0264253 0.974258 0.223903
vn -0.0908592 0.302968 0.94867
vn -0.464907 -0.883675 0.0546381
vn -0.264483 -0.76879 0.582254
vn -0.996401 0.0652672 -0.0541178
vn -0.99857 0 0.0535738
vn -0.727205 -0.686384 0.00834273
vn -0.722664 -0.515319 0.460672
vn -0.3201 -0.690594 0.64856
vn 0.959969 0.0283945 0.278663
vn 0.952898 0.0567547 0.297963
vn 0.965882 0 0.259027
vn 0.785459 -0.432101 0.443107
vn 0.336837 -0.901135 0.272981
vn 0.627947 -0.631857 0.454357
vn -0.0352791 -0.993915 0.104361
vn -0.0790645 -0.994912 0.0625215
vn -0.0895052 -0.995396 0.0344327
vn -0.389137 -0.908207 -0.154104
vn -0.0492265 -0.684415 -0.727431
vn 0.1169 0.591167 -0.798033
vn 0.0318141 0.976088 -0.215065
vn 0.160262 0.796138 -0.583513
vn 0.00107996 0.999915 0.0131041
vn -0.305382 -0.951936 0.0239702
vn -0.380145 -0.917507 0.116938
vn 0.0450454 0.992155 -0.116629
vn 0.0638122 0.962213 -0.26472
vn 0.0718474 0.919369 -0.386797
vn 0.0863234 0.900232 -0.426774
vn 0.0187347 0.978711 0.204422
vn 0.0224281 0.979203 0.201656
vn 0.00591418 0.918868 0.394526
vn 0.00660624 0.91799 0.396558
vn -0.00227436 0.774901 0.632086
vn -0.0681962 0.949514 -0.30623
vn 0.00471635 0.394966 0.918691
vn 0.0346871 -0.868547 0.494399
vn 0.0221687 -0.622177 0.782572
vn -0.0470928 -0.839542 -0.541262
vn -0.0144932 0.229797 -0.973133
vn -0.0820688 0.926406 -0.367478
vn -0.0366629 0.987541 -0.153081
vn 0.304768 0.913217 -0.270475
vn 0.513552 0.857825 0.0203239
vn 0.353691 0.935282 -0.0124042
vn 0.645423 0.763832 -0.00160606
vn 0.274122 0.256197 -0.926944
vn -0.035865 0.246827 -0.968398
vn -0.381969 0.215054 -0.898807
vn 0.260919 0.270942 -0.926565
vn 0.000329727 -1 0.00163005
vn 0.000835969 -1 0.00128836
vn -0 -1.00001 0
vn 0.00161344 -1 0.000394982
vn 0.00160768 -1 0.000583111
vn 0.00176558 -1 0.000633017
vn 0.00144788 -0.999999 0.00143798
vn 0.00150035 -1 -5.32069e-005
vn 0.00161351 -1 0.000125406
vn 0.274789 0.961206 -0.0243232
vn -0.256483 0.956665 -0.137909
vn -0.336786 0.941542 0.00895229
vn -0.446838 0.878454 -0.169305
vn -0.483446 0.872954 0.0650596
vn -0.935174 0.202512 -0.290586
vn -0.982272 0.182216 -0.0441086
vn -0.893931 0.234112 -0.382218
vn -0.979684 0.155231 0.126991
vn -0.465933 0.872558 -0.146814
vn -0.855793 0.236227 -0.460245
vn -0.846549 0.255349 -0.46709
vn -0.940643 0.233948 -0.24591
vn -0.939019 0.154263 -0.307334
vn -0.932742 0.311263 -0.181996
vn -0.654179 0.166732 -0.737739
vn -0.663509 0.182219 -0.725649
vn -0.382807 0.908295 -0.168733
vn 0.57074 0.810011 0.134731
vn 0.989952 0.046478 0.133599
vn 0.998112 0.0113872 0.0603853
vn 0.974826 0.0574387 0.215471
vn 0.975659 0.104437 0.192846
vn 0.954758 0.17815 -0.238148
vn 0.967736 0.133119 -0.213986
vn 0.939126 0.222686 -0.261648
vn -0.0267645 -0.989866 0.139493
vn -0.372533 -0.927864 0.0174066
vn -0.040228 -0.998628 0.0335444
vn -0.436603 -0.897297 0.0651012
vn -0.171539 -0.962929 0.208229
vn 0.225673 -0.942283 0.24735
vn 0.332721 -0.922894 0.19382
vn 0.279391 -0.945965 0.1646
vn 0.00152737 -0.999999 0.00135636
vn 0.00154326 -0.999999 0.00225728
vn 0.00114422 -0.999999 0.0036577
vn -0.363097 0.898263 0.247565
vn -0.166363 0.886385 0.432027
vn 0.078789 0.955403 0.284619
vn 0.313082 0.868704 0.38386
vn -0.399466 0.879285 0.2594
vn -0.839837 0.15398 0.520557
vn -0.850864 0.125776 0.510118
vn -0.396599 0.134538 0.908088
vn -0.00260469 0.14108 0.989998
vn 0.670833 0.0562941 0.73947
vn 0.674834 0.0826796 0.733323
vn 0.980395 0.015475 0.196463
vn 0.981012 0 0.193972
vn 0.922809 0.286639 -0.257443
vn -0.903272 -0.258743 -0.342299
vn -0.607699 -0.739398 0.289831
vn -0.270494 0.621231 -0.73547
vn 0.875231 -0.468769 0.119314
vn 0.867002 -0.480242 0.133008
vn 0.0366629 0.987534 -0.15308
vn 0.08207 0.92641 -0.367479
vn -0.304768 0.913217 -0.270475
vn -0.513545 0.857824 0.0203253
vn -0.353687 0.935287 -0.0124052
vn -0.645414 0.763833 -0.00160763
vn 0.035865 0.246827 -0.968398
vn -0.274122 0.256197 -0.926944
vn 0.381971 0.215054 -0.898809
vn -0.260919 0.270942 -0.926565
vn -0.000835969 -1 0.00128836
vn -0.000329727 -1 0.00163005
vn -0.00160768 -1 0.000583123
vn -0.00161344 -1 0.000394995
vn -0.00176558 -1 0.000633034
vn -0.00144788 -0.999999 0.00143799
vn -0.00150036 -1 -5.32143e-005
vn -0.00161352 -1 0.000125402
vn 0.256485 0.956662 -0.13791
vn -0.274789 0.961205 -0.0243236
vn 0.336784 0.941543 0.00895065
vn 0.446838 0.878452 -0.169306
vn 0.483444 0.872955 0.0650585
vn 0.982269 0.182224 -0.0441076
vn 0.935174 0.202529 -0.290593
vn 0.893924 0.234128 -0.382223
vn 0.979684 0.155231 0.126999
vn 0.465934 0.872555 -0.146818
vn 0.855787 0.236238 -0.460248
vn 0.846549 0.255349 -0.46709
vn 0.939019 0.154263 -0.307334
vn 0.940643 0.233947 -0.245911
vn 0.932742 0.311263 -0.181996
vn 0.663509 0.182219 -0.725649
vn 0.654176 0.166731 -0.737736
vn 0.382805 0.908292 -0.168733
vn -0.570746 0.810006 0.134731
vn -0.998115 0.0113688 0.060392
vn -0.989947 0.0464595 0.133605
vn -0.974826 0.0574255 0.215477
vn -0.975659 0.104437 0.192846
vn -0.967736 0.133119 -0.213986
vn -0.954758 0.17815 -0.238148
vn -0.939126 0.222686 -0.261648
vn -0.00152738 -1 0.00135636
vn -0.00154327 -0.999997 0.00225729
vn -0.00114422 -0.999994 0.0036577
vn 0.166364 0.886386 0.432031
vn 0.363096 0.898264 0.247567
vn -0.0787926 0.955403 0.284618
vn -0.313084 0.868702 0.383858
vn 0.399472 0.879281 0.259406
vn 0.839833 0.153984 0.520557
vn 0.850863 0.125776 0.510118
vn 0.396604 0.134543 0.908087
vn 0.00260469 0.14108 0.989997
vn -0.670842 0.0562841 0.739474
vn -0.674845 0.0826638 0.733324
vn -0.980397 0.0154621 0.196463
vn -0.981012 0 0.193972
vn -0.0355937 0.963281 0.266143
vn -0.0486988 0.967817 0.246925
vn -0.0492033 0.969369 0.240659
vn -0.0401824 0.96971 0.240943
vn -0.0293712 0.968427 0.247575
vn -0.00851223 0.963703 0.266847
vn -0.092914 0.467621 0.879033
vn -0.0302041 0.49502 0.868363
vn -0.030869 0.973586 -0.22623
vn -0.142373 0.394538 -0.907786
vn -0.502616 -0.51312 -0.695769
vn -0.401829 -0.655716 -0.639201
vn -0.763017 -0.615321 0.198007
vn -0.260527 -0.929221 0.26206
vn -0.0845914 -0.45289 0.887553
vn -0.0488383 -0.934704 0.352075
vn -0.0937114 -0.434664 0.895706
vn -0.108377 -0.928258 0.355801
vn -0.108738 -0.317486 0.94201
vn -0.180569 -0.387891 0.903852
vn 0.0148694 -0.695646 -0.718231
vn -0.0127598 -0.773389 -0.633816
vn -0.173016 -0.724338 -0.667396
vn -0.121685 -0.407145 -0.90523
vn -0.133921 -0.883773 -0.448344
vn -0.170779 -0.899167 -0.402929
vn -0.141817 -0.84067 0.522673
vn 0.0252963 -0.776919 0.629096
vn -0.000927298 -0.28912 0.957294
vn -0.660035 -0.618379 0.426579
vn -0.041472 -0.26779 0.962589
vn -0.00534533 -0.757406 0.652936
vn -0.109879 0.385119 0.916318
vn -0.180573 -0.174121 0.968027
vn -0.119648 -0.0870901 0.988993
vn -0.0496062 0.883112 0.466541
vn -0.00713901 -0.285106 -0.958475
vn -0.00535306 -0.333595 -0.942707
vn -0.0646315 0.756139 -0.651226
vn -0.113742 0.712532 -0.692364
vn -0.150432 0.988512 0.0146651
vn -0.194585 0.980775 0.0147406
vn -0.103706 0.994541 0.0116057
vn -0.0967124 0.995321 0.00223694
vn -0.23601 0.971683 0.0115843
vn -0.229117 0.973401 0.00248163
vn -0.493583 -0.646654 -0.581569
vn -0.397852 -0.778203 -0.485931
vn 0.01619 -0.803102 -0.595641
vn -0.0206687 -0.934879 -0.354369
vn -0.1032 -0.942271 -0.318586
vn -0.135106 -0.489221 -0.861635
vn -0.00489084 -0.99201 0.126069
vn 0.0151536 -0.995403 0.0946058
vn -0.0550506 -0.245859 -0.967742
vn -0.0028526 -0.346786 -0.937947
vn -0.102917 0.892939 0.438263
vn -0.0836943 0.700574 -0.708668
vn -0.180399 0.657265 -0.731751
vn -0.211749 0.329395 0.920145
vn -0.144314 0.989204 -0.0255685
vn -0.154296 0.987925 -0.0142145
vn -0.141806 0.98949 -0.0283366
vn -0.133347 0.990394 -0.0366218
vn -0.156319 0.987643 -0.0112976
vn -0.163294 0.986578 -0.00256233
vn -0.743473 -0.529449 0.408601
vn -0.586991 -0.500273 -0.636534
vn -0.448461 -0.746978 -0.490844
vn -0.193354 -0.818977 0.540293
vn 0.0191122 -0.84276 -0.537956
vn -0.0164179 -0.79955 0.600382
vn -0.0580534 -0.939887 -0.336524
vn -0.050838 -0.786252 0.615822
vn -0.275662 -0.91174 -0.304557
vn -0.263267 -0.5408 -0.798906
vn -0.165138 -0.982476 0.0864992
vn -0.14551 -0.987633 0.0585863
vn 0.0064142 -0.365095 -0.930949
vn -0.0545 -0.370477 -0.927248
vn -0.0392971 -0.326489 0.944388
vn -0.0464152 -0.314785 0.94803
vn -0.204904 -0.16242 0.965218
vn -0.265679 -0.226812 0.937006
vn -0.0628081 0.417892 -0.906334
vn -0.0159902 0.426667 -0.904281
vn -0.133722 -0.646197 -0.751369
vn -0.227246 -0.934181 -0.27508
vn -0.101785 -0.898217 -0.427634
vn -0.106382 -0.380845 -0.9185
vn -0.105742 -0.374042 -0.921366
vn -0.125996 -0.979437 -0.157641
vn -0.542502 -0.760095 -0.357733
vn -0.637561 -0.572477 -0.515568
vn -0.0277467 0.991959 0.123545
vn -0.156006 0.455645 0.876386
vn -0.0560777 0.948467 -0.311875
vn -0.0802168 0.955469 -0.283997
vn -0.0458279 0.944649 -0.324887
vn -0.00888805 0.931611 -0.363348
vn -0.0790102 0.955784 -0.283273
vn -0.0815205 0.956265 -0.280916
vn -0.256212 -0.689212 0.677749
vn -0.0636241 -0.646537 0.760236
vn -0.121419 -0.647435 0.752398
vn -0.204359 -0.970333 0.129195
vn -0.288481 -0.924251 0.250095
vn -0.703951 -0.480176 0.523357
vn -0.0374919 -0.141855 0.989181
vn -0.0496851 -0.127569 0.990591
vn -0.138097 -0.0470939 0.989305
vn -0.18891 -0.0867083 0.978161
vn 0.370584 -0.928663 0.0159248
vn 0.024393 -0.98966 0.141403
vn 0.0321671 -0.998683 0.0399957
vn 0.436603 -0.897297 0.0651005
vn 0.171537 -0.962921 0.20823
vn -0.225673 -0.942283 0.247346
vn -0.332721 -0.922894 0.193817
vn -0.284965 -0.942969 0.172102
vn 0.107316 -0.993854 0.0272672
vn -0.0852616 -0.996031 -0.0257576
vn -0.019217 -0.999689 -0.0162417
vn -0.071824 -0.997429 0
vn -0.401546 0.841539 0.361371
vn -0.11572 0.967189 -0.226198
vn -0.125576 0.964837 0.23093
vn -0.364408 -0.0297422 -0.93077
vn -0.352743 -0.560791 -0.749061
vn -0.641368 -0.684546 0.346492
vn -0.874755 -0.110582 0.47179
vn 0.103001 0.972304 0.209819
vn 0.098544 0.971362 0.216221
vn 0.0803534 0.974927 0.207524
vn 0.0698495 0.979081 0.191117
vn 0.0710005 0.981291 0.178966
vn 0.0753094 0.979157 0.188636
vn 0.0111202 0.969846 0.24348
vn 0.0549085 0.976156 0.210017
vn -0.153325 0.98268 0.104089
vn 0.667632 0.744118 -0.0236227
vn 0.0938198 0.814432 0.57263
vn -0.200007 0.956149 0.213987
vn 0.316691 0.689007 0.651915
vn 0.861708 0.355796 0.361767
vn -0.00723463 0.968394 0.249342
vn -0.0202579 0.963261 0.267819
vn 0.0178295 -0.658988 0.751959
vn -0.0211846 -0.34646 0.937827
vn 0.970477 0.0852363 0.225652
vn 0.463185 -0.584128 -0.666536
vn 0.575809 -0.364622 -0.73178
vn 0.75471 -0.588956 0.289064
vn 0.231935 -0.900154 0.368705
vn 0.0200747 -0.307962 0.95119
vn -0.0129182 -0.890525 0.454751
vn 0.007383 -0.309655 0.950827
vn -0.0254503 -0.885021 0.464871
vn 0.999212 0.0168703 -0.0360924
vn 0.751363 0.0329378 0.659079
vn 0.492723 0 0.87019
vn -0.994082 0 0.108646
vn -0.994082 0 0.108646
vn -0.976881 0 0.213795
vn -0.949146 -0.00494092 0.314813
vn -0.910864 -0.00732915 0.412656
vn -0.912641 -0.0146577 0.408509
vn -0.835054 -0.0197286 0.549834
vn 0.0439896 -0.998942 -0.0135715
vn 0.193823 -0.979053 -0.0624045
vn 0.224174 -0.972947 0.0558798
vn 0.274066 -0.952743 0.131065
vn 0.280383 -0.95045 0.134312
vn 0.228904 -0.971977 0.0536077
vn 0.162903 -0.986526 -0.015277
vn -0.0041768 -0.637624 -0.770347
vn 0.00614893 -0.792864 -0.609383
vn 0.136676 -0.990579 0.00885123
vn 0.208818 -0.97772 -0.0216509
vn 0.130336 -0.970027 -0.205102
vn 0.2156 -0.965334 0.147166
vn 0.0300901 -0.570838 -0.820513
vn -0.0187516 -0.256274 -0.966428
vn -0.0320503 -0.773019 0.633582
vn 0.162636 -0.820883 0.547458
vn 0.00860283 -0.255961 0.966653
vn 0.690682 -0.583231 0.427553
vn 0.0628545 -0.179224 0.981804
vn 0.0289686 -0.753195 0.657164
vn 0.99561 0.0935373 -0.00376891
vn 0.0582652 -0.0763705 -0.995376
vn 0.0605718 -0.0769401 -0.995195
vn 0.07697 0.996418 0.0350384
vn 0.0779061 0.996674 0.024076
vn 0.0961903 0.995273 0.0134359
vn 0.0957444 0.995367 0.00908341
vn 0.194579 0.980763 0.0159587
vn 0.150416 0.9885 0.0158611
vn 0.229128 0.973401 0.00270715
vn 0.235966 0.971682 0.0125464
vn 0.538313 -0.568429 -0.622189
vn 0.434393 -0.741957 -0.510702
vn -0.0270146 -0.794373 -0.606845
vn 0.0416847 -0.940591 -0.336979
vn 0.240349 -0.964653 0.108084
vn 0.99975 -0.0219706 -0.00513064
vn 0.0732654 -0.111964 -0.991013
vn 0.0113285 -0.257492 -0.966222
vn -0.106831 0.74053 -0.663492
vn -0.0391519 0.825587 -0.56292
vn -0.0236456 0.849932 -0.526376
vn 0.0422646 0.902024 -0.429625
vn 0.0763461 0.996859 -0.0213166
vn 0.0346932 0.999343 -0.0112073
vn 0.0680427 0.997453 -0.0215016
vn 0.0296442 0.99956 -0.000972165
vn 0.0417776 0.998542 0.0342847
vn 0.0437982 -0.999035 0.00386176
vn 0.102367 -0.9942 0.033165
vn 0.112158 0.993058 -0.0355859
vn 0.124759 0.991527 -0.0363899
vn 0.154458 0.987858 -0.0167514
vn 0.144645 0.98903 -0.0301008
vn 0.163241 0.986583 -0.00315718
vn 0.15639 0.987611 -0.0133477
vn 0.578163 -0.496157 -0.64775
vn 0.752423 -0.528247 0.393479
vn 0.456467 -0.727711 -0.51194
vn 0.194086 -0.813204 0.548673
vn -0.0260663 -0.832481 -0.553444
vn 0.00818419 -0.790173 0.612847
vn 0.148561 -0.936648 -0.317227
vn 0.125393 -0.760918 0.636633
vn 0.327113 -0.933185 0.148912
vn 0.0091261 -0.307639 -0.951467
vn 0.110838 -0.223314 -0.96843
vn 0.999826 -0.0159261 0.00995096
vn 0.0272532 -0.303655 0.952394
vn 0.0746096 -0.225879 0.971297
vn 0.138621 -0.404618 -0.903926
vn 0.198824 -0.963161 -0.181094
vn 0.10413 -0.481457 -0.87027
vn 0.0990923 -0.924823 -0.367281
vn 0.524231 -0.794836 -0.305673
vn 0.616409 -0.636454 -0.463667
vn 0.036293 0.911511 -0.409685
vn 0.060863 0.929671 -0.36334
vn 0.0797036 0.94655 -0.312561
vn 0.057618 0.939277 -0.338303
vn 0.07796 0.946153 -0.314216
vn 0.0791672 0.946458 -0.312978
vn 0.267312 -0.636453 0.723518
vn 0.0650148 -0.589062 0.805479
vn 0.163569 -0.588082 0.7921
vn 0.717036 -0.429273 0.549179
vn 0.0463483 -0.00935387 0.998883
vn 0.0496941 -0.00964603 0.998719
vn 0.441119 -0.309032 0.842571
vn -0.343634 -0.173238 0.922988
vn 0.286424 0.368098 0.884571
vn 0.392341 0.428653 0.813834
vn 0.0322068 0.392202 0.91932
vn -0.188076 0.30931 0.932181
vn 0.724374 0.2488 0.642947
vn 0.39722 -0.730125 0.556
vn 0.376945 -0.764061 0.523583
vn 0.416464 -0.694294 0.586974
vn 0.628492 0.259464 0.733273
vn 0.384213 0.366911 0.847213
vn 0.713362 0.116912 0.69098
vn 0.853986 0.0013338 0.5203
vn 0.823711 -0.00378115 0.566997
vn 0.79087 -0.00888431 0.611928
vn -0.196469 0.483842 0.852826
vn -0.0994968 0.209068 0.97283
vn -0.0201463 -0.102968 0.994491
vn 0.659873 0.0902095 0.745943
vn 0.156848 0.271572 0.949557
vn 0.559837 -0.208088 0.802052
vn 0.226976 0.433706 0.872001
vn -0.519505 0.236801 0.821
vn -0.650194 -0.112207 0.75144
vn -0.118733 -0.394692 0.911121
vn -0.0431705 0.0524473 0.997692
vn -0.406394 -0.0199154 0.913488
vn 0.32628 0.117244 0.937974
vn -0.204843 -0.2306 0.951252
vn -0.650954 -0.335143 0.681141
vn 0.299218 -0.0608199 0.952253
vn -0.319812 0.483023 -0.815113
vn 0.722277 0.470038 -0.507335
vn -0.602483 0.798131 0.00321211
vn -0.336906 -0.940257 -0.0492346
vn -0.709836 0.612791 -0.347328
vn 0.198446 0.237988 -0.950789
vn 0.260246 0.815703 -0.516629
vn 0.475591 0.600751 -0.642589
vn 0.0985978 -0.984307 -0.146401
vn 0.219933 -0.966565 -0.131864
vn -0.30712 -0.00794707 -0.951644
vn 0.238477 -0.964957 -0.109557
vn 0.470946 0.607742 -0.639433
vn -0.93488 0.351381 0.0503872
vn -0.641154 -0.0430431 -0.766207
vn -0.533425 -0.823824 -0.191808
vn -0.251143 -0.966461 -0.0537544
vn 0.555775 0.73073 -0.396431
vn 0.415123 0.48997 -0.766561
vn 0.436675 0.69786 -0.567736
vn -0.916319 -0.0177897 -0.400058
vn -0.0911062 -0.215608 -0.972225
vn 0.441759 0.716979 -0.539264
vn 0.422086 -0.823372 0.379355
vn 0.659285 -0.702349 0.268442
vn 0.444174 -0.88208 0.157022
vn -0.353238 -0.149368 -0.92354
vn 0.0608141 -0.18542 -0.980781
vn -0.716063 0.111567 -0.689067
vn -0.222336 0.844435 -0.487349
vn -0.313731 -0.905002 0.287325
vn -0.927354 -0.241941 -0.285448
vn -0.879229 -0.331767 -0.34191
vn 0.00358448 0.787812 -0.615915
vn 0.242181 0.845295 -0.476262
vn 0.780206 -0.557071 0.284522
vn 0.673938 -0.67068 0.309837
vn 0.642266 -0.736663 -0.211715
vn 0.391477 0.0301652 -0.919702
vn 0.821801 -0.529369 -0.210768
vn 0.333047 0.925814 -0.178748
vn -0.904715 -0.377172 -0.198125
vn -0.126217 0.168577 -0.977577
vn 0.751018 0.610213 0.25225
vn -0.242536 0 0.970143
vn -0.980506 -0.0434638 -0.191641
vn -0.751018 -0.610213 -0.252249
vn 1 0 0
vn 0.951231 0.263699 0.160088
vn -0 0 -1
vn -0.116888 0.771795 0.625051
vn -0 0 1
vn -0.342999 0.847943 0.404183
vn -0.964088 -0.0306988 0.263812
vn -0.662693 -0.691969 -0.28639
vn 0.371663 0.565457 0.736293
vn 0.415273 0.0646967 0.907395
vn 0.703739 0.00784819 0.710426
vn 0.98363 -0.1799 -0.0106052
vn 0.424804 -0.397438 -0.813387
vn -0.467645 -0.330176 -0.819937
vn -0.782215 -0.25547 -0.56823
vn -0.965459 -0.137873 -0.221122
vn -0.0928967 0.86784 -0.488082
vn -0.101656 0.887307 -0.449852
vn -0.733207 -0.583056 0.34994
vn -0.233952 -0.671597 0.703016
vn -0.442836 -0.156464 0.882852
vn -0.903636 -0.149227 0.401473
vn 0.543157 -0.622818 0.563111
vn 0.595157 -0.234633 0.768601
vn 0.801322 -0.563446 0.201029
vn 0.94971 -0.216498 0.226235
vn 0.680679 -0.723238 -0.116657
vn 0.949092 -0.23641 -0.208187
vn 0.123612 -0.926065 -0.35655
vn 0.457576 -0.45727 -0.762591
vn -0.40497 -0.880566 -0.246206
vn -0.621808 -0.479876 -0.618933
vn -0.719512 -0.69312 -0.0434948
vn -0.967693 -0.245273 -0.0584743
vn -0.470122 0.349195 0.810586
vn -0.938568 0.204639 0.277885
vn 0.486873 0.267834 0.831405
vn 0.985518 0.0814855 0.148744
vn 0.93327 0.0198432 -0.358646
vn 0.544928 0.109915 -0.831253
vn -0.532579 0.050273 -0.844893
vn -0.975967 0.099237 -0.194018
vn -0.568077 0.578472 0.58537
vn -0.91347 0.360242 0.189228
vn 0.495402 0.619867 0.608573
vn 0.943771 0.291153 0.156613
vn 0.910909 0.332574 -0.244246
vn 0.520206 0.496034 -0.69523
vn -0.272116 0.533516 -0.800827
vn -0.917735 0.331307 -0.219116
vn -0.793371 0.325266 0.514556
vn 0.27096 -0.0205777 0.962378
vn 0.976763 0.00176628 0.214324
vn 0.883946 -0.225989 -0.409358
vn 0.0122941 -0.0725156 -0.997297
vn 0.430088 -0.134105 -0.892774
vn -0.902764 -0.129485 -0.410192
vn -0.018078 -0.973099 0.229679
vn -0.916323 0.291338 0.274732
vn -0.987206 -0.0766257 0.13983
vn -0.548803 0.105496 0.829275
vn -0.292247 0.496926 0.817103
vn 0.980082 0.0659382 -0.187357
vn 0.959646 -0.272333 0.0702168
vn 0.808892 -0.352906 -0.470272
vn -0.361096 0.111449 -0.925846
vn -0.322603 -0.387489 -0.863597
vn -0.816245 -0.155762 -0.556317
vn -0.870526 0.117174 -0.477982
vn -0.136292 0.844939 -0.517219
vn 0.77353 -0.179524 0.607808
vn 0.29692 0.235112 0.925512
vn 0.271006 -0.583309 -0.765713
vn -0.122667 0.869147 -0.479111
vn -0.0489011 0.857144 -0.512754
vn 0.331456 0.493943 0.803846
vn 0.819651 0.301884 0.48688
vn 0.406941 -0.0139476 -0.913354
vn -0.20343 0.918526 0.339011
vn 0.213321 0.885216 0.413394
vn 0.0570522 0.990789 -0.122846
vn -0.474348 0.87902 -0.0482085
vn -0.343581 0.841586 -0.416768
vn -0.0683422 0.814419 -0.576242
vn 0.277415 0.816733 -0.505958
vn 0.520133 0.827822 -0.210187
vn 0.465457 0.869083 0.167492
vn 0.0698525 0.422362 0.903737
vn 0.112838 0.627933 0.770053
vn -0.030002 0.833948 -0.551037
vn 0.111653 0.194357 -0.974562
vn 0.0864484 -0.879088 -0.468765
vn 0.051105 -0.598146 0.799765
vn 0.051612 -0.851505 0.521816
vn -0.00492716 0.979047 0.203586
vn 0.836893 -0.140073 0.529154
vn 0.0343598 -0.463045 0.885676
vn -0.149983 -0.196401 0.968986
vn 0.106633 0.115933 -0.987523
vn 0.0819909 0.489564 -0.868108
vn -0.0290322 0.109114 -0.993611
vn -0.0430625 0.595948 -0.801874
vn 0.152977 -0.404508 -0.901652
vn 0.444177 -0.253179 -0.859426
vn 0.0292306 0.314392 -0.948844
vn -0.106635 0.115929 -0.987521
vn -0.0819888 0.489562 -0.868107
vn -0.129043 -0.0433238 -0.990697
vn -0.0429956 0.576974 -0.815633
vn -0.262784 -0.396293 -0.879722
vn -0.444181 -0.253185 -0.859421
vn -0.168504 0.0195865 -0.985511
vn -0.870387 -0.0161096 0.492115
vn -0.839764 -0.136012 0.525652
vn -0.0343563 -0.463042 0.885678
vn 0.149982 -0.196395 0.968992
vn 0.303462 0.290416 0.907512
vn 0.376267 0.327511 0.866706
vn -0.30003 0.37476 0.877242
vn -0.351932 0.234897 0.906073
vn 0.221711 0.555867 0.801167
vn -0.290593 0.586309 0.756176
vn -0.725774 0.461146 0.510499
vn -0.764561 0.110313 0.635052
vn -0.78961 0.125041 0.600736
vn -0.376267 0.327504 0.8667
vn -0.303464 0.290412 0.907516
vn 0.297046 0.374445 0.878394
vn 0.351936 0.234904 0.906079
vn -0.221711 0.555867 0.801167
vn 0.285272 0.58683 0.757794
vn 0.718123 0.465298 0.517499
vn 0.75997 0.107697 0.640981
vn 0.787463 0.123761 0.603817
vn 0.0510578 -0.99284 0.108113
vn 0.909473 -0.348443 0.226826
vn 0.961089 -0.175826 0.213093
vn 0.910622 -0.265798 0.31643
vn 0.842275 -0.304398 0.444878
vn -0.0509582 -0.99283 0.108138


vt 0.52381 0.539683
vt 0.984127 0.269841
vt 0.984127 0.539683
vt 0.52381 0.269841
vt 0.984127 0.603175
vt 0.52381 0.603175
vt 0.52381 0.206349
vt 0.984127 0.206349
vt 0.981643 0.269841
vt 0.981643 0.539683
vt 0.981643 0.603175
vt 0.984127 0.212577
vt 0.857143 0.650794
vt 0.984127 0.644036
vt 0.984127 0.822141
vt 0.777778 0.746032
vt 0.857143 0.984127
vt 0.984127 0.99134
vt 0.920635 0.889345
vt 0.984127 0.905218
vt 0.984127 0.813236
vt 0.873016 0.857143
vt 0.920635 0.888889
vt 0.873016 0.777778
vt 0.920635 0.746032
vt 0.984127 0.730159
vt 0.920635 0.746488
vt 0.873016 0.778234
vt 0.777778 0.888889
vt 0.984127 0.952837
vt 0.888889 0.936508
vt 0.825397 0.873016
vt 0.825397 0.762361
vt 0.888889 0.698868
vt 0.984127 0.682995
vt 0.888889 0.698413
vt 0.825397 0.761905
vt 0.365079 0.460317
vt 0.337415 0.540344
vt 0.31746 0.460317
vt 0.478005 0.540344
vt 0.365079 0.31746
vt 0.478005 0.205688
vt 0.111111 0.460317
vt 0.15873 0.460317
vt 0.014059 0.540344
vt 0.154649 0.540344
vt 0.111111 0.31746
vt 0.014059 0.205688
vt 0.154649 0.205688
vt 0.15873 0.31746
vt 0.31746 0.31746
vt 0.351474 0.205688
vt 0.012507 0.736292
vt 0.012507 0.585442
vt 0.07264 0.585442
vt 0.07264 0.736292
vt 0.238095 0.587302
vt 0.238095 0.730159
vt 0.15873 0.730159
vt 0.15873 0.587302
vt 0.313171 0.585442
vt 0.313171 0.736292
vt 0.40337 0.585442
vt 0.40337 0.736292
vt 0.478991 0.585442
vt 0.478991 0.736292
vt 0.273968 0.825279
vt 0.25873 0.922681
vt 0.014921 0.922681
vt 0.578555 0.873016
vt 0.578555 0.920635
vt 0.730807 0.920635
vt 0.700356 0.984127
vt 0.700356 0.920635
vt 0.624231 0.84127
vt 0.730807 0.777778
vt 0.730807 0.840888
vt 0.258827 0.921016
vt 0.578555 0.888889
vt 0.59378 0.85348
vt 0.624231 0.840888
vt 0.624231 0.920635
vt 0.578555 0.984127
vt 0.624231 0.984127
vt 0.258827 0.984127
vt 0.274052 0.824863
vt 0.015225 0.921016
vt 0.578555 0.87294
vt 0.730807 0.84127
vt 0.619048 0.84127
vt 0.587302 0.857143
vt 0.56333 0.969093
vt 0.555556 0.920635
vt 0.258827 0.969093
vt 0.669906 0.920635
vt 0.669906 0.984127
vt 0.59378 0.857143
vt 0.222222 0.015873
vt 0.333333 0.015873
vt 0.222222 0.126984
vt 0.333333 0.126984
vt 0.59378 0.856914
vt 0.253968 0.920635
vt 0.206349 0.016327
vt 0.269841 0.015873
vt 0.269841 0.126984
vt 0.349206 0.016327
vt 0.039173 0.035178
vt 0.056202 0.016596
vt 0.090307 0.0543
vt 0.08802 0.015873
vt 0.036084 0.053613
vt 0.046672 0.073015
vt 0.068846 0.089157
vt 0.099522 0.095634
vt 0.122173 0.015873
vt 0.141293 0.02971
vt 0.141293 0.047386
vt 0.141293 0.067599
vt 0.128135 0.08591
vt 0.571429 0.888889
vt 0.571429 0.920635
vt 0.619048 0.15873
vt 0.52381 0.15873
vt 0.56261 0.044344
vt 0.656337 0.073906
vt 0.671958 0.014781
vt 0.765684 0.014781
vt 0.765684 0.073906
vt 0.875032 0.014781
vt 0.875032 0.073906
vt 0.953137 0.044344
vt 0.984127 0.15873
vt 0.873016 0.15873
vt 0.761905 0.15873
vt 0.640715 0.073906
vt 0.566031 0.038004
vt 0.750063 0.014781
vt 0.640715 0.014781
vt 0.750063 0.073906
vt 0.843789 0.014781
vt 0.85941 0.073906
vt 0.139683 0.139683
vt 0.093122 0.155203
vt 0.11825 0.11825
vt 0.059125 0.11825
vt 0.031746 0.142857
vt 0.133031 0.088687
vt 0.088687 0.088687
vt 0.15873 0.095238
vt 0.044344 0.088687
vt 0.014781 0.088687
vt 0.103469 0.11825
vt 0.088687 0.014781
vt 0.15873 0.047619
vt 0.029562 0.044344
vt 0.088687 0.044344
vt 0.11825 0.088687
vt 0.557302 0.882284
vt 0.589426 0.874016
vt 0.588375 0.907221
vt 0.56766 0.851113
vt 0.583552 0.811024
vt 0.63642 0.84252
vt 0.642295 0.874016
vt 0.589426 0.84252
vt 0.67754 0.850394
vt 0.701037 0.88189
vt 0.736283 0.84252
vt 0.712786 0.811024
vt 0.742157 0.779528
vt 0.71866 0.771654
vt 0.742157 0.740157
vt 0.712786 0.740157
vt 0.689289 0.716535
vt 0.683415 0.685039
vt 0.712786 0.700787
vt 0.654043 0.692913
vt 0.654043 0.669291
vt 0.618798 0.692913
vt 0.565929 0.779528
vt 0.630546 0.80315
vt 0.671666 0.818898
vt 0.695163 0.779528
vt 0.67754 0.740157
vt 0.63642 0.724409
vt 0.587425 0.712483
vt 0.583552 0.755905
vt 0.630546 0.755905
vt 0.671666 0.771654
vt 0.826772 0.708661
vt 0.826772 0.653768
vt 0.866142 0.653768
vt 0.84252 0.653768
vt 0.866142 0.685039
vt 0.866142 0.677165
vt 0.826772 0.685039
vt 0.571804 0.826772
vt 0.515872 0.78877
vt 0.548306 0.795276
vt 0.536587 0.826176
vt 0.507187 0.818898
vt 0.542432 0.897638
vt 0.52623 0.944627
vt 0.588375 0.994501
vt 0.471941 0.80315
vt 0.471941 0.787402
vt 0.471941 0.858268
vt 0.474442 0.91969
vt 0.531408 0.863581
vt 0.546945 0.589274
vt 0.56766 0.632913
vt 0.518935 0.637795
vt 0.505515 0.595508
vt 0.477815 0.637795
vt 0.469263 0.614211
vt 0.515872 0.5394
vt 0.546945 0.564337
vt 0.583196 0.583039
vt 0.614268 0.570571
vt 0.595301 0.622047
vt 0.629805 0.614211
vt 0.63642 0.669291
vt 0.607049 0.677165
vt 0.56766 0.545634
vt 0.510693 0.763833
vt 0.479621 0.726427
vt 0.510693 0.726427
vt 0.433012 0.78877
vt 0.433012 0.757599
vt 0.433012 0.83241
vt 0.474111 0.099022
vt 0.409449 0.125984
vt 0.474111 0.130756
vt 0.599857 0.139823
vt 0.481508 0.162491
vt 0.511095 0.203293
vt 0.61465 0.203293
vt 0.38535 0.203293
vt 0.38535 0.157957
vt 0.518492 0.117156
vt 0.309494 0.315664
vt 0.259843 0.362205
vt 0.259843 0.291339
vt 0.267717 0.259843
vt 0.289103 0.279027
vt 0.259843 0.259843
vt 0.362205 0.259843
vt 0.307087 0.322835
vt 0.006974 0.132958
vt 0.23712 0.132983
vt 0.125534 0.363105
vt 0.314961 0.259843
vt 0.362205 0.362205
vt 0.314961 0.362205
vt 0.314961 0.307087
vt 0.362205 0.299213
vt 0.006974 0.132983
vt 0.314961 0.275591
vt 0.381225 0.564337
vt 0.417476 0.589274
vt 0.383827 0.645669
vt 0.424947 0.629921
vt 0.638469 0.915444
vt 0.662816 0.991544
vt 0.638469 0.991544
vt 0.662816 0.915444
vt 0.687163 0.991544
vt 0.687163 0.915444
vt 0.717597 0.991544
vt 0.717597 0.915444
vt 0.741945 0.991544
vt 0.741945 0.915444
vt 0.413198 0.716535
vt 0.417476 0.670319
vt 0.477815 0.677165
vt 0.518935 0.700787
vt 0.433012 0.558102
vt 0.453727 0.533165
vt 0.4848 0.514462
vt 0.536587 0.514462
vt 0.263212 0.295558
vt 0.381225 0.801239
vt 0.381225 0.707725
vt 0.423554 0.879294
vt 0.413198 0.889764
vt 0.424947 0.92126
vt 0.403215 0.906065
vt 0.002513 0.072683
vt 0.012565 0.084797
vt 0.012565 0.072683
vt 0.002513 0.084797
vt 0.002513 0.024228
vt 0.007539 0.036342
vt 0.007539 0.024228
vt 0.002513 0.036342
vt 0.007539 0.048455
vt 0.002513 0.048455
vt 0.007539 0.060569
vt 0.012565 0.060569
vt 0.012565 0.096911
vt 0.007539 0.096911
vt 0.012565 0.036342
vt 0.012565 0.024228
vt 0.017591 0.048455
vt 0.012565 0.048455
vt 0.035182 0.072683
vt 0.032669 0.072683
vt 0.030156 0.084797
vt 0.022617 0.081769
vt 0.022617 0.066626
vt 0.022617 0.090854
vt 0.030156 0.096911
vt 0.022617 0.099939
vt 0.022617 0.024228
vt 0.017591 0.036342
vt 0.022617 0.042399
vt 0.030156 0.033313
vt 0.030156 0.045427
vt 0.022617 0.057541
vt 0.035182 0.057541
vt 0.040208 0.072683
vt 0.040208 0.057541
vt 0.040208 0.084797
vt 0.040208 0.096911
vt 0.040208 0.024228
vt 0.030156 0.024228
vt 0.040208 0.030285
vt 0.040208 0.03937
vt 0.035182 0.048455
vt 0.040208 0.048455
vt 0.255779 0.1143
vt 0.362921 0.114419
vt 0.362921 0.00369102
vt 0.255779 0.00380999
vt 0.614173 0.23622
vt 0.535433 0.23622
vt 0.533286 0.239561
vt 0.444524 0.239561
vt 0.38535 0.221427
vt 0.38535 0.239561
vt 0.255548 0.114419
vt 0.255548 0.00369102
vt 0.474442 0.957095
vt 0.474442 0.994501
vt 0.305655 0.025837
vt 0.57027 0.103555
vt 0.560055 0.88189
vt 0.565929 0.850394
vt 0.513061 0.787402
vt 0.536558 0.826772
vt 0.524809 0.944882
vt 0.471941 0.92126
vt 0.530684 0.866142
vt 0.565929 0.629921
vt 0.548306 0.590551
vt 0.507187 0.598425
vt 0.471941 0.614173
vt 0.548306 0.566929
vt 0.513061 0.543307
vt 0.583552 0.582677
vt 0.590441 0.711426
vt 0.568027 0.541577
vt 0.513061 0.76378
vt 0.513061 0.724409
vt 0.477815 0.724409
vt 0.674016 0.611417
vt 0.674016 0.520472
vt 0.66168 0.570079
vt 0.744385 0.575787
vt 0.729528 0.512205
vt 0.729087 0.611496
vt 0.741864 0.537008
vt 0.430821 0.787402
vt 0.430821 0.755905
vt 0.430821 0.834646
vt 0.409449 0.123444
vt 0.472441 0.099314
vt 0.472441 0.133096
vt 0.511811 0.205486
vt 0.480315 0.162052
vt 0.598425 0.137922
vt 0.614173 0.205486
vt 0.385827 0.205486
vt 0.385827 0.157226
vt 0.519685 0.118618
vt 0.354331 0.259843
vt 0.362205 0.291339
vt 0.322835 0.362205
vt 0.419073 0.590551
vt 0.383827 0.566929
vt 0.419073 0.669291
vt 0.430821 0.559055
vt 0.40145 0.976378
vt 0.40145 0.929134
vt 0.408411 0.964164
vt 0.389839 0.935813
vt 0.40145 0.905512
vt 0.394426 0.89406
vt 0.413073 0.890722
vt 0.408411 0.880707
vt 0.424727 0.884046
vt 0.436695 0.968504
vt 0.44257 0.944882
vt 0.44257 0.976378
vt 0.424947 0.976378
vt 0.383827 0.708661
vt 0.383827 0.80315
vt 0.364385 0.635615
vt 0.290369 0.703937
vt 0.290388 0.635615
vt 0.364385 0.703937
vt 0.364387 0.743792
vt 0.318837 0.846275
vt 0.307464 0.738098
vt 0.364385 0.90321
vt 0.039855 0.954452
vt 0.005694 0.943065
vt 0.005694 0.863356
vt 0.074016 0.88613
vt 0.079709 0.755179
vt 0.005694 0.760872
vt 0.005694 0.703937
vt 0.074084 0.635615
vt 0.074016 0.703937
vt 0.005694 0.635615
vt 0.14239 0.635615
vt 0.142338 0.703937
vt 0.148082 0.743792
vt 0.159419 0.840581
vt 0.239128 0.829194
vt 0.233466 0.738098
vt 0.216354 0.703937
vt 0.216389 0.635615
vt 0.362459 0.1143
vt 0.614173 0.239268
vt 0.535433 0.239268
vt 0.519685 0.23622
vt 0.440945 0.239268
vt 0.085403 0.698243
vt 0.148032 0.698243
vt 0.005694 0.698243
vt 0.566929 0.10414
vt 0.30745 0.698243
vt 0.364385 0.698243
vt 0.233434 0.698243
vt 0.030156 0.057541
vt 0.542432 0.724409
vt 0.542432 0.755905
vt 0.571804 0.724409
vt 0.560055 0.677165
vt 0.424947 0.984252
vt 0.686352 0.512205
vt 0.704856 0.619685
vt 0.67363 0.520989
vt 0.67363 0.611934
vt 0.661294 0.570595
vt 0.729142 0.512721
vt 0.741478 0.578863
vt 0.729142 0.611934
vt 0.741478 0.537525
vt 0.400181 0.9328
vt 0.409316 0.962952
vt 0.389595 0.937216
vt 0.395079 0.896026
vt 0.407324 0.88189
vt 0.439826 0.942874
vt 0.436257 0.966955
vt 0.44186 0.972991
vt 0.423554 0.972991
vt 0.423554 0.98303
vt 0.685966 0.512721
vt 0.70447 0.620202
vt 0.322835 0.322835
vt 0.294547 0.365288
vt 0.548306 0.779528
vt 0.546945 0.782536
vt 0.165354 0.062992
vt 0.188976 0.110236
vt 0.141732 0.110236
vt 0.133858 0.062992
vt 0.204724 0.062992
vt 0.228346 0.110236
vt 0.23622 0.062992
vt 0.141732 0.015748
vt 0.188976 0.015748
vt 0.220472 0.015748
vt 0.541766 0.994501
vt 0.385827 0.239268
vt 0.385827 0.219964
vt 0.471941 0.96063
vt 0.471941 0.992126
vt 0.542432 0.992126
vt 0.76378 0.653543
vt 0.787402 0.771654
vt 0.76378 0.771654
vt 0.787402 0.653543
vt 0.779528 0.771654
vt 0.765571 0.773381
vt 0.583552 0.535433
vt 0.349685 0.15085
vt 0.329148 0.132201
vt 0.288074 0.15085
vt 0.260691 0.181931
vt 0.349685 0.181931
vt 0.259843 0.212598
vt 0.274382 0.237878
vt 0.349685 0.213013
vt 0.349685 0.237878
vt 0.291185 0.204724
vt 0.291185 0.23622
vt 0.347196 0.23622
vt 0.329148 0.202184
vt 0.342839 0.171704
vt 0.328525 0.15748
vt 0.349685 0.202184
vt 0.301979 0.158196
vt 0.307087 0.133858
vt 0.26318 0.188976
vt 0.274474 0.158196
vt 0.346422 0.151764
vt 0.28686 0.153085
vt 0.26318 0.23622
vt 0.170851 0.891823
vt 0.239158 0.891823
vt 0.142338 0.937371
vt 0.142338 0.994306
vt 0.19358 0.943065
vt 0.19358 0.994306
vt 0.09679 0.954452
vt 0.250542 0.994306
vt 0.250515 0.943065
vt 0.364385 0.994306
vt 0.296063 0.703937
vt 0.296063 0.635615
vt 0.079709 0.635615
vt 0.079709 0.703937
vt 0.153725 0.635615
vt 0.153725 0.703937
vt 0.227741 0.703937
vt 0.227741 0.635615
vt 0.866142 0.708661
vt 0.858268 0.653768
vt 0.061289 0.805914
vt 0.103488 0.777953
vt 0.103488 0.805914
vt 0.061289 0.777953
vt 0.155065 0.805914
vt 0.155065 0.777953
vt 0.21133 0.777953
vt 0.281662 0.777953
vt 0.281662 0.805914
vt 0.347305 0.805914
vt 0.347305 0.777953
vt 0.095229 0.738098
vt 0.053446 0.769155
vt 0.086872 0.769155
vt 0.053446 0.738098
vt 0.132833 0.769155
vt 0.132833 0.738098
vt 0.195508 0.738098
vt 0.258183 0.738098
vt 0.258183 0.773592
vt 0.295788 0.773592
vt 0.295788 0.738098
vt 0.006733 0.092485
vt 0.001512 0.07867
vt 0.006733 0.07867
vt 0.001512 0.092485
vt 0.006733 0.037226
vt 0.001512 0.023412
vt 0.006733 0.023412
vt 0.001512 0.037226
vt 0.006733 0.051041
vt 0.001512 0.051041
vt 0.006733 0.064856
vt 0.011955 0.064856
vt 0.011955 0.106299
vt 0.006733 0.106299
vt 0.011955 0.037226
vt 0.011955 0.023412
vt 0.011955 0.051041
vt 0.017176 0.051041
vt 0.032669 0.080409
vt 0.038063 0.07867
vt 0.032841 0.092485
vt 0.020104 0.083912
vt 0.022617 0.073402
vt 0.022617 0.094422
vt 0.03023 0.106299
vt 0.022617 0.104932
vt 0.022398 0.023412
vt 0.017176 0.037226
vt 0.022617 0.045376
vt 0.03023 0.033773
vt 0.030156 0.048879
vt 0.021895 0.064414
vt 0.040674 0.07867
vt 0.035182 0.062892
vt 0.03973 0.064414
vt 0.043284 0.092485
vt 0.043284 0.106299
vt 0.03023 0.023412
vt 0.040674 0.023412
vt 0.040674 0.030319
vt 0.040674 0.04068
vt 0.035182 0.052382
vt 0.040674 0.051041
vt 0.053728 0.023412
vt 0.053728 0.037226
vt 0.053728 0.051041
vt 0.064171 0.051041
vt 0.064171 0.064856
vt 0.047374 0.064414
vt 0.048506 0.07867
vt 0.064171 0.07867
vt 0.053728 0.092485
vt 0.064171 0.092485
vt 0.053728 0.106299
vt 0.064171 0.106299
vt 0.030156 0.062892
vt 0.064171 0.037226
vt 0.064171 0.023412
vt 0.314961 0.322835
vt 0.338583 0.259843
vt 0.362205 0.283465
vt 0.346457 0.362205
vt 0.331419 0.262434
vt 0.362205 0.314961
vt 0.301648 0.304028
vt 0.362205 0.338583
vt 0.259843 0.307087
vt 0.259843 0.370079
vt 0.277978 0.283442
vt 0.307087 0.330709
vt 0.307087 0.259843
vt 0.362205 0.307087
vt 0.307087 0.362205
vt 0.259843 0.299213
vt 0.263177 0.293615
vt 0.275591 0.259843
vt 0.275591 0.362205
vt 0.070866 0.616854
vt 0.070866 0.601273
vt 0.007874 0.601273
vt 0.007874 0.616854
vt 0.07874 0.544145
vt 0.03937 0.523371
vt 0.007874 0.538951
vt 0.007874 0.559725
vt 0.007874 0.518177
vt 0.322835 0.544145
vt 0.362205 0.528564
vt 0.330709 0.528564
vt 0.362205 0.544145
vt 0.267717 0.564919
vt 0.362205 0.564919
vt 0.267717 0.616854
vt 0.362205 0.601273
vt 0.267717 0.601273
vt 0.362205 0.616854
vt 0.204724 0.601273
vt 0.204724 0.575306
vt 0.141732 0.575306
vt 0.141732 0.601273
vt 0.204724 0.616854
vt 0.141732 0.616854
vt 0.086614 0.518177
vt 0.03937 0.50779
vt 0.141732 0.528564
vt 0.204724 0.528564
vt 0.267717 0.523371
vt 0.307087 0.518177
vt 0.362205 0.533758
vt 0.362205 0.518177
vt 0.007874 0.50779
vt 0.307087 0.476629
vt 0.362205 0.481823
vt 0.267717 0.476629
vt 0.212598 0.481823
vt 0.149606 0.487016
vt 0.094488 0.481823
vt 0.047244 0.481823
vt 0.007874 0.481823
vt 0.307087 0.383146
vt 0.362205 0.409114
vt 0.362205 0.383146
vt 0.307087 0.414307
vt 0.267717 0.383146
vt 0.267717 0.419501
vt 0.220472 0.383146
vt 0.220472 0.414307
vt 0.165354 0.383146
vt 0.15748 0.409114
vt 0.102362 0.383146
vt 0.102362 0.40392
vt 0.047244 0.383146
vt 0.047244 0.398727
vt 0.007874 0.409114
vt 0.007874 0.383146
vt 0.15748 0.471436
vt 0.165354 0.455855
vt 0.102362 0.455855
vt 0.055118 0.455855
vt 0.007874 0.471436
vt 0.007874 0.461049
vt 0.212598 0.471436
vt 0.220472 0.455855
vt 0.259843 0.466242
vt 0.267717 0.455855
vt 0.307087 0.466242
vt 0.307087 0.455855
vt 0.362205 0.471436
vt 0.362205 0.461049
vt 0.362205 0.435081
vt 0.307087 0.435081
vt 0.165354 0.435081
vt 0.220472 0.435081
vt 0.102362 0.435081
vt 0.055118 0.435081
vt 0.007874 0.435081
vt 0.07874 0.575306
vt 0.007874 0.580499
vt 0.267717 0.585693
vt 0.362205 0.580499
vt 0.267717 0.435081
vt 0.76378 0.598425
vt 0.818898 0.535433
vt 0.818898 0.590551
vt 0.787402 0.527559
vt 0.80315 0.614173
vt 0.850394 0.598425
vt 0.866142 0.519685
vt 0.811024 0.511811
vt 0.826772 0.677165
vt 0.506477 0.386999
vt 0.430531 0.407773
vt 0.520924 0.405356
vt 0.448057 0.371419
vt 0.453899 0.381806
vt 0.448057 0.412967
vt 0.383795 0.41816
vt 0.383795 0.392193
vt 0.383795 0.366225
vt 0.503937 0.401575
vt 0.551181 0.409449
vt 0.553213 0.386999
vt 0.886071 0.699811
vt 0.94263 0.734898
vt 0.886071 0.734898
vt 0.94263 0.699811
vt 0.059057 0.073179
vt 0.040208 0.066626
vt 0.048498 0.047011
vt 0.057302 0.066526
vt 0.383795 0.454515
vt 0.430531 0.49087
vt 0.383795 0.49087
vt 0.401321 0.49087
vt 0.401321 0.454515
vt 0.94263 0.769984
vt 0.889764 0.771654
vt 0.067746 0.042537
vt 0.070403 0.060176
vt 0.070403 0.069382
vt 0.614173 0.07874
vt 0.574803 0.00787401
vt 0.614173 0.00787401
vt 0.574803 0.07874
vt 0.886071 0.664725
vt 0.94263 0.664725
vt 0.401321 0.423354
vt 0.082928 0.051484
vt 0.886071 0.636656
vt 0.94263 0.636656
vt 0.424689 0.49087
vt 0.518161 0.49087
vt 0.551181 0.488189
vt 0.511811 0.488189
vt 0.535433 0.409449
vt 0.477267 0.49087
vt 0.500635 0.49087
vt 0.459741 0.49087
vt 0.913386 0.220472
vt 0.913386 0.168164
vt 0.937008 0.220472
vt 0.937008 0.165354
vt 0.850394 0.220472
vt 0.846593 0.165354
vt 0.826772 0.220472
vt 0.826772 0.165354
vt 0.442215 0.314291
vt 0.506477 0.324678
vt 0.383795 0.309097
vt 0.471425 0.309097
vt 0.424689 0.309097
vt 0.518161 0.303904
vt 0.553213 0.314291
vt 0.962921 0.429571
vt 0.91267 0.407407
vt 0.964674 0.379987
vt 0.925645 0.353672
vt 0.856393 0.389891
vt 0.856393 0.360935
vt 0.574803 0.291641
vt 0.645669 0.385827
vt 0.574803 0.385827
vt 0.645669 0.291641
vt 0.653418 0.011082
vt 0.665167 0.088656
vt 0.64167 0.060951
vt 0.776778 0.016623
vt 0.788526 0.132983
vt 0.729784 0.110819
vt 0.718035 0.00554103
vt 0.87664 0.144065
vt 0.894263 0.00554103
vt 0.789047 0.388759
vt 0.856393 0.428499
vt 0.773528 0.438151
vt 0.840086 0.490522
vt 0.778403 0.491237
vt 0.976378 0.543307
vt 0.889764 0.614173
vt 0.979804 0.617924
vt 0.889764 0.543307
vt 0.890336 0.47944
vt 0.886357 0.617429
vt 0.574803 0.393701
vt 0.645669 0.393701
vt 0.645669 0.487886
vt 0.574803 0.487886
vt 0.94617 0.473899
vt 0.750019 0.353672
vt 0.976378 0.614173
vt 0.327956 0.860358
vt 0.354094 0.887204
vt 0.320922 0.900249
vt 0.361656 0.855328
vt 0.344084 0.829996
vt 0.301782 0.828363
vt 0.28479 0.85727
vt 0.28724 0.892797
vt 0.95888 0.121901
vt 0.970629 0.022164
vt 0.994126 0.072033
vt 0.706112 0.428232
vt 0.666292 0.428499
vt 0.705287 0.404369
vt 0.667084 0.375601
vt 0.705287 0.476759
vt 0.979804 0.616926
vt 0.613113 0.010835
vt 0.566929 0.07874
vt 0.566929 0.00787401
vt 0.503937 0.07874
vt 0.503937 0.00787401
vt 0.887851 0.659303
vt 0.944417 0.659764
vt 0.944417 0.723326
vt 0.887851 0.72416
vt 0.115597 0.051484
vt 0.113854 0.054368
vt 0.115597 0.063598
vt 0.113854 0.058118
vt 0.110586 0.064497
vt 0.108534 0.058118
vt 0.105308 0.064497
vt 0.105342 0.058118
vt 0.976378 0.637795
vt 0.893541 0.634981
vt 0.108534 0.054368
vt 0.105342 0.054368
vt 0.893541 0.746675
vt 0.971766 0.746675
vt 0.974891 0.769591
vt 0.887851 0.770997
vt 0.113854 0.04312
vt 0.108475 0.045705
vt 0.110662 0.048744
vt 0.115597 0.048455
vt 0.105342 0.048744
vt 0.105342 0.044994
vt 0.893541 0.747276
vt 0.888279 0.772069
vt 0.976378 0.771654
vt 0.944417 0.747161
vt 0.105342 0.050619
vt 0.110662 0.050619
vt 0.944417 0.6836
vt 0.893541 0.682419
vt 0.613113 0.081707
vt 0.614173 0.009022
vt 0.115597 0.036342
vt 0.113854 0.03937
vt 0.108534 0.03937
vt 0.105342 0.03937
vt 0.893541 0.658097
vt 0.971766 0.658097
vt 0.888279 0.634153
vt 0.105342 0.035621
vt 0.110662 0.035621
vt 0.889764 0.748031
vt 0.613113 0.080224
vt 0.115597 0.033313
vt 0.115597 0.021199
vt 0.113753 0.02566
vt 0.113753 0.030672
vt 0.108534 0.024372
vt 0.108475 0.030672
vt 0.105342 0.024372
vt 0.105308 0.030672
vt 0.974503 0.635158
vt 0.890064 0.635158
vt 0.110586 0.020649
vt 0.105308 0.020649
vt 0.110662 0.033746
vt 0.105342 0.033746
vt 0.974503 0.772803
vt 0.890064 0.772803
vt 0.889214 0.723326
vt 0.972019 0.747161
vt 0.889214 0.747161
vt 0.108534 0.00749898
vt 0.108058 0.00380999
vt 0.103032 0.00380999
vt 0.105342 0.00749898
vt 0.11279 0.00749898
vt 0.115597 0.00380999
vt 0.893541 0.659303
vt 0.613113 0.076927
vt 0.11279 0.013123
vt 0.108534 0.013123
vt 0.105342 0.013123
vt 0.889214 0.770997
vt 0.115597 0.018171
vt 0.110662 0.016873
vt 0.105342 0.016873
vt 0.976607 0.636074
vt 0.889214 0.635929
vt 0.740157 0.251969
vt 0.740157 0.19685
vt 0.669291 0.244094
vt 0.669291 0.19685
vt 0.067851 0.021199
vt 0.07539 0.051484
vt 0.07539 0.036342
vt 0.07539 0.069655
vt 0.07539 0.081769
vt 0.07539 0.105996
vt 0.070364 0.112053
vt 0.616854 0.00971699
vt 0.564919 0.00971699
vt 0.511811 0.07874
vt 0.512984 0.00971699
vt 0.472086 0.00884402
vt 0.472441 0.07874
vt 0.070468 0.012274
vt 0.07539 0.012274
vt 0.077902 0.024228
vt 0.070468 0.017821
vt 0.070468 0.00672698
vt 0.07539 0.00605702
vt 0.385827 0.07874
vt 0.420358 0.00884402
vt 0.090467 0.030285
vt 0.087954 0.024228
vt 0.111112 0.037153
vt 0.115597 0.038897
vt 0.115597 0.027256
vt 0.110571 0.030285
vt 0.105545 0.027256
vt 0.103032 0.030285
vt 0.099105 0.027735
vt 0.098006 0.030285
vt 0.080311 0.012274
vt 0.080311 0.00672698
vt 0.07539 0.00302798
vt 0.480315 0.07874
vt 0.480315 0.00787401
vt 0.07539 0.115082
vt 0.80315 0.23622
vt 0.80315 0.291339
vt 0.087954 0.105996
vt 0.087954 0.115082
vt 0.080415 0.115082
vt 0.080415 0.112053
vt 0.082928 0.099939
vt 0.103637 0.037153
vt 0.099152 0.037153
vt 0.093172 0.037153
vt 0.771654 0.330709
vt 0.80315 0.330709
vt 0.740157 0.330709
vt 0.09298 0.084797
vt 0.09298 0.081769
vt 0.103032 0.045427
vt 0.110571 0.045427
vt 0.106627 0.042383
vt 0.115597 0.042399
vt 0.099152 0.042383
vt 0.099152 0.045869
vt 0.093172 0.040549
vt 0.099152 0.04064
vt 0.106627 0.04064
vt 0.473702 0.081685
vt 0.472441 0.00787401
vt 0.512984 0.081756
vt 0.511811 0.00787401
vt 0.564919 0.081756
vt 0.616854 0.081756
vt 0.115597 0.054512
vt 0.111112 0.051099
vt 0.103637 0.051099
vt 0.099152 0.051099
vt 0.093172 0.051033
vt 0.093172 0.056329
vt 0.099152 0.054586
vt 0.106627 0.054586
vt 0.383146 0.076897
vt 0.385827 0.00787401
vt 0.474238 0.07777
vt 0.471436 0.080248
vt 0.383146 0.080248
vt 0.385827 0.03937
vt 0.669291 0.330709
vt 0.692913 0.330709
vt 0.512984 0.080248
vt 0.564919 0.080248
vt 0.616854 0.080248
vt 0.115597 0.069655
vt 0.115597 0.058072
vt 0.110571 0.066626
vt 0.11097 0.059187
vt 0.103032 0.066626
vt 0.103554 0.059187
vt 0.098006 0.066626
vt 0.099105 0.059187
vt 0.093172 0.066177
vt 0.106521 0.068506
vt 0.099105 0.068506
vt 0.093172 0.070275
vt 0.106627 0.056329
vt 0.099152 0.056329
vt 0.097657 0.085963
vt 0.099152 0.080734
vt 0.103637 0.085963
vt 0.103637 0.080734
vt 0.109617 0.080734
vt 0.114643 0.084482
vt 0.512984 0.076897
vt 0.564919 0.076897
vt 0.616854 0.076897
vt 0.109617 0.075504
vt 0.103899 0.075607
vt 0.099152 0.075504
vt 0.114643 0.073789
vt 0.106627 0.072018
vt 0.099152 0.072018
vt 0.362205 0.330709
vt 0.307087 0.314961
vt 0.330709 0.362205
vt 0.299213 0.259843
vt 0.314961 0.330709
vt 0.889002 0.330784
vt 0.857844 0.330784
vt 0.873423 0.246222
vt 0.927949 0.330784
vt 0.935738 0.246222
vt 0.959106 0.330709
vt 0.889002 0.330709
vt 0.920159 0.330709
vt 0.920159 0.251969
vt 0.842266 0.330784
vt 0.818898 0.330784
vt 0.834476 0.246222
vt 0.826687 0.330784
vt 0.865634 0.274991
vt 0.974685 0.330784
vt 0.868817 0.845347
vt 0.896495 0.852277
vt 0.907094 0.883462
vt 0.868817 0.876532
vt 0.917489 0.828022
vt 0.931348 0.879997
vt 0.861062 0.830582
vt 0.872746 0.865634
vt 0.831852 0.830582
vt 0.808484 0.865634
vt 0.802642 0.82474
vt 0.761565 0.866137
vt 0.820469 0.834952
vt 0.789285 0.866137
vt 0.841259 0.841882
vt 0.834329 0.873067
vt 0.907094 0.907716
vt 0.868817 0.900786
vt 0.931348 0.914646
vt 0.866904 0.900686
vt 0.802642 0.894844
vt 0.761565 0.907716
vt 0.782355 0.904251
vt 0.830864 0.897321
vt 0.896495 0.938901
vt 0.865357 0.935436
vt 0.917253 0.949296
vt 0.861062 0.935738
vt 0.802642 0.935738
vt 0.761565 0.935436
vt 0.78582 0.931971
vt 0.834329 0.931971
vt 0.858584 0.970086
vt 0.886116 0.970086
vt 0.858438 0.970086
vt 0.790958 0.97079
vt 0.816921 0.970086
vt 0.803082 0.970086
vt 0.837794 0.970086
vt 0.855119 0.824557
vt 0.848058 0.994341
vt 0.848189 0.983946
vt 0.865514 0.983946
vt 0.865514 0.994341
vt 0.844599 0.994341
vt 0.844599 0.983946
vt 0.82601 0.982474
vt 0.816921 0.994341
vt 0.816921 0.983946
vt 0.834329 0.983946
vt 0.834329 0.994341
vt 0.91237 0.246222
vt 0.868817 0.980481
vt 0.875736 0.980481
vt 0.803082 0.983946
vt 0.966895 0.244094
vt 0.998053 0.283465
vt 0.882656 0.994341
vt 0.868817 0.994341
vt 0.806542 0.994341
vt 0.83849 0.929185
vt 0.838985 0.926087
vt 0.844608 0.927425
vt 0.843835 0.931363
vt 0.848674 0.930649
vt 0.851003 0.928874
vt 0.851003 0.92566
vt 0.846295 0.923425
vt 0.841493 0.923708
vt 0.383795 0.257162
vt 0.436373 0.257162
vt 0.506477 0.257162
vt 0.553213 0.257162
vt 0.518161 0.257162
vt 0.424689 0.257162
vt 0.471425 0.257162
vt 0.465583 0.257162
vt 0.133821 0.923137
vt 0.001512 0.099392
vt 0.001512 0.106299
vt 0.261902 0.914597
vt 0.256208 0.928831
vt 0.001512 0.064856
vt 0.001512 0.057948
vt 0.001512 0.071763
vt 0.250515 0.90321
vt 0.364385 0.948758
vt 0.002513 0.060569
vt 0.002513 0.054512
vt 0.002513 0.066626
vt 0.341611 0.874743
vt 0.116717 0.863356
vt 0.002513 0.090854
vt 0.002513 0.096911
vt 0.741978 0.828752
vt 0.731166 0.87642
vt 0.702188 0.883023
vt 0.705897 0.827388
vt 0.720354 0.924087
vt 0.69848 0.938658
vt 0.666973 0.894946
vt 0.667607 0.855003
vt 0.66824 0.81506
vt 0.518935 0.653543


usemtl asterix

f 221/160/297 222/161/298 223/162/299
f 222/161/298 221/160/297 224/163/300
f 225/164/301 226/165/302 227/166/303
f 227/166/303 228/167/304 225/164/301
f 227/166/303 226/165/302 229/168/305
f 229/168/305 230/169/306 227/166/303
f 229/168/305 231/170/307 230/169/306
f 231/170/307 229/168/305 232/171/308
f 232/171/308 233/172/309 231/170/307
f 233/172/309 232/171/308 234/173/310
f 233/172/309 234/173/310 235/174/311
f 234/173/310 236/175/312 235/174/311
f 237/176/313 238/177/314 239/178/315
f 238/177/314 237/176/313 240/179/316
f 240/179/316 241/180/317 238/177/314
f 241/180/317 240/179/316 242/181/318
f 226/165/302 225/164/301 243/182/319
f 243/182/319 244/183/320 226/165/302
f 244/183/320 245/184/321 229/168/305
f 229/168/305 226/165/302 244/183/320
f 245/184/321 232/171/308 229/168/305
f 245/184/321 246/185/322 232/171/308
f 246/185/322 234/173/310 232/171/308
f 234/173/310 246/185/322 236/175/312
f 246/185/322 247/186/323 236/175/312
f 237/176/313 247/186/323 248/187/324
f 248/187/324 240/179/316 237/176/313
f 248/187/324 249/188/325 242/181/318
f 242/181/318 240/179/316 248/187/324
f 250/189/326 251/190/327 244/183/320
f 244/183/320 243/182/319 250/189/326
f 250/189/326 249/188/325 251/190/327
f 251/190/327 249/188/325 248/187/324
f 244/183/320 251/190/327 245/184/321
f 245/184/321 251/190/327 252/191/328
f 251/190/327 248/187/324 247/186/323
f 247/186/323 252/191/328 251/190/327
f 247/186/323 246/185/322 252/191/328
f 252/191/328 246/185/322 245/184/321
f 236/175/312 237/176/313 239/178/315
f 239/178/315 235/174/311 236/175/312
f 236/175/312 247/186/323 237/176/313
f 253/192/329 224/193/330 221/194/331
f 221/194/331 254/194/332 253/192/329
f 255/195/333 256/196/333 253/192/329
f 257/197/334 258/193/334 225/194/335
f 257/197/334 259/198/336 258/193/334
f 224/163/300 260/199/337 228/167/304
f 228/167/304 222/161/298 224/163/300
f 225/164/301 228/167/304 260/199/337
f 261/200/338 258/201/339 255/202/340
f 255/202/340 262/203/341 261/200/338
f 254/204/342 221/160/297 223/162/299
f 223/162/299 263/205/343 254/204/342
f 223/162/299 264/206/344 263/205/343
f 265/207/345 266/208/346 261/200/338
f 261/200/338 262/203/341 265/207/345
f 267/209/347 265/207/345 262/203/341
f 267/209/347 263/205/343 268/210/348
f 267/209/347 269/211/349 263/205/343
f 270/212/350 271/213/351 272/214/352
f 270/212/350 272/214/352 273/215/353
f 273/215/353 272/214/352 274/216/354
f 274/216/354 275/217/355 273/215/353
f 273/215/353 276/218/356 277/219/357
f 277/219/357 270/212/350 273/215/353
f 278/220/358 279/221/359 280/222/360
f 280/222/360 279/221/359 281/223/361
f 281/223/361 282/224/362 280/222/360
f 280/222/360 282/224/362 283/225/363
f 271/213/351 280/222/360 283/225/363
f 283/225/363 249/188/325 271/213/351
f 278/220/358 280/222/360 271/213/351
f 271/213/351 270/212/350 278/220/358
f 277/219/357 278/220/358 270/212/350
f 277/219/357 284/226/364 278/220/358
f 285/227/365 266/208/346 286/228/366
f 286/228/366 287/229/367 285/227/365
f 285/227/365 261/200/338 266/208/346
f 266/208/346 288/230/368 289/231/369
f 266/208/346 290/232/370 288/230/368
f 266/233/371 265/234/372 290/235/373
f 291/236/374 292/237/375 293/238/376
f 293/238/376 294/239/377 291/236/374
f 292/237/375 268/240/378 293/238/376
f 292/237/375 267/241/379 268/240/378
f 292/237/375 290/235/373 265/234/372
f 265/234/372 267/241/379 292/237/375
f 291/236/374 288/242/380 290/235/373
f 290/235/373 292/237/375 291/236/374
f 295/243/381 296/244/382 297/245/383
f 297/245/383 298/246/384 295/243/381
f 297/247/385 299/244/386 298/246/384
f 300/248/387 301/249/388 302/250/389
f 302/250/389 303/244/390 300/248/387
f 304/251/391 305/252/392 306/253/392
f 307/254/393 308/255/394 309/244/395
f 309/244/395 310/248/396 307/254/393
f 311/256/397 312/257/398 298/258/399
f 298/258/399 299/255/400 311/256/397
f 313/255/401 314/248/402 315/244/403
f 304/252/404 316/253/405 313/259/406
f 304/251/391 317/252/407 316/253/405
f 298/258/399 312/257/398 294/260/408
f 313/255/401 317/249/409 314/248/402
f 317/259/410 313/252/411 316/253/405
f 318/249/412 317/248/413 308/255/394
f 308/255/394 317/248/413 304/244/414
f 318/249/412 308/255/394 307/254/393
f 307/261/415 319/262/416 318/263/417
f 320/264/418 318/263/417 319/262/416
f 321/265/419 307/266/420 310/267/421
f 321/265/419 322/268/422 307/266/420
f 322/268/422 319/269/423 307/266/420
f 322/268/422 323/270/424 319/269/423
f 323/270/424 324/271/425 319/269/423
f 323/270/424 325/272/426 324/271/425
f 325/272/426 326/273/427 324/271/425
f 327/274/428 326/273/427 325/272/426
f 328/275/429 329/276/430 330/277/431
f 330/277/431 286/228/366 328/275/429
f 286/228/366 330/277/431 331/278/432
f 331/278/432 287/229/367 286/228/366
f 329/276/430 320/264/418 274/216/354
f 274/216/354 330/277/431 329/276/430
f 328/275/429 286/228/366 266/208/346
f 266/208/346 289/231/369 328/275/429
f 320/264/418 275/217/355 274/216/354
f 319/262/416 324/279/433 275/217/355
f 275/217/355 320/264/418 319/262/416
f 276/218/356 273/215/353 326/280/434
f 326/280/434 332/281/435 276/218/356
f 333/282/436 276/218/356 332/281/435
f 314/283/437 291/248/438 294/260/408
f 294/260/408 312/257/398 314/283/437
f 329/276/430 328/275/429 314/284/439
f 314/284/439 317/285/440 329/276/430
f 320/264/418 329/276/430 317/285/440
f 317/285/440 318/263/417 320/264/418
f 328/286/441 334/287/442 314/288/443
f 334/287/442 335/289/444 314/288/443
f 336/290/445 337/291/446 338/292/447
f 337/291/446 336/290/445 339/293/448
f 340/294/449 341/295/450 342/296/451
f 341/295/450 340/294/449 343/297/452
f 343/297/452 344/298/453 341/295/450
f 344/298/453 343/297/452 345/299/454
f 346/300/455 338/292/447 347/301/456
f 348/302/457 337/291/446 342/303/458
f 342/296/451 349/304/459 348/305/460
f 341/295/450 349/304/459 342/296/451
f 350/306/461 351/307/462 347/301/456
f 346/300/455 351/307/462 344/298/453
f 347/301/456 351/307/462 346/300/455
f 352/308/463 353/309/464 354/310/465
f 338/292/447 355/311/466 353/309/464
f 353/309/464 356/312/467 338/292/447
f 354/310/465 357/313/468 358/314/469
f 357/313/468 359/315/470 358/314/469
f 348/302/457 357/313/468 337/291/446
f 348/302/457 359/315/470 357/313/468
f 359/316/471 348/305/460 360/317/472
f 359/316/471 360/317/472 361/318/473
f 362/319/474 361/318/473 363/320/475
f 364/321/476 363/320/475 361/318/473
f 350/306/461 361/318/473 360/317/472
f 365/322/477 366/323/478 367/324/479
f 366/323/478 365/322/477 352/308/463
f 366/323/478 352/308/463 354/310/465
f 354/310/465 368/325/480 366/323/478
f 354/310/465 369/326/481 368/325/480
f 369/326/481 354/310/465 358/314/469
f 369/327/482 358/328/483 362/319/474
f 362/319/474 370/329/484 369/327/482
f 371/330/485 370/329/484 362/319/474
f 363/320/475 372/331/486 362/319/474
f 362/319/474 372/331/486 371/330/485
f 367/324/479 372/331/486 365/322/477
f 373/332/487 372/331/486 367/324/479
f 374/333/488 375/334/489 298/335/490
f 298/335/490 376/336/491 374/333/488
f 376/337/492 298/338/493 294/239/377
f 294/239/377 377/339/494 376/337/492
f 377/339/494 294/239/377 293/238/376
f 293/238/376 378/340/495 377/339/494
f 378/340/495 293/238/376 268/240/378
f 379/341/496 380/342/497 378/340/495
f 378/340/495 268/240/378 379/341/496
f 381/343/498 378/344/499 380/335/500
f 380/335/500 382/334/501 381/343/498
f 377/344/502 378/335/503 381/334/504
f 381/334/504 383/343/505 377/344/502
f 376/336/491 377/335/506 383/334/507
f 383/334/507 374/333/488 376/336/491
f 268/210/348 263/205/343 379/345/508
f 380/346/509 379/345/508 263/205/343
f 384/347/510 382/343/511 380/344/512
f 264/334/513 382/343/511 384/347/510
f 289/348/514 288/242/380 291/236/374
f 222/161/298 385/349/515 223/162/299
f 385/349/515 222/161/298 386/350/516
f 387/164/517 228/167/304 227/166/303
f 227/166/303 388/165/518 387/164/517
f 227/166/303 230/169/306 389/168/519
f 389/168/519 388/165/518 227/166/303
f 231/170/307 389/168/519 230/169/306
f 389/168/519 231/170/307 390/171/520
f 233/172/309 390/171/520 231/170/307
f 390/171/520 233/172/309 391/173/521
f 391/173/521 233/172/309 235/174/311
f 392/175/522 391/173/521 235/174/311
f 238/177/314 393/176/523 239/178/315
f 393/176/523 238/177/314 394/179/524
f 241/180/317 394/179/524 238/177/314
f 394/179/524 241/180/317 395/181/525
f 388/165/518 396/183/526 397/182/527
f 397/182/527 387/164/517 388/165/518
f 388/165/518 389/168/519 398/184/528
f 398/184/528 396/183/526 388/165/518
f 390/171/520 399/185/529 398/184/528
f 398/184/528 389/168/519 390/171/520
f 391/173/521 399/185/529 390/171/520
f 399/185/529 391/173/521 392/175/522
f 400/186/530 399/185/529 392/175/522
f 393/176/523 394/179/524 401/187/531
f 401/187/531 400/186/530 393/176/523
f 396/183/526 402/190/532 403/189/533
f 403/189/533 397/182/527 396/183/526
f 402/190/532 396/183/526 398/184/528
f 402/190/532 398/184/528 404/191/534
f 402/190/532 404/191/534 400/186/530
f 400/186/530 401/187/531 402/190/532
f 399/185/529 400/186/530 404/191/534
f 399/185/529 404/191/534 398/184/528
f 239/178/315 393/176/523 392/175/522
f 392/175/522 235/174/311 239/178/315
f 400/186/530 392/175/522 393/176/523
f 386/350/516 222/161/298 228/167/304
f 228/167/304 405/199/535 386/350/516
f 228/167/304 387/164/517 405/199/535
f 406/351/536 407/203/537 408/352/538
f 408/352/538 409/201/539 406/351/536
f 410/353/540 264/206/344 223/162/299
f 411/204/541 410/353/540 223/162/299
f 223/162/299 385/349/515 411/204/541
f 412/207/542 407/203/537 406/351/536
f 406/351/536 413/208/543 412/207/542
f 407/203/537 412/207/542 414/209/544
f 410/353/540 414/209/544 415/354/545
f 416/355/546 414/209/544 410/353/540
f 417/356/547 418/357/548 419/214/549
f 420/358/550 419/214/549 418/357/548
f 420/358/550 421/359/551 422/216/552
f 422/216/552 419/214/549 420/358/550
f 420/358/550 418/357/548 423/360/553
f 423/360/553 424/361/554 420/358/550
f 279/221/359 425/362/555 426/222/556
f 279/221/359 426/222/556 281/223/361
f 282/224/362 281/223/361 426/222/556
f 282/224/362 426/222/556 427/225/557
f 427/225/557 426/222/556 417/356/547
f 428/363/558 427/225/557 417/356/547
f 425/362/555 418/357/548 417/356/547
f 417/356/547 426/222/556 425/362/555
f 425/362/555 423/360/553 418/357/548
f 425/362/555 429/364/559 423/360/553
f 430/365/560 431/366/561 432/367/562
f 432/367/562 413/208/543 430/365/560
f 406/351/536 430/365/560 413/208/543
f 433/368/563 434/369/564 435/370/565
f 436/371/566 437/372/567 438/373/568
f 439/374/569 437/372/567 436/371/566
f 440/375/570 413/208/543 439/376/571
f 441/377/572 413/208/543 440/375/570
f 412/378/573 413/379/574 441/380/575
f 442/381/576 443/382/577 436/383/578
f 436/383/578 444/384/579 442/381/576
f 415/385/580 443/382/577 442/381/576
f 414/386/581 443/382/577 415/385/580
f 443/382/577 414/386/581 412/378/573
f 412/378/573 441/380/575 443/382/577
f 443/382/577 440/387/582 436/383/578
f 441/380/575 440/387/582 443/382/577
f 445/255/583 295/243/381 375/388/584
f 375/388/584 301/389/585 445/255/583
f 296/390/586 445/244/587 301/248/588
f 301/248/588 300/249/589 296/390/586
f 446/263/590 447/391/591 448/392/592
f 446/263/590 449/264/593 447/391/591
f 448/266/594 321/265/419 310/267/421
f 450/268/595 321/265/419 448/266/594
f 447/269/596 450/268/595 448/266/594
f 451/270/597 450/268/595 447/269/596
f 452/271/598 451/270/597 447/269/596
f 453/272/599 451/270/597 452/271/598
f 326/273/427 453/272/599 452/271/598
f 326/273/427 327/274/428 453/272/599
f 454/393/600 437/275/601 455/277/602
f 432/367/562 455/277/602 437/275/601
f 454/393/600 455/277/602 422/216/552
f 422/216/552 449/264/593 454/393/600
f 413/208/543 432/367/562 437/275/601
f 437/275/601 439/376/571 413/208/543
f 421/359/551 449/264/593 422/216/552
f 447/391/591 449/264/593 421/359/551
f 421/359/551 452/394/603 447/391/591
f 452/394/603 421/359/551 420/358/550
f 420/358/550 326/280/434 452/394/603
f 424/361/554 332/281/435 326/280/434
f 326/280/434 420/358/550 424/361/554
f 424/361/554 333/282/436 332/281/435
f 433/395/604 456/396/605 457/397/606
f 435/398/607 456/396/605 433/395/604
f 435/398/607 458/399/608 456/396/605
f 434/400/609 458/399/608 435/398/607
f 434/400/609 459/401/610 458/399/608
f 460/402/611 459/401/610 434/400/609
f 460/402/611 437/403/612 459/401/610
f 461/404/613 436/405/614 438/406/615
f 458/399/608 462/288/616 456/396/605
f 456/396/605 462/288/616 457/397/606
f 462/288/616 463/407/617 457/397/606
f 459/401/610 437/403/612 462/288/616
f 462/288/616 458/399/608 459/401/610
f 454/393/600 464/263/618 465/408/619
f 465/408/619 437/275/601 454/393/600
f 449/264/593 446/391/620 464/263/618
f 464/263/618 454/393/600 449/264/593
f 465/408/619 462/409/621 437/275/601
f 466/410/622 26/411/623 467/412/624
f 26/411/623 466/410/622 32/413/625
f 468/414/626 469/415/627 470/416/628
f 469/415/627 468/414/626 471/417/629
f 453/418/630 327/419/631 472/420/632
f 472/420/632 473/421/633 453/418/630
f 472/420/632 474/422/634 473/421/633
f 474/422/634 472/420/632 475/423/635
f 8/424/636 476/425/637 10/426/638
f 476/425/637 8/424/636 477/427/639
f 10/426/638 478/428/640 16/429/641
f 476/425/637 478/428/640 10/426/638
f 473/421/633 479/430/642 480/431/643
f 474/422/634 479/430/642 473/421/633
f 481/432/644 470/416/628 469/415/627
f 482/433/645 470/416/628 481/432/644
f 480/431/643 482/433/645 481/432/644
f 479/430/642 482/433/645 480/431/643
f 22/434/646 467/412/624 26/411/623
f 483/435/647 467/412/624 22/434/646
f 16/429/641 483/435/647 22/434/646
f 478/428/640 483/435/647 16/429/641
f 374/436/648 484/335/649 485/336/650
f 485/336/650 375/343/651 374/436/648
f 484/437/652 486/438/653 444/384/579
f 442/381/576 444/384/579 486/438/653
f 444/384/579 485/439/654 484/437/652
f 486/438/653 487/440/655 442/381/576
f 415/385/580 442/381/576 487/440/655
f 381/334/504 382/343/511 488/344/656
f 488/344/656 487/335/657 381/334/504
f 381/343/498 487/344/658 486/335/659
f 486/335/659 383/334/507 381/343/498
f 383/343/505 486/344/660 484/335/649
f 484/335/649 374/436/648 383/343/505
f 474/422/634 6/441/661 479/430/642
f 6/441/661 14/442/662 479/430/642
f 475/423/635 7/443/663 474/422/634
f 6/441/661 474/422/634 7/443/663
f 440/387/582 439/444/664 436/383/578
f 25/445/665 30/446/666 470/416/628
f 470/416/628 30/446/666 468/414/626
f 470/416/628 482/433/645 25/445/665
f 25/445/665 482/433/645 19/447/667
f 482/433/645 479/430/642 19/447/667
f 19/447/667 479/430/642 14/442/662
f 489/448/668 365/322/477 372/331/486
f 372/331/486 363/320/475 489/448/668
f 363/320/475 364/321/476 489/448/668
f 347/301/456 364/321/476 350/306/461
f 361/318/473 350/306/461 364/321/476
f 365/322/477 489/448/668 352/308/463
f 352/308/463 489/448/668 353/309/464
f 489/448/668 356/312/467 353/309/464
f 356/312/467 489/448/668 364/321/476
f 338/292/447 356/312/467 347/301/456
f 364/321/476 347/301/456 356/312/467
f 355/311/466 337/291/446 357/313/468
f 337/291/446 355/311/466 338/292/447
f 324/279/433 326/280/434 273/215/353
f 273/215/353 275/217/355 324/279/433
f 490/449/669 430/365/560 491/450/670
f 490/449/669 431/366/561 430/365/560
f 250/189/326 492/450/671 493/449/672
f 493/449/672 494/451/673 250/189/326
f 285/227/365 493/449/672 492/450/671
f 287/229/367 493/449/672 285/227/365
f 494/451/673 493/449/672 495/452/674
f 495/452/674 249/188/325 494/451/673
f 250/189/326 494/451/673 249/188/325
f 461/404/613 438/406/615 463/407/617
f 463/407/617 438/406/615 496/453/675
f 463/407/617 496/453/675 457/397/606
f 457/397/606 496/453/675 433/395/604
f 434/369/564 433/368/563 460/454/676
f 460/454/676 433/368/563 496/455/677
f 460/454/676 496/455/677 437/372/567
f 437/372/567 496/455/677 438/373/568
f 436/405/614 461/404/613 462/288/616
f 462/288/616 461/404/613 463/407/617
f 497/456/678 498/457/679 499/458/680
f 328/459/681 291/460/682 500/461/683
f 328/459/681 289/462/684 291/460/682
f 501/463/685 498/395/686 502/464/687
f 501/463/685 499/465/688 498/395/686
f 335/289/444 499/465/688 501/463/685
f 335/289/444 497/466/689 499/465/688
f 334/287/442 497/466/689 335/289/444
f 334/287/442 503/467/690 497/466/689
f 328/286/441 503/467/690 334/287/442
f 291/468/691 504/469/692 500/470/693
f 314/288/443 335/289/444 501/463/685
f 314/288/443 501/463/685 502/464/687
f 504/469/692 505/471/694 506/472/695
f 506/472/695 500/470/693 504/469/692
f 506/472/695 505/471/694 502/464/687
f 506/472/695 502/464/687 498/395/686
f 498/457/679 497/456/678 503/473/696
f 498/457/679 503/473/696 506/474/697
f 506/474/697 503/473/696 328/459/681
f 506/474/697 328/459/681 500/461/683
f 504/469/692 291/468/691 314/288/443
f 504/469/692 314/288/443 505/471/694
f 505/471/694 314/288/443 502/464/687
f 312/257/398 311/256/397 507/244/698
f 507/244/698 314/283/437 312/257/398
f 311/252/699 508/253/700 507/259/699
f 311/259/701 299/252/701 508/253/700
f 299/259/702 507/252/702 508/253/700
f 297/247/385 314/249/703 507/255/704
f 507/255/704 299/244/386 297/247/385
f 509/252/705 510/253/706 511/259/705
f 511/475/707 297/249/708 509/255/709
f 314/248/402 297/249/708 511/475/707
f 511/475/707 315/244/403 314/248/402
f 511/252/710 510/253/706 315/259/710
f 315/252/711 510/253/706 509/259/711
f 313/249/712 315/255/713 509/476/714
f 509/476/714 300/248/387 313/249/712
f 512/477/715 397/182/527 403/189/533
f 403/189/533 491/450/670 512/477/715
f 512/477/715 409/201/539 397/182/527
f 397/182/527 409/201/539 387/164/517
f 430/365/560 406/351/536 512/477/715
f 512/477/715 491/450/670 430/365/560
f 512/201/716 406/351/536 409/477/716
f 225/164/301 258/201/339 243/182/319
f 243/182/319 258/201/339 513/478/717
f 513/478/717 492/450/671 250/189/326
f 250/189/326 243/182/319 513/478/717
f 285/227/365 492/450/671 513/478/717
f 513/478/717 261/200/338 285/227/365
f 261/200/338 513/478/717 258/201/339
f 262/203/341 255/202/340 269/211/349
f 262/203/341 269/211/349 267/209/347
f 408/352/538 407/203/537 416/355/546
f 414/209/544 416/355/546 407/203/537
f 410/353/540 411/204/541 416/355/546
f 514/479/718 241/480/719 242/481/720
f 249/482/721 514/479/718 242/481/720
f 241/480/719 514/479/718 515/483/722
f 515/483/722 395/484/723 241/480/719
f 515/483/722 428/485/724 395/484/723
f 514/479/718 283/486/725 282/487/726
f 282/487/726 515/483/722 514/479/718
f 515/483/722 282/487/726 427/488/727
f 427/488/727 428/485/724 515/483/722
f 249/482/721 283/486/725 514/479/718
f 493/449/672 287/229/367 331/278/432
f 331/278/432 495/452/674 493/449/672
f 495/452/674 271/213/351 249/188/325
f 380/346/509 263/205/343 384/489/728
f 264/206/344 384/489/728 263/205/343
f 488/490/729 516/491/730 487/440/655
f 415/385/580 487/440/655 516/491/730
f 410/353/540 415/354/545 516/492/731
f 516/492/731 488/493/732 410/353/540
f 382/343/511 517/347/733 488/344/656
f 382/343/511 264/334/513 517/347/733
f 410/353/540 488/493/732 517/494/734
f 517/494/734 264/206/344 410/353/540
f 518/495/735 519/496/736 520/497/737
f 518/495/735 521/498/738 519/496/736
f 522/497/739 523/495/740 518/498/741
f 518/498/741 520/496/742 522/497/739
f 524/497/743 523/498/744 522/496/745
f 525/495/746 523/498/744 524/497/743
f 525/495/746 524/499/747 526/498/747
f 526/495/748 522/496/745 527/498/749
f 526/495/748 524/497/743 522/496/745
f 521/495/750 528/498/751 519/496/736
f 529/497/752 530/498/753 531/496/754
f 532/495/755 530/498/753 529/497/752
f 533/498/756 534/496/757 530/495/758
f 531/497/759 530/495/758 534/496/757
f 533/495/760 535/496/761 534/497/762
f 533/495/760 536/498/763 535/496/761
f 535/500/764 536/498/763 537/495/764
f 534/497/762 537/498/765 538/495/766
f 535/496/761 537/498/765 534/497/762
f 539/495/767 532/498/768 529/499/768
f 279/221/359 540/501/769 425/362/555
f 425/362/555 540/501/769 429/364/559
f 284/226/364 540/501/769 278/220/358
f 278/220/358 540/501/769 279/221/359
f 424/361/554 423/360/553 429/364/559
f 424/361/554 429/364/559 333/282/436
f 333/282/436 429/364/559 540/501/769
f 277/219/357 276/218/356 284/226/364
f 276/218/356 333/282/436 284/226/364
f 284/226/364 333/282/436 540/501/769
f 541/502/770 542/503/771 543/504/772
f 544/505/773 545/506/774 541/502/770
f 541/502/770 543/504/772 544/505/773
f 546/507/775 241/508/776 547/509/777
f 547/509/777 241/508/776 428/510/778
f 547/509/777 545/506/774 544/505/773
f 544/505/773 546/507/775 547/509/777
f 548/511/779 242/512/780 249/513/781
f 249/513/781 549/514/782 548/511/779
f 549/514/782 550/515/783 551/516/784
f 552/517/785 550/515/783 549/514/782
f 548/511/779 549/514/782 553/518/786
f 551/516/784 553/518/786 549/514/782
f 551/516/784 554/519/787 553/518/786
f 555/520/788 548/511/779 553/518/786
f 553/518/786 556/521/789 555/520/788
f 553/518/786 554/519/787 556/521/789
f 554/503/790 551/522/791 556/523/792
f 555/520/788 556/523/792 551/522/791
f 551/522/791 550/506/793 555/520/788
f 249/513/781 552/517/785 549/514/782
f 552/509/794 241/508/776 557/507/795
f 241/508/776 552/509/794 249/513/781
f 241/524/796 242/512/780 557/507/795
f 557/507/795 242/512/780 548/511/779
f 548/511/779 555/520/788 557/507/795
f 555/520/788 550/506/793 552/509/794
f 552/509/794 557/507/795 555/520/788
f 558/415/797 468/414/626 559/416/798
f 468/414/626 558/415/797 471/417/629
f 327/419/631 325/418/799 472/420/632
f 560/421/800 472/420/632 325/418/799
f 561/422/801 472/420/632 560/421/800
f 472/420/632 561/422/801 475/423/635
f 562/430/802 560/421/800 563/431/803
f 562/430/802 561/422/801 560/421/800
f 559/416/798 564/432/804 558/415/797
f 559/416/798 565/433/805 564/432/804
f 565/433/805 563/431/803 564/432/804
f 565/433/805 562/430/802 563/431/803
f 564/432/804 339/525/806 336/526/807
f 564/432/804 563/431/803 339/525/806
f 340/527/808 325/528/809 343/529/810
f 343/529/810 325/528/809 323/530/811
f 340/531/812 560/421/800 325/418/799
f 343/529/810 322/532/813 345/533/814
f 343/529/810 323/530/811 322/532/813
f 336/526/807 558/415/797 564/432/804
f 321/534/815 345/533/814 322/532/813
f 36/441/816 561/422/801 562/430/802
f 41/442/817 36/441/816 562/430/802
f 7/443/663 475/423/635 561/422/801
f 561/422/801 36/441/816 7/443/663
f 30/446/666 52/445/818 559/416/798
f 30/446/666 559/416/798 468/414/626
f 565/433/805 559/416/798 52/445/818
f 565/433/805 52/445/818 46/447/819
f 562/430/802 565/433/805 46/447/819
f 562/430/802 46/447/819 41/442/817
f 341/295/450 344/298/453 349/304/459
f 349/304/459 344/298/453 351/307/462
f 349/304/459 351/307/462 360/317/472
f 360/317/472 351/307/462 350/306/461
f 348/305/460 349/304/459 360/317/472
f 53/535/820 466/410/622 566/536/821
f 466/410/622 53/535/820 32/413/625
f 567/537/822 8/424/636 37/538/823
f 8/424/636 567/537/822 477/427/639
f 568/539/824 37/538/823 43/540/825
f 568/539/824 567/537/822 37/538/823
f 566/536/821 49/541/826 53/535/820
f 566/536/821 569/542/827 49/541/826
f 569/542/827 43/540/825 49/541/826
f 569/542/827 568/539/824 43/540/825
f 269/211/349 254/204/342 263/205/343
f 269/193/828 255/194/829 253/543/830
f 253/543/830 254/194/332 269/193/828
f 258/194/831 259/196/832 256/198/831
f 258/194/831 256/198/831 255/193/833
f 253/543/830 570/198/834 224/544/835
f 357/313/468 354/310/465 355/311/466
f 353/309/464 355/311/466 354/310/465
f 358/328/483 359/316/471 362/319/474
f 361/318/473 362/319/474 359/316/471
f 373/332/487 371/330/485 372/331/486
f 8/545/836 571/546/837 10/547/838
f 8/545/836 572/548/839 571/546/837
f 571/546/837 16/549/840 10/547/838
f 571/546/837 573/550/841 16/549/840
f 16/549/840 573/550/841 22/551/842
f 22/551/842 574/552/843 26/553/844
f 574/552/843 32/554/845 26/553/844
f 574/552/843 575/555/846 32/554/845
f 576/556/847 8/557/848 37/558/849
f 572/559/850 8/557/848 576/556/847
f 43/560/851 576/556/847 37/558/849
f 577/561/852 576/556/847 43/560/851
f 577/561/852 43/560/851 49/562/853
f 578/563/854 49/562/853 53/564/855
f 32/565/856 578/563/854 53/564/855
f 575/566/857 578/563/854 32/565/856
f 579/253/858 445/259/859 296/252/859
f 300/249/589 297/255/860 296/390/586
f 579/253/858 295/259/861 445/252/861
f 298/246/384 375/388/584 295/243/381
f 579/253/858 296/259/862 295/252/862
f 580/255/863 303/244/390 302/250/389
f 308/255/394 304/249/864 309/244/395
f 309/244/395 304/249/864 305/248/865
f 309/252/866 581/253/867 305/259/868
f 297/244/869 300/248/387 509/476/714
f 582/567/870 583/568/871 584/569/872
f 583/568/871 582/567/870 585/570/873
f 586/571/874 587/572/875 588/573/876
f 587/572/875 586/571/874 589/574/877
f 590/575/878 589/574/877 586/571/874
f 589/574/877 590/575/878 591/576/879
f 584/569/872 592/577/880 593/578/881
f 582/567/870 594/579/882 588/580/883
f 595/581/884 588/573/876 594/582/885
f 595/581/884 586/571/874 588/573/876
f 596/583/886 597/584/887 593/578/881
f 596/583/886 592/577/880 590/575/878
f 596/583/886 593/578/881 592/577/880
f 598/585/888 599/586/889 600/587/890
f 601/588/891 584/569/872 598/585/888
f 602/589/892 598/585/888 584/569/872
f 603/590/893 600/587/890 604/591/894
f 605/592/895 603/590/893 604/591/894
f 603/590/893 594/579/882 582/567/870
f 605/592/895 594/579/882 603/590/893
f 594/582/885 605/593/896 606/594/897
f 606/594/897 605/593/896 607/595/898
f 607/595/898 608/596/899 609/597/900
f 609/597/900 610/598/901 607/595/898
f 607/595/898 597/584/887 606/594/897
f 611/599/902 612/600/903 613/601/904
f 612/600/903 611/599/902 599/586/889
f 599/586/889 611/599/902 600/587/890
f 614/602/905 600/587/890 611/599/902
f 615/603/906 600/587/890 614/602/905
f 600/587/890 615/603/906 604/591/894
f 604/604/907 615/605/908 608/596/899
f 616/606/909 608/596/899 615/605/908
f 616/606/909 617/607/910 608/596/899
f 618/608/911 609/597/900 608/596/899
f 618/608/911 608/596/899 617/607/910
f 618/608/911 613/601/904 612/600/903
f 618/608/911 619/609/912 613/601/904
f 620/610/913 621/611/914 615/605/908
f 621/611/914 616/606/909 615/605/908
f 622/612/915 623/613/916 624/614/917
f 625/615/918 622/612/915 624/614/917
f 613/601/904 619/609/912 625/615/918
f 622/612/915 625/615/918 619/609/912
f 625/615/918 611/599/902 613/601/904
f 611/599/902 625/615/918 626/616/919
f 624/614/917 627/617/920 625/615/918
f 626/616/919 625/615/918 627/617/920
f 628/618/921 629/619/922 620/620/923
f 630/621/924 620/620/923 629/619/922
f 628/618/921 615/603/906 614/602/905
f 620/620/923 615/603/906 628/618/921
f 612/600/903 631/622/925 618/608/911
f 609/597/900 618/608/911 631/622/925
f 610/598/901 609/597/900 631/622/925
f 610/598/901 593/578/881 597/584/887
f 597/584/887 607/595/898 610/598/901
f 631/622/925 612/600/903 599/586/889
f 631/622/925 599/586/889 598/585/888
f 602/589/892 631/622/925 598/585/888
f 631/622/925 602/589/892 610/598/901
f 602/589/892 584/569/872 593/578/881
f 593/578/881 610/598/901 602/589/892
f 582/567/870 601/588/891 603/590/893
f 601/588/891 582/567/870 584/569/872
f 585/525/926 481/432/644 583/526/927
f 480/431/643 481/432/644 585/525/926
f 453/528/928 587/527/929 589/529/930
f 453/528/928 589/529/930 451/530/931
f 473/421/633 587/531/932 453/418/630
f 450/532/933 589/529/930 591/533/934
f 451/530/931 589/529/930 450/532/933
f 469/415/627 583/526/927 481/432/644
f 591/533/934 321/534/815 450/532/933
f 590/575/878 586/571/874 595/581/884
f 590/575/878 595/581/884 596/583/886
f 596/583/886 595/581/884 606/594/897
f 596/583/886 606/594/897 597/584/887
f 595/581/884 594/582/885 606/594/897
f 600/587/890 603/590/893 601/588/891
f 601/588/891 598/585/888 600/587/890
f 605/593/896 604/604/907 608/596/899
f 608/596/899 607/595/898 605/593/896
f 621/611/914 632/623/935 623/613/916
f 621/611/914 623/613/916 622/612/915
f 616/606/909 621/611/914 617/607/910
f 617/607/910 622/612/915 619/609/912
f 622/612/915 617/607/910 621/611/914
f 621/611/914 630/624/936 632/623/935
f 620/610/913 630/624/936 621/611/914
f 617/607/910 619/609/912 618/608/911
f 626/616/919 627/617/920 629/619/922
f 626/616/919 629/619/922 628/618/921
f 611/599/902 626/616/919 628/618/921
f 611/599/902 628/618/921 614/602/905
f 633/625/937 485/626/938 634/627/939
f 634/627/939 635/255/940 633/625/937
f 636/255/941 634/626/942 485/249/943
f 637/628/944 638/629/945 639/630/946
f 640/631/947 638/629/945 637/628/944
f 641/253/948 637/259/949 580/252/950
f 642/632/951 643/633/952 644/634/953
f 448/254/954 310/249/955 309/255/956
f 309/255/956 643/635/957 448/254/954
f 645/636/958 636/255/941 485/249/943
f 485/249/943 444/637/959 645/636/958
f 646/638/960 462/633/961 465/244/960
f 465/244/960 647/255/962 646/638/960
f 648/253/963 642/259/964 647/252/965
f 465/259/966 642/252/967 648/253/963
f 647/259/968 465/252/968 648/253/963
f 633/625/937 649/244/969 375/248/970
f 375/248/970 485/626/938 633/625/937
f 649/255/971 635/244/972 638/254/973
f 638/254/973 301/249/388 649/255/971
f 638/629/945 640/631/947 301/248/588
f 580/259/974 640/252/975 641/253/948
f 650/244/976 645/636/958 444/637/959
f 444/637/959 651/248/977 650/244/976
f 652/253/978 645/259/979 650/252/979
f 646/255/980 653/244/981 651/637/982
f 651/637/982 462/249/983 646/255/980
f 636/259/984 645/252/984 652/253/978
f 650/259/985 636/252/985 652/253/978
f 650/244/976 651/248/977 636/255/941
f 634/626/942 636/255/941 651/248/977
f 654/253/986 655/259/987 653/252/987
f 634/249/988 653/255/989 655/639/990
f 639/245/991 634/249/988 655/639/990
f 654/253/986 653/259/992 646/252/992
f 654/253/986 646/259/993 655/252/993
f 639/258/994 646/244/994 647/640/995
f 639/258/994 655/255/996 646/244/994
f 649/252/997 656/253/998 635/259/997
f 634/248/999 638/254/973 635/244/972
f 301/641/1000 375/642/1000 649/244/969
f 633/252/1001 656/253/998 649/259/1001
f 635/252/1002 656/253/998 633/259/1002
f 634/249/988 639/245/991 638/248/1003
f 637/252/1004 641/253/948 640/259/1004
f 637/244/1005 639/248/1006 657/249/1007
f 657/249/1007 580/255/863 637/244/1005
f 580/244/1008 301/248/588 640/631/947
f 644/255/1009 658/249/1010 642/248/1010
f 644/634/953 309/255/956 305/249/1011
f 644/634/953 305/249/1011 658/248/1012
f 644/643/1013 643/635/957 309/255/956
f 634/248/999 651/637/982 653/244/981
f 436/244/1014 651/249/1014 444/248/1015
f 436/244/1014 462/255/1016 651/249/1014
f 446/248/1017 643/633/952 464/249/1018
f 464/249/1018 643/633/952 642/632/951
f 446/248/1017 448/254/954 643/635/957
f 417/356/547 659/452/1019 428/363/558
f 522/497/739 660/498/1020 527/495/1021
f 522/497/739 520/496/742 660/498/1020
f 520/497/737 528/498/751 660/495/1022
f 520/497/737 519/496/736 528/498/751
f 539/495/767 531/496/754 661/498/1023
f 539/495/767 529/497/752 531/496/754
f 531/497/759 538/498/1024 661/495/1025
f 531/497/759 534/496/757 538/498/1024
f 574/644/1026 662/645/1027 663/646/1028
f 663/646/1028 575/647/1029 574/644/1026
f 664/648/1030 665/649/1031 666/650/1032
f 666/650/1032 667/651/1033 664/648/1030
f 665/649/1031 668/652/1034 669/652/1035
f 669/652/1035 666/650/1032 665/649/1031
f 670/653/1036 669/654/1037 668/655/1038
f 669/654/1037 670/653/1036 671/656/1039
f 670/653/1036 672/657/1040 673/658/1041
f 673/658/1041 671/656/1039 670/653/1036
f 571/659/1042 674/660/1043 675/661/1044
f 674/660/1043 571/659/1042 572/662/1045
f 676/663/1046 677/664/1047 678/665/1048
f 678/665/1048 679/666/1049 676/663/1046
f 573/667/1050 679/666/1049 22/668/1051
f 676/663/1046 679/666/1049 573/667/1050
f 573/667/1050 571/659/1042 675/661/1044
f 675/661/1044 676/663/1046 573/667/1050
f 22/668/1051 662/645/1027 574/644/1026
f 679/666/1049 662/645/1027 22/668/1051
f 665/649/1031 680/669/1052 681/670/1053
f 680/669/1052 665/649/1031 664/648/1030
f 664/648/1030 682/671/1054 680/669/1052
f 682/671/1054 664/648/1030 678/665/1048
f 682/671/1054 678/665/1048 677/664/1047
f 677/664/1047 683/672/1055 682/671/1054
f 683/672/1055 677/664/1047 672/657/1040
f 672/657/1040 684/673/1056 683/672/1055
f 684/673/1056 672/657/1040 670/653/1036
f 670/653/1036 685/674/1057 684/673/1056
f 685/674/1057 670/653/1036 668/675/1058
f 668/675/1058 686/676/1059 685/674/1057
f 668/652/1034 681/670/1053 686/677/1060
f 681/670/1053 668/652/1034 665/649/1031
f 687/678/1061 686/676/1059 688/679/1062
f 686/676/1059 687/678/1061 685/674/1057
f 689/680/1063 685/674/1057 687/678/1061
f 685/674/1057 689/680/1063 684/673/1056
f 690/681/1064 684/673/1056 689/680/1063
f 684/673/1056 690/681/1064 683/672/1055
f 691/682/1065 683/672/1055 690/681/1064
f 683/672/1055 691/682/1065 682/671/1054
f 692/683/1066 682/671/1054 691/682/1065
f 682/671/1054 692/683/1066 680/669/1052
f 693/684/1067 680/669/1052 692/683/1066
f 680/669/1052 693/684/1067 681/670/1053
f 693/684/1067 688/685/1068 686/677/1060
f 686/677/1060 681/670/1053 693/684/1067
f 694/686/1069 695/687/1070 696/688/1071
f 695/687/1070 694/686/1069 697/689/1072
f 698/690/1073 697/689/1072 694/686/1069
f 697/689/1072 698/690/1073 699/691/1074
f 698/690/1073 700/692/1075 701/693/1076
f 701/693/1076 699/691/1074 698/690/1073
f 702/694/1077 701/693/1076 700/692/1075
f 701/693/1076 702/694/1077 703/695/1078
f 704/696/1079 703/695/1078 702/694/1077
f 703/695/1078 704/696/1079 705/697/1080
f 706/698/1081 705/697/1080 704/696/1079
f 705/697/1080 706/698/1081 707/699/1082
f 707/699/1082 706/698/1081 695/700/1083
f 696/701/1084 695/700/1083 706/698/1081
f 708/702/1085 709/703/1086 710/704/1087
f 708/702/1085 692/683/1066 691/682/1065
f 708/702/1085 710/704/1087 692/683/1066
f 711/705/1088 692/683/1066 710/704/1087
f 692/683/1066 711/705/1088 693/684/1067
f 712/706/1089 711/705/1088 713/707/1090
f 712/706/1089 688/685/1068 693/684/1067
f 712/706/1089 693/684/1067 711/705/1088
f 714/708/1091 715/709/1092 709/703/1086
f 714/708/1091 709/703/1086 708/702/1085
f 690/681/1064 714/708/1091 708/702/1085
f 690/681/1064 708/702/1085 691/682/1065
f 716/710/1093 717/711/1094 715/709/1092
f 716/710/1093 715/709/1092 714/708/1091
f 689/680/1063 716/710/1093 714/708/1091
f 689/680/1063 714/708/1091 690/681/1064
f 718/712/1095 719/713/1096 717/711/1094
f 718/712/1095 717/711/1094 716/710/1093
f 687/678/1061 718/712/1095 716/710/1093
f 687/678/1061 716/710/1093 689/680/1063
f 712/714/1097 713/715/1098 719/713/1096
f 712/714/1097 719/713/1096 718/712/1095
f 688/679/1062 712/714/1097 718/712/1095
f 688/679/1062 718/712/1095 687/678/1061
f 720/716/1099 695/687/1070 697/689/1072
f 721/717/1100 720/716/1099 697/689/1072
f 722/718/1101 701/693/1076 703/695/1078
f 723/719/1102 701/693/1076 722/718/1101
f 703/695/1078 705/697/1080 724/720/1103
f 724/720/1103 722/718/1101 703/695/1078
f 709/703/1086 722/718/1101 724/720/1103
f 709/703/1086 724/720/1103 710/704/1087
f 724/720/1103 705/697/1080 707/699/1082
f 724/720/1103 707/699/1082 725/721/1104
f 710/704/1087 724/720/1103 725/721/1104
f 710/704/1087 725/721/1104 711/705/1088
f 725/721/1104 707/699/1082 695/700/1083
f 725/721/1104 695/700/1083 720/722/1105
f 711/705/1088 725/721/1104 720/722/1105
f 711/705/1088 720/722/1105 713/707/1090
f 662/645/1027 726/723/1106 727/724/1107
f 727/724/1107 663/646/1028 662/645/1027
f 726/723/1106 664/648/1030 667/651/1033
f 667/651/1033 727/724/1107 726/723/1106
f 679/666/1049 678/665/1048 726/723/1106
f 726/723/1106 662/645/1027 679/666/1049
f 726/723/1106 678/665/1048 664/648/1030
f 672/657/1040 728/725/1108 673/658/1041
f 673/658/1041 728/725/1108 729/726/1109
f 728/725/1108 675/661/1044 729/726/1109
f 729/726/1109 675/661/1044 674/660/1043
f 676/663/1046 675/661/1044 728/725/1108
f 676/663/1046 728/725/1108 677/664/1047
f 677/664/1047 728/725/1108 672/657/1040
f 699/691/1074 730/727/1110 697/689/1072
f 697/689/1072 730/727/1110 721/717/1100
f 730/727/1110 717/711/1094 721/717/1100
f 721/717/1100 717/711/1094 719/713/1096
f 713/715/1098 720/716/1099 719/713/1096
f 719/713/1096 720/716/1099 721/717/1100
f 701/693/1076 723/719/1102 699/691/1074
f 699/691/1074 723/719/1102 730/727/1110
f 723/719/1102 715/709/1092 730/727/1110
f 730/727/1110 715/709/1092 717/711/1094
f 715/709/1092 723/719/1102 709/703/1086
f 709/703/1086 723/719/1102 722/718/1101
f 731/645/1111 578/644/1112 663/646/1028
f 575/647/1029 663/646/1028 578/644/1112
f 732/648/1113 667/651/1033 666/650/1032
f 666/650/1032 733/649/1114 732/648/1113
f 734/652/1115 733/649/1114 669/652/1035
f 666/650/1032 669/652/1035 733/649/1114
f 669/654/1037 735/653/1116 734/655/1117
f 735/653/1116 669/654/1037 671/656/1039
f 736/657/1118 735/653/1116 673/658/1041
f 671/656/1039 673/658/1041 735/653/1116
f 674/660/1043 576/659/1119 737/661/1120
f 576/659/1119 674/660/1043 572/662/1045
f 738/664/1121 739/663/1122 740/665/1123
f 741/666/1124 740/665/1123 739/663/1122
f 741/666/1124 577/667/1125 49/668/1126
f 741/666/1124 739/663/1122 577/667/1125
f 576/659/1119 577/667/1125 737/661/1120
f 739/663/1122 737/661/1120 577/667/1125
f 731/645/1111 49/668/1126 578/644/1112
f 731/645/1111 741/666/1124 49/668/1126
f 742/669/1127 733/649/1114 743/670/1128
f 733/649/1114 742/669/1127 732/648/1113
f 744/671/1129 732/648/1113 742/669/1127
f 732/648/1113 744/671/1129 740/665/1123
f 740/665/1123 744/671/1129 738/664/1121
f 745/672/1130 738/664/1121 744/671/1129
f 738/664/1121 745/672/1130 736/657/1118
f 746/673/1131 736/657/1118 745/672/1130
f 736/657/1118 746/673/1131 735/653/1116
f 747/674/1132 735/653/1116 746/673/1131
f 735/653/1116 747/674/1132 734/675/1133
f 748/676/1134 734/675/1133 747/674/1132
f 743/670/1128 734/652/1115 748/677/1135
f 734/652/1115 743/670/1128 733/649/1114
f 748/676/1134 749/678/1136 750/679/1137
f 749/678/1136 748/676/1134 747/674/1132
f 747/674/1132 751/680/1138 749/678/1136
f 751/680/1138 747/674/1132 746/673/1131
f 746/673/1131 752/681/1139 751/680/1138
f 752/681/1139 746/673/1131 745/672/1130
f 745/672/1130 753/682/1140 752/681/1139
f 753/682/1140 745/672/1130 744/671/1129
f 744/671/1129 754/683/1141 753/682/1140
f 754/683/1141 744/671/1129 742/669/1127
f 742/669/1127 755/684/1142 754/683/1141
f 755/684/1142 742/669/1127 743/670/1128
f 750/685/1143 755/684/1142 748/677/1135
f 743/670/1128 748/677/1135 755/684/1142
f 756/687/1144 757/686/1145 758/688/1146
f 757/686/1145 756/687/1144 759/689/1147
f 759/689/1147 760/690/1148 757/686/1145
f 760/690/1148 759/689/1147 761/691/1149
f 762/692/1150 760/690/1148 763/693/1151
f 761/691/1149 763/693/1151 760/690/1148
f 763/693/1151 764/694/1152 762/692/1150
f 764/694/1152 763/693/1151 765/695/1153
f 765/695/1153 766/696/1154 764/694/1152
f 766/696/1154 765/695/1153 767/697/1155
f 767/697/1155 768/698/1156 766/696/1154
f 768/698/1156 767/697/1155 769/699/1157
f 768/698/1156 769/699/1157 756/700/1158
f 756/700/1158 758/701/1159 768/698/1156
f 770/703/1160 771/702/1161 772/704/1162
f 754/683/1141 771/702/1161 753/682/1140
f 772/704/1162 771/702/1161 754/683/1141
f 754/683/1141 773/705/1163 772/704/1162
f 773/705/1163 754/683/1141 755/684/1142
f 773/705/1163 774/706/1164 775/707/1165
f 750/685/1143 774/706/1164 755/684/1142
f 755/684/1142 774/706/1164 773/705/1163
f 776/709/1166 777/708/1167 770/703/1160
f 770/703/1160 777/708/1167 771/702/1161
f 777/708/1167 752/681/1139 771/702/1161
f 771/702/1161 752/681/1139 753/682/1140
f 778/711/1168 779/710/1169 776/709/1166
f 776/709/1166 779/710/1169 777/708/1167
f 779/710/1169 751/680/1138 777/708/1167
f 777/708/1167 751/680/1138 752/681/1139
f 780/713/1170 781/712/1171 778/711/1168
f 778/711/1168 781/712/1171 779/710/1169
f 781/712/1171 749/678/1136 779/710/1169
f 779/710/1169 749/678/1136 751/680/1138
f 775/715/1172 774/714/1173 780/713/1170
f 780/713/1170 774/714/1173 781/712/1171
f 774/714/1173 750/679/1137 781/712/1171
f 781/712/1171 750/679/1137 749/678/1136
f 756/687/1144 782/716/1174 759/689/1147
f 782/716/1174 783/717/1175 759/689/1147
f 763/693/1151 784/718/1176 765/695/1153
f 763/693/1151 785/719/1177 784/718/1176
f 767/697/1155 765/695/1153 786/720/1178
f 784/718/1176 786/720/1178 765/695/1153
f 784/718/1176 770/703/1160 786/720/1178
f 786/720/1178 770/703/1160 772/704/1162
f 767/697/1155 786/720/1178 769/699/1157
f 769/699/1157 786/720/1178 787/721/1179
f 786/720/1178 772/704/1162 787/721/1179
f 787/721/1179 772/704/1162 773/705/1163
f 769/699/1157 787/721/1179 756/700/1158
f 756/700/1158 787/721/1179 782/722/1180
f 787/721/1179 773/705/1163 782/722/1180
f 782/722/1180 773/705/1163 775/707/1165
f 788/723/1181 731/645/1111 727/724/1107
f 663/646/1028 727/724/1107 731/645/1111
f 732/648/1113 788/723/1181 667/651/1033
f 727/724/1107 667/651/1033 788/723/1181
f 740/665/1123 741/666/1124 788/723/1181
f 731/645/1111 788/723/1181 741/666/1124
f 740/665/1123 788/723/1181 732/648/1113
f 789/725/1182 736/657/1118 673/658/1041
f 789/725/1182 673/658/1041 729/726/1109
f 737/661/1120 789/725/1182 729/726/1109
f 737/661/1120 729/726/1109 674/660/1043
f 737/661/1120 739/663/1122 789/725/1182
f 789/725/1182 739/663/1122 738/664/1121
f 789/725/1182 738/664/1121 736/657/1118
f 790/727/1183 761/691/1149 759/689/1147
f 790/727/1183 759/689/1147 783/717/1175
f 778/711/1168 790/727/1183 783/717/1175
f 778/711/1168 783/717/1175 780/713/1170
f 782/716/1174 775/715/1172 780/713/1170
f 782/716/1174 780/713/1170 783/717/1175
f 785/719/1177 763/693/1151 761/691/1149
f 785/719/1177 761/691/1149 790/727/1183
f 776/709/1166 785/719/1177 790/727/1183
f 776/709/1166 790/727/1183 778/711/1168
f 785/719/1177 776/709/1166 770/703/1160
f 785/719/1177 770/703/1160 784/718/1176
f 395/512/1184 791/511/1185 428/510/778
f 792/514/1186 428/510/778 791/511/1185
f 545/515/1187 792/514/1186 541/516/1188
f 545/515/1187 547/517/1189 792/514/1186
f 792/514/1186 791/511/1185 793/518/1190
f 793/518/1190 541/516/1188 792/514/1186
f 542/519/1191 541/516/1188 793/518/1190
f 544/505/773 543/521/1192 793/518/1190
f 793/518/1190 791/511/1185 544/505/773
f 542/519/1191 793/518/1190 543/521/1192
f 547/517/1189 428/510/778 792/514/1186
f 546/507/775 791/511/1185 395/512/1184
f 544/505/773 791/511/1185 546/507/775
f 395/512/1184 241/524/796 546/507/775
f 256/728/1193 794/729/1194 795/730/1195
f 256/728/1193 259/731/1196 794/729/1194
f 253/732/1197 795/730/1195 570/733/1198
f 253/732/1197 256/728/1193 795/730/1195
f 794/729/1194 796/734/1199 570/733/1198
f 570/733/1198 795/730/1195 794/729/1194
f 794/729/1194 259/731/1196 257/735/1200
f 257/735/1200 796/734/1199 794/729/1194
f 796/198/1201 224/544/835 570/196/1202
f 796/198/1201 260/193/1203 224/544/835
f 225/193/1204 796/196/1204 257/736/1205
f 225/193/1204 260/194/1206 796/196/1204
f 797/737/1207 798/738/1208 799/739/1209
f 798/738/1208 797/737/1207 800/740/1210
f 801/741/1211 99/742/1212 802/743/1213
f 803/744/1214 804/745/1215 801/741/1211
f 99/742/1212 801/741/1211 805/737/1216
f 805/737/1216 102/746/1217 99/742/1212
f 806/747/1218 102/746/1217 805/737/1216
f 805/737/1216 807/748/1219 806/747/1218
f 807/748/1219 797/737/1207 799/739/1209
f 799/739/1209 806/747/1218 807/748/1219
f 798/738/1208 800/740/1210 804/745/1215
f 804/745/1215 803/744/1214 798/738/1208
f 808/749/1220 809/750/1221 810/751/1222
f 808/749/1220 802/752/1223 809/750/1221
f 811/753/1224 808/754/1225 810/755/1226
f 810/755/1226 812/756/1227 811/753/1224
f 809/757/1228 99/742/1212 813/758/1229
f 99/742/1212 809/757/1228 802/743/1213
f 813/758/1229 814/759/1230 809/757/1228
f 802/743/1213 803/744/1214 801/741/1211
f 814/759/1230 815/760/1231 816/761/1232
f 816/761/1232 809/757/1228 814/759/1230
f 816/762/1233 810/751/1222 809/750/1221
f 816/762/1233 817/763/1234 810/751/1222
f 810/755/1226 817/764/1235 818/765/1236
f 818/765/1236 812/756/1227 810/755/1226
f 818/765/1236 811/753/1224 812/756/1227
f 818/765/1236 819/766/1237 811/753/1224
f 819/767/1238 808/768/1238 811/769/1239
f 819/767/1238 820/770/1240 808/768/1238
f 820/771/1241 802/752/1223 808/749/1220
f 820/771/1241 821/772/1242 802/752/1223
f 821/773/1243 803/744/1214 802/743/1213
f 821/773/1243 798/738/1208 803/744/1214
f 818/765/1236 817/764/1235 820/774/1244
f 820/774/1244 819/766/1237 818/765/1236
f 817/775/1245 816/776/1246 821/772/1242
f 821/772/1242 820/771/1241 817/775/1245
f 815/760/1231 822/777/1247 798/738/1208
f 798/738/1208 816/761/1232 815/760/1231
f 798/738/1208 821/773/1243 816/761/1232
f 806/747/1218 799/739/1209 823/778/1248
f 823/778/1248 824/779/1249 806/747/1218
f 824/779/1249 825/780/1250 102/746/1217
f 102/746/1217 806/781/1251 824/779/1249
f 102/746/1217 825/780/1250 826/782/1252
f 826/782/1252 99/742/1212 102/746/1217
f 826/782/1252 813/758/1229 99/742/1212
f 799/739/1209 798/738/1208 827/783/1253
f 828/784/1254 827/783/1253 798/738/1208
f 827/783/1253 823/778/1248 799/739/1209
f 828/784/1254 798/738/1208 822/777/1247
f 89/785/1255 101/786/1256 87/787/1257
f 87/787/1257 101/786/1256 91/788/1258
f 89/785/1255 94/789/1259 100/790/1260
f 100/790/1260 101/786/1256 89/785/1255
f 100/790/1260 94/789/1259 93/791/1261
f 93/791/1261 97/792/1262 100/790/1260
f 801/741/1211 829/793/1263 805/737/1216
f 805/737/1216 829/793/1263 830/794/1264
f 801/741/1211 804/745/1215 829/793/1263
f 829/793/1263 804/745/1215 831/795/1265
f 832/796/1266 831/797/1267 804/745/1215
f 804/745/1215 800/740/1210 832/796/1266
f 797/737/1207 833/798/1268 832/796/1266
f 832/796/1266 800/740/1210 797/737/1207
f 807/748/1219 834/799/1269 833/798/1268
f 833/798/1268 797/737/1207 807/748/1219
f 834/799/1269 807/748/1219 805/737/1216
f 805/737/1216 830/794/1264 834/799/1269
f 835/800/1270 836/801/1271 837/802/1272
f 838/803/1273 837/802/1272 836/801/1271
f 836/801/1271 839/804/1274 838/803/1273
f 839/804/1274 840/805/1275 838/803/1273
f 837/806/1276 841/807/1277 835/808/1278
f 841/807/1277 837/806/1276 842/809/1279
f 842/810/1280 843/811/1281 841/812/1282
f 844/813/1283 845/814/1284 846/815/1285
f 846/815/1285 847/816/1286 844/813/1283
f 844/813/1283 848/817/1287 845/814/1284
f 848/817/1287 844/813/1283 849/818/1288
f 850/819/1289 851/820/1290 852/821/1291
f 851/820/1290 850/819/1289 839/804/1274
f 839/804/1274 836/801/1271 851/820/1290
f 853/822/1292 852/821/1291 851/820/1290
f 853/822/1292 854/823/1293 852/821/1291
f 845/824/1294 854/825/1295 853/826/1296
f 845/824/1294 848/827/1297 854/825/1295
f 855/828/1298 851/820/1290 836/801/1271
f 855/828/1298 853/822/1292 851/820/1290
f 846/827/1299 853/826/1296 855/829/1300
f 846/827/1299 845/824/1294 853/826/1296
f 856/830/1301 843/831/1302 846/832/1301
f 846/832/1301 855/833/1303 856/830/1301
f 843/809/1304 856/806/1305 835/808/1278
f 835/808/1278 841/807/1277 843/809/1304
f 856/834/1306 836/801/1271 835/800/1270
f 856/834/1306 855/828/1298 836/801/1271
f 850/819/1289 857/835/1307 840/805/1275
f 840/805/1275 839/804/1274 850/819/1289
f 840/836/1308 844/824/1309 847/827/1310
f 847/827/1310 838/825/1311 840/836/1308
f 838/833/1312 847/832/1313 842/807/1312
f 842/807/1312 837/808/1314 838/833/1312
f 836/837/1315 757/838/1316 760/839/1317
f 836/837/1315 758/840/1318 757/838/1316
f 836/837/1315 768/841/1319 758/840/1318
f 836/837/1315 766/842/1320 768/841/1319
f 836/837/1315 764/843/1321 766/842/1320
f 836/837/1315 762/844/1322 764/843/1321
f 836/837/1315 760/839/1317 762/844/1322
f 849/818/1288 858/845/1323 848/817/1287
f 858/845/1323 849/818/1288 859/846/1324
f 859/846/1324 860/847/1325 858/845/1323
f 861/848/1326 862/849/1327 863/850/1328
f 864/851/1329 863/850/1328 862/849/1327
f 863/850/1328 850/819/1289 852/821/1291
f 852/821/1291 861/848/1326 863/850/1328
f 854/823/1293 861/848/1326 852/821/1291
f 854/823/1293 865/852/1330 861/848/1326
f 865/852/1330 862/849/1327 861/848/1326
f 848/827/1297 865/853/1331 854/825/1295
f 848/827/1297 858/824/1332 865/853/1331
f 865/853/1331 858/824/1332 860/827/1333
f 860/827/1333 862/825/1334 865/853/1331
f 863/850/1328 864/851/1329 857/835/1307
f 857/835/1307 850/819/1289 863/850/1328
f 862/825/1334 860/827/1333 859/824/1335
f 859/824/1335 864/836/1336 862/825/1334
f 859/824/1335 857/825/1337 864/836/1336
f 859/824/1335 849/827/1338 857/825/1337
f 857/825/1337 849/827/1338 844/824/1309
f 844/824/1309 840/836/1308 857/825/1337
f 653/625/1339 646/255/980 655/244/1339
f 635/255/940 649/244/969 633/625/937
f 640/631/947 637/628/944 580/244/1008
f 650/244/976 636/255/941 645/636/958
f 313/255/401 866/244/1340 304/248/1341
f 304/248/1341 317/249/409 313/255/401
f 509/255/709 315/244/403 511/475/707
f 296/244/382 295/243/381 445/255/583
f 299/255/400 507/244/698 311/636/1342
f 642/255/1343 465/248/1343 464/249/1018
f 465/248/1343 642/255/1343 647/244/1344
f 842/810/1280 847/816/1286 843/811/1281
f 843/811/1281 847/816/1286 846/815/1285
f 867/801/1345 868/800/1346 869/802/1347
f 869/802/1347 870/803/1348 867/801/1345
f 871/804/1349 867/801/1345 870/803/1348
f 872/805/1350 871/804/1349 870/803/1348
f 873/807/1351 869/806/1352 868/808/1353
f 869/806/1352 873/807/1351 874/809/1354
f 875/811/1355 874/810/1356 873/812/1282
f 876/814/1357 877/813/1358 878/815/1359
f 879/816/1360 878/815/1359 877/813/1358
f 880/817/1361 877/813/1358 876/814/1357
f 877/813/1358 880/817/1361 881/818/1362
f 882/820/1363 883/819/1364 884/821/1365
f 883/819/1364 882/820/1363 871/804/1349
f 867/801/1345 871/804/1349 882/820/1363
f 884/821/1365 885/822/1366 882/820/1363
f 886/823/1367 885/822/1366 884/821/1365
f 886/825/1368 876/824/1369 885/836/1370
f 880/827/1371 876/824/1369 886/825/1368
f 882/820/1363 887/828/1372 867/801/1345
f 885/822/1366 887/828/1372 882/820/1363
f 885/836/1370 878/827/1373 887/825/1374
f 876/824/1369 878/827/1373 885/836/1370
f 875/831/1375 888/830/1376 878/832/1376
f 887/833/1377 878/832/1376 888/830/1376
f 888/806/1378 875/809/1379 868/808/1353
f 873/807/1351 868/808/1353 875/809/1379
f 867/801/1345 888/834/1380 868/800/1346
f 887/828/1372 888/834/1380 867/801/1345
f 889/835/1381 883/819/1364 872/805/1350
f 871/804/1349 872/805/1350 883/819/1364
f 877/824/1382 872/836/1383 879/827/1384
f 870/825/1385 879/827/1384 872/836/1383
f 879/832/1386 870/833/1387 874/807/1387
f 869/808/1388 874/807/1387 870/833/1387
f 890/845/1389 881/818/1362 880/817/1361
f 881/818/1362 890/845/1389 891/846/1390
f 892/847/1391 891/846/1390 890/845/1389
f 893/849/1392 894/848/1393 895/850/1394
f 895/850/1394 896/851/1395 893/849/1392
f 883/819/1364 895/850/1394 884/821/1365
f 894/848/1393 884/821/1365 895/850/1394
f 894/848/1393 886/823/1367 884/821/1365
f 897/852/1396 886/823/1367 894/848/1393
f 893/849/1392 897/852/1396 894/848/1393
f 897/836/1397 880/827/1371 886/825/1368
f 890/824/1398 880/827/1371 897/836/1397
f 890/824/1398 897/836/1397 892/827/1399
f 893/825/1400 892/827/1399 897/836/1397
f 896/851/1395 895/850/1394 889/835/1381
f 883/819/1364 889/835/1381 895/850/1394
f 892/827/1399 893/825/1400 891/824/1401
f 896/836/1402 891/824/1401 893/825/1400
f 889/825/1403 891/824/1401 896/836/1402
f 881/827/1404 891/824/1401 889/825/1403
f 881/827/1404 889/825/1403 877/824/1382
f 872/836/1383 877/824/1382 889/825/1403
f 879/816/1360 874/810/1356 875/811/1355
f 879/816/1360 875/811/1355 878/815/1359
f 898/767/1405 899/854/1406 900/855/1407
f 900/855/1407 899/854/1406 901/856/1408
f 900/855/1407 901/856/1408 902/857/1409
f 902/857/1409 901/856/1408 903/858/1410
f 903/859/1411 814/860/1412 813/861/1413
f 813/861/1413 902/862/1414 903/859/1411
f 898/863/1415 904/864/1416 899/865/1417
f 899/865/1417 904/864/1416 905/866/1418
f 901/867/1419 899/865/1417 905/866/1418
f 906/868/1420 901/867/1419 905/866/1418
f 901/867/1419 906/868/1420 903/869/1421
f 903/869/1421 906/868/1420 907/870/1422
f 815/871/1423 814/860/1412 903/859/1411
f 903/859/1411 907/872/1424 815/871/1423
f 904/864/1416 908/873/1425 905/866/1418
f 905/866/1418 908/873/1425 906/868/1420
f 908/873/1425 909/874/1426 906/868/1420
f 906/868/1420 909/874/1426 907/870/1422
f 909/875/1427 822/876/1428 815/877/1429
f 907/878/1430 909/875/1427 815/877/1429
f 910/879/1431 911/880/1432 912/881/1433
f 912/881/1433 913/882/1434 910/879/1431
f 914/883/1435 911/880/1432 915/884/1436
f 914/883/1435 912/881/1433 911/880/1432
f 914/885/1437 915/886/1438 822/887/1439
f 822/887/1439 813/888/1440 914/885/1437
f 813/861/1413 822/876/1428 902/862/1414
f 902/862/1414 822/876/1428 909/875/1427
f 902/889/1441 909/874/1426 908/873/1425
f 900/890/1442 902/889/1441 908/873/1425
f 898/863/1415 900/890/1442 904/864/1416
f 908/873/1425 904/864/1416 900/890/1442
f 813/888/1440 826/891/1443 916/892/1444
f 914/885/1437 813/888/1440 916/892/1444
f 917/855/1445 912/856/1446 914/858/1447
f 916/857/1448 917/855/1445 914/858/1447
f 918/893/1449 913/894/1450 912/856/1446
f 917/855/1445 918/893/1449 912/856/1446
f 913/882/1434 918/895/1451 919/896/1452
f 910/879/1431 913/882/1434 919/896/1452
f 910/879/1431 919/896/1452 920/897/1453
f 911/880/1432 910/879/1431 920/897/1453
f 911/880/1432 920/897/1453 921/898/1454
f 915/884/1436 911/880/1432 921/898/1454
f 921/899/1455 828/900/1456 822/871/1457
f 915/901/1458 921/899/1455 822/871/1457
f 826/891/1443 828/900/1456 916/892/1444
f 916/892/1444 828/900/1456 921/899/1455
f 916/902/1459 921/898/1454 920/897/1453
f 917/903/1460 916/902/1459 920/897/1453
f 918/895/1451 917/903/1460 919/896/1452
f 920/897/1453 919/896/1452 917/903/1460
f 826/888/1461 825/891/1462 922/892/1463
f 923/904/1464 826/888/1461 922/892/1463
f 924/855/1465 925/856/1466 923/858/1467
f 922/857/1468 924/855/1465 923/858/1467
f 926/905/1469 927/894/1470 925/856/1466
f 924/855/1465 926/905/1469 925/856/1466
f 927/906/1471 926/907/1472 928/908/1473
f 929/909/1474 927/906/1471 928/908/1473
f 929/909/1474 928/908/1473 930/910/1475
f 931/911/1476 929/909/1474 930/910/1475
f 931/911/1476 930/910/1475 932/912/1477
f 933/913/1478 931/911/1476 932/912/1477
f 932/899/1479 827/900/1480 828/914/1481
f 933/915/1482 932/899/1479 828/914/1481
f 924/916/1483 930/910/1475 928/908/1473
f 926/907/1472 924/916/1483 928/908/1473
f 922/917/1484 932/912/1477 930/910/1475
f 924/916/1483 922/917/1484 930/910/1475
f 825/891/1462 827/900/1480 922/892/1463
f 922/892/1463 827/900/1480 932/899/1479
f 927/906/1471 929/909/1474 925/918/1485
f 925/918/1485 929/909/1474 931/911/1476
f 925/918/1485 931/911/1476 923/919/1486
f 923/919/1486 931/911/1476 933/913/1478
f 923/904/1464 828/920/1487 826/888/1461
f 923/904/1464 933/921/1488 828/920/1487
f 934/922/1489 824/861/1490 823/923/1491
f 823/923/1491 935/924/1492 934/922/1489
f 936/925/1493 937/926/1494 934/927/1495
f 934/927/1495 935/928/1496 936/925/1493
f 936/925/1493 938/929/1497 937/926/1494
f 939/930/1498 937/926/1494 938/929/1497
f 825/860/1499 824/861/1490 934/922/1489
f 940/931/1500 825/860/1499 934/922/1489
f 937/855/1501 941/856/1502 940/858/1503
f 934/857/1504 937/855/1501 940/858/1503
f 939/932/1505 942/894/1506 941/856/1502
f 937/855/1501 939/932/1505 941/856/1502
f 943/933/1507 938/929/1497 936/925/1493
f 944/934/1508 943/933/1507 936/925/1493
f 944/934/1508 936/925/1493 935/928/1496
f 945/935/1509 944/934/1508 935/928/1496
f 935/924/1492 823/923/1491 827/887/1510
f 945/936/1511 935/924/1492 827/887/1510
f 939/930/1498 938/929/1497 942/937/1512
f 942/937/1512 938/929/1497 943/933/1507
f 942/937/1512 943/933/1507 941/938/1513
f 941/938/1513 943/933/1507 944/934/1508
f 941/938/1513 944/934/1508 940/939/1514
f 940/939/1514 944/934/1508 945/935/1509
f 827/940/1515 825/860/1499 940/931/1500
f 940/931/1500 945/941/1516 827/940/1515
f 694/838/1517 867/837/1518 698/839/1519
f 696/840/1520 867/837/1518 694/838/1517
f 706/841/1521 867/837/1518 696/840/1520
f 704/842/1522 867/837/1518 706/841/1521
f 702/843/1523 867/837/1518 704/842/1522
f 700/844/1524 867/837/1518 702/843/1523
f 698/839/1519 867/837/1518 700/844/1524
f 946/942/1525 629/943/1526 947/944/1527
f 627/945/1528 947/944/1527 629/943/1526
f 630/624/936 948/946/1529 632/623/935
f 949/947/1530 623/613/916 632/623/935
f 632/623/935 950/948/1531 949/947/1530
f 949/947/1530 951/949/1532 623/613/916
f 951/949/1532 624/614/917 623/613/916
f 951/949/1532 947/950/1533 624/614/917
f 627/617/920 624/614/917 947/950/1533
f 952/951/1534 948/952/1535 630/621/924
f 630/621/924 629/619/922 952/951/1534
f 953/953/1536 954/767/1537 955/855/1538
f 953/953/1536 955/855/1538 956/954/1539
f 956/954/1539 955/855/1538 957/955/1540
f 956/954/1539 957/955/1540 958/956/1541
f 959/957/1542 958/956/1541 960/958/1543
f 957/955/1540 960/958/1543 958/956/1541
f 961/959/1544 962/960/1545 963/961/1546
f 961/959/1544 963/961/1546 964/962/1547
f 961/959/1544 965/963/1548 962/960/1545
f 966/964/1549 962/960/1545 965/963/1548
f 959/957/1542 950/965/1550 963/966/1551
f 950/965/1550 959/957/1542 960/958/1543
f 950/948/1531 632/623/935 948/946/1529
f 948/946/1529 963/961/1546 950/948/1531
f 967/967/1552 959/968/1553 963/961/1546
f 967/967/1552 963/961/1546 968/961/1554
f 969/969/1555 954/970/1556 953/971/1557
f 969/969/1555 953/971/1557 970/972/1558
f 953/971/1557 956/973/1559 970/972/1558
f 956/973/1559 971/974/1560 970/972/1558
f 971/974/1560 956/973/1559 958/975/1561
f 971/974/1560 958/975/1561 972/976/1562
f 959/968/1553 967/967/1552 958/975/1561
f 972/976/1562 958/975/1561 967/967/1552
f 968/961/1554 963/961/1546 962/960/1545
f 968/961/1554 962/960/1545 973/977/1563
f 973/977/1563 962/960/1545 966/964/1549
f 973/977/1563 966/964/1549 974/978/1564
f 974/978/1564 966/964/1549 965/963/1548
f 974/978/1564 965/963/1548 975/979/1565
f 975/769/1566 965/767/1567 961/770/1568
f 975/769/1566 961/770/1568 976/768/1569
f 976/768/1569 961/770/1568 964/980/1570
f 976/768/1569 964/980/1570 952/981/1571
f 952/951/1534 964/982/1572 948/952/1535
f 952/983/1573 629/943/1526 946/942/1525
f 946/942/1525 968/984/1574 952/983/1573
f 973/985/1575 974/986/1576 975/987/1577
f 973/985/1575 975/987/1577 976/988/1578
f 968/989/1579 973/985/1575 952/951/1534
f 976/988/1578 952/951/1534 973/985/1575
f 977/990/1580 969/969/1555 970/972/1558
f 977/990/1580 970/972/1558 971/974/1560
f 978/991/1581 977/990/1580 971/974/1560
f 978/991/1581 971/974/1560 972/976/1562
f 979/992/1582 978/991/1581 967/967/1552
f 978/991/1581 972/976/1562 967/967/1552
f 979/993/1583 967/994/1584 968/984/1574
f 979/993/1583 968/984/1574 946/942/1525
f 980/995/1585 979/993/1583 946/942/1525
f 981/996/1586 951/949/1532 982/997/1587
f 947/950/1533 951/949/1532 981/996/1586
f 983/998/1588 984/999/1589 985/1000/1590
f 986/1001/1591 985/1000/1590 984/999/1589
f 983/998/1588 987/1002/1592 988/1003/1593
f 985/1000/1590 987/1002/1592 983/998/1588
f 988/1003/1593 987/1002/1592 979/992/1582
f 960/1004/1594 979/992/1582 987/1002/1592
f 979/992/1582 960/1004/1594 957/1005/1595
f 979/992/1582 957/1005/1595 978/991/1581
f 978/991/1581 957/1005/1595 977/990/1580
f 957/1005/1595 955/1006/1596 977/990/1580
f 955/1006/1596 954/970/1556 969/969/1555
f 969/969/1555 977/990/1580 955/1006/1596
f 989/1007/1597 960/1008/1598 990/1009/1599
f 960/1008/1598 987/1010/1600 990/1009/1599
f 985/856/1601 991/1011/1602 987/1010/1600
f 991/1011/1602 990/1009/1599 987/1010/1600
f 986/769/1603 992/1012/1604 985/856/1601
f 992/1012/1604 991/1011/1602 985/856/1601
f 992/1013/1605 986/1001/1591 993/1014/1606
f 986/1001/1591 984/999/1589 993/1014/1606
f 993/1014/1606 984/999/1589 994/1015/1607
f 984/999/1589 983/998/1588 994/1015/1607
f 994/1015/1607 983/998/1588 995/1016/1608
f 983/998/1588 988/1003/1593 995/1016/1608
f 980/1017/1609 995/1016/1608 979/992/1582
f 995/1016/1608 988/1003/1593 979/992/1582
f 980/1017/1609 989/1018/1610 990/1019/1611
f 980/1017/1609 990/1019/1611 995/1016/1608
f 995/1016/1608 990/1019/1611 994/1015/1607
f 990/1019/1611 991/1020/1612 994/1015/1607
f 991/1020/1612 992/1013/1605 993/1014/1606
f 993/1014/1606 994/1015/1607 991/1020/1612
f 951/1021/1613 949/1022/1614 982/1023/1615
f 996/1008/1616 982/1023/1615 949/1022/1614
f 996/1024/1617 949/1025/1618 989/1008/1619
f 950/1022/1620 989/1008/1619 949/1025/1618
f 989/1007/1597 950/1026/1621 960/1008/1598
f 947/944/1527 981/1027/1622 997/1028/1623
f 997/1028/1623 946/942/1525 947/944/1527
f 980/995/1585 946/942/1525 997/1028/1623
f 996/1024/1617 989/1008/1619 998/1029/1624
f 989/1008/1619 999/1010/1625 998/1029/1624
f 1000/856/1626 1001/1030/1627 999/1010/1625
f 1001/1030/1627 998/1029/1624 999/1010/1625
f 1002/769/1628 1003/1031/1629 1000/856/1626
f 1003/1031/1629 1001/1030/1627 1000/856/1626
f 1003/1032/1630 1002/1033/1631 1004/1034/1632
f 1002/1033/1631 1005/1035/1633 1004/1034/1632
f 1004/1034/1632 1005/1035/1633 1006/1036/1634
f 1005/1035/1633 1007/1037/1635 1006/1036/1634
f 1006/1036/1634 1007/1037/1635 1008/1038/1636
f 1007/1037/1635 1009/1039/1637 1008/1038/1636
f 997/1040/1638 1008/1038/1636 980/1017/1609
f 1008/1038/1636 1009/1039/1637 980/1017/1609
f 1006/1036/1634 1001/1041/1639 1004/1034/1632
f 1001/1041/1639 1003/1032/1630 1004/1034/1632
f 1008/1038/1636 998/1042/1640 1006/1036/1634
f 998/1042/1640 1001/1041/1639 1006/1036/1634
f 997/1040/1638 996/1043/1641 998/1042/1640
f 997/1040/1638 998/1042/1640 1008/1038/1636
f 1005/1035/1633 1002/1033/1631 1000/1044/1642
f 1005/1035/1633 1000/1044/1642 1007/1037/1635
f 1007/1037/1635 1000/1044/1642 999/1045/1643
f 1007/1037/1635 999/1045/1643 1009/1039/1637
f 980/1017/1609 999/1045/1643 989/1018/1610
f 1009/1039/1637 999/1045/1643 980/1017/1609
f 982/997/1587 1010/1046/1644 981/996/1586
f 1011/1047/1645 981/996/1586 1010/1046/1644
f 1012/1048/1646 1013/1049/1647 1010/1046/1644
f 1011/1047/1645 1010/1046/1644 1013/1049/1647
f 1014/1050/1648 1013/1049/1647 1012/1048/1646
f 1012/1048/1646 1015/1051/1649 1014/1050/1648
f 982/1023/1615 996/1008/1616 1010/1052/1650
f 996/1008/1616 1016/1010/1651 1010/1052/1650
f 1017/856/1652 1012/1053/1653 1016/1010/1651
f 1012/1053/1653 1010/1052/1650 1016/1010/1651
f 1018/769/1654 1015/1054/1655 1017/856/1652
f 1015/1054/1655 1012/1053/1653 1017/856/1652
f 1014/1050/1648 1019/1055/1656 1013/1049/1647
f 1019/1055/1656 1020/1056/1657 1013/1049/1647
f 1013/1049/1647 1020/1056/1657 1011/1047/1645
f 1020/1056/1657 1021/1057/1658 1011/1047/1645
f 981/996/1586 1011/1047/1645 997/1040/1638
f 1011/1047/1645 1021/1057/1658 997/1040/1638
f 1014/1050/1648 1015/1051/1649 1018/1058/1659
f 1014/1050/1648 1018/1058/1659 1019/1055/1656
f 1019/1055/1656 1018/1058/1659 1017/1059/1660
f 1019/1055/1656 1017/1059/1660 1020/1056/1657
f 1020/1056/1657 1017/1059/1660 1016/1060/1661
f 1020/1056/1657 1016/1060/1661 1021/1057/1658
f 996/1043/1641 997/1040/1638 1016/1060/1661
f 1021/1057/1658 1016/1060/1661 997/1040/1638
f 948/946/1529 964/962/1547 963/961/1546
f 428/363/558 401/187/531 395/181/525
f 394/179/524 395/181/525 401/187/531
f 428/363/558 403/189/533 402/190/532
f 428/363/558 402/190/532 401/187/531
f 491/450/670 403/189/533 490/449/669
f 1022/451/1662 490/449/669 403/189/533
f 490/449/669 1022/451/1662 659/452/1019
f 428/363/558 659/452/1019 1022/451/1662
f 1022/189/1663 403/451/1663 428/363/558
f 1023/192/1664 411/194/1665 385/194/1666
f 385/194/1666 386/193/1667 1023/192/1664
f 1024/196/1668 408/195/1668 1023/192/1664
f 409/193/1669 1025/196/1669 387/194/1670
f 1026/736/1671 1025/196/1669 409/193/1669
f 416/193/1672 411/194/1665 1023/543/1673
f 1023/543/1673 408/194/1674 416/193/1672
f 1026/196/1675 409/194/1676 1024/198/1676
f 1024/198/1676 409/194/1676 408/193/1677
f 1027/198/1678 1023/543/1673 386/544/1679
f 1028/729/1680 1024/728/1681 1029/730/1682
f 1026/731/1683 1024/728/1681 1028/729/1680
f 1029/730/1682 1023/732/1684 1027/733/1685
f 1024/728/1681 1023/732/1684 1029/730/1682
f 1030/734/1686 1028/729/1680 1027/733/1685
f 1029/730/1682 1027/733/1685 1028/729/1680
f 1026/731/1683 1028/729/1680 1025/735/1687
f 1030/734/1686 1025/735/1687 1028/729/1680
f 386/544/1679 1030/198/1688 1027/196/1689
f 405/193/1690 1030/198/1688 386/544/1679
f 1030/197/1691 387/193/1691 1025/198/1692
f 405/194/1693 387/193/1691 1030/197/1691
f 580/255/863 302/250/389 301/249/388
f 1031/253/1694 302/259/1695 580/252/950
f 1031/253/1694 303/259/1696 302/252/1696
f 580/259/974 303/252/1697 1031/253/1694
f 1032/1061/1698 866/244/1340 313/248/1698
f 313/248/1698 300/249/589 1032/1061/1698
f 1033/255/1699 1032/244/1700 657/254/1701
f 300/248/387 657/254/1701 1032/244/1700
f 1033/244/1702 305/248/865 304/249/864
f 304/249/864 866/255/1703 1033/244/1702
f 1034/253/1704 1033/259/1705 866/252/1705
f 657/254/1701 305/249/1011 1033/255/1699
f 1034/253/1704 1032/259/1706 1033/252/1706
f 1034/253/1704 866/259/1707 1032/252/1707
f 866/244/1340 1032/1062/1708 1033/255/1699
f 657/248/1709 300/249/589 303/255/1710
f 303/255/1710 580/244/1008 657/248/1709
f 639/245/991 647/258/1711 1035/255/1712
f 1035/255/1712 1036/244/1713 639/245/991
f 1036/252/1714 1037/253/1715 1038/259/1714
f 1036/259/1716 1035/252/1716 1037/253/1715
f 1035/259/1717 1038/252/1717 1037/253/1715
f 642/258/1718 1038/255/1719 1035/244/1718
f 1035/244/1718 647/640/995 642/258/1718
f 1035/255/1712 1038/244/1720 1036/636/1721
f 1036/1063/1722 1038/244/1720 658/248/1012
f 658/248/1012 639/249/1723 1036/1063/1722
f 658/249/1010 1038/256/1724 642/248/1010
f 1039/255/1725 305/248/865 657/249/1007
f 305/248/865 1039/255/1725 1040/244/1726
f 1039/244/1727 657/248/1709 639/249/1723
f 639/249/1723 1041/632/1728 1039/244/1727
f 1041/244/1729 639/248/1006 658/1064/1730
f 658/1064/1730 1040/255/1731 1041/244/1729
f 1042/253/1732 1041/259/1733 1040/252/1733
f 1039/259/1734 1041/252/1734 1042/253/1732
f 1040/259/1735 1039/252/1735 1042/253/1732
f 1040/255/1731 658/1064/1730 305/249/1011
f 1040/255/1731 1039/244/1727 1041/1065/1736
f 642/259/964 644/252/1737 1043/253/1738
f 581/253/867 308/259/1739 304/252/404
f 1043/253/1738 644/259/1740 642/252/967
f 1044/253/1741 308/259/1739 317/252/407
f 317/259/410 308/252/1742 1044/253/1741
f 308/259/1739 309/252/866 1045/253/1743
f 309/251/1744 644/252/1737 1046/253/1745
f 308/252/1742 1045/253/1743 309/251/1744
f 309/252/866 1046/253/1745 644/259/1740
f 1047/1066/1746 1048/1067/1747 1049/1068/1748
f 1050/1069/1749 1047/1066/1746 1049/1070/1750
f 1051/1071/1751 1050/1069/1749 1049/1070/1750
f 1052/1072/1752 1051/1073/1752 1049/1074/1752
f 1053/1066/1753 1052/1067/1753 1049/1068/1748
f 1054/1075/1754 1053/1076/1754 1049/1077/1755
f 1048/1067/1747 1054/1078/1756 1049/1077/1755
f 1048/1079/1757 1047/1066/1746 1051/1080/1758
f 1047/1066/1746 1050/1069/1749 1051/1080/1758
f 1055/1081/1759 1056/1082/1760 1057/1083/1761
f 1057/1083/1761 1058/1084/1762 1055/1081/1759
f 1056/1082/1760 1059/1085/1763 1060/1086/1764
f 1060/1086/1764 1057/1083/1761 1056/1082/1760
f 1059/1085/1763 1061/1087/1765 1062/1088/1766
f 1062/1088/1766 1060/1086/1764 1059/1085/1763
f 1061/1087/1765 1063/1089/1767 1064/1090/1768
f 1064/1090/1768 1062/1088/1766 1061/1087/1765
f 1063/1089/1767 1065/1091/1769 1066/1092/1770
f 1066/1092/1770 1064/1090/1768 1063/1089/1767
f 1065/1091/1769 1067/1093/1771 1068/1094/1772
f 1068/1094/1772 1066/1092/1770 1065/1091/1769
f 1069/1095/1773 1070/1096/1774 1068/1094/1772
f 1068/1094/1772 1067/1093/1771 1069/1095/1773
f 1055/1081/1759 1058/1084/1762 1070/1096/1774
f 1070/1096/1774 1069/1095/1773 1055/1081/1759
f 1058/1084/1762 1057/1083/1761 1071/1097/1775
f 1071/1097/1775 1072/1098/1776 1058/1084/1762
f 1057/1083/1761 1060/1086/1764 1073/1099/1777
f 1073/1099/1777 1071/1097/1775 1057/1083/1761
f 1060/1086/1764 1062/1088/1766 1074/1100/1778
f 1074/1100/1778 1073/1099/1777 1060/1086/1764
f 1064/1090/1768 1075/1101/1779 1074/1100/1778
f 1074/1100/1778 1062/1088/1766 1064/1090/1768
f 1064/1090/1768 1066/1092/1770 1076/1102/1780
f 1076/1102/1780 1075/1101/1779 1064/1090/1768
f 1066/1092/1770 1068/1094/1772 1077/1103/1781
f 1077/1103/1781 1076/1102/1780 1066/1092/1770
f 1068/1094/1772 1070/1096/1774 1078/1104/1782
f 1078/1104/1782 1077/1103/1781 1068/1094/1772
f 1070/1096/1774 1058/1084/1762 1072/1098/1776
f 1072/1098/1776 1078/1104/1782 1070/1096/1774
f 1072/1098/1776 1071/1097/1775 1079/1105/1783
f 1079/1105/1783 1080/1106/1784 1072/1098/1776
f 1071/1097/1775 1073/1099/1777 1081/1107/1785
f 1081/1107/1785 1079/1105/1783 1071/1097/1775
f 1074/1100/1778 1082/1108/1786 1081/1107/1785
f 1081/1107/1785 1073/1099/1777 1074/1100/1778
f 1074/1100/1778 1075/1101/1779 1083/1109/1787
f 1083/1109/1787 1082/1108/1786 1074/1100/1778
f 1075/1101/1779 1076/1102/1780 1084/1110/1788
f 1084/1110/1788 1083/1109/1787 1075/1101/1779
f 1076/1102/1780 1077/1103/1781 1085/1111/1789
f 1085/1111/1789 1084/1110/1788 1076/1102/1780
f 1077/1103/1781 1078/1104/1782 1086/1112/1790
f 1086/1112/1790 1085/1111/1789 1077/1103/1781
f 1078/1104/1782 1072/1098/1776 1080/1106/1784
f 1080/1106/1784 1086/1112/1790 1078/1104/1782
f 1087/1113/1791 1080/1106/1784 1079/1105/1783
f 1081/1107/1785 1088/1114/1792 1087/1113/1791
f 1087/1113/1791 1079/1105/1783 1081/1107/1785
f 1081/1107/1785 1082/1108/1786 1089/1115/1793
f 1089/1115/1793 1088/1114/1792 1081/1107/1785
f 1083/1109/1787 1090/1116/1794 1089/1115/1793
f 1089/1115/1793 1082/1108/1786 1083/1109/1787
f 1084/1110/1788 1091/1117/1795 1090/1118/1796
f 1084/1110/1788 1085/1111/1789 1091/1117/1795
f 1090/1116/1794 1083/1109/1787 1084/1110/1788
f 1085/1111/1789 1086/1112/1790 1092/1119/1797
f 1092/1119/1797 1091/1117/1795 1085/1111/1789
f 1086/1112/1790 1080/1106/1784 1087/1113/1791
f 1087/1113/1791 1092/1119/1797 1086/1112/1790
f 1056/1082/1760 1055/1081/1759 1093/1120/1798
f 1059/1085/1763 1056/1082/1760 1093/1120/1798
f 1061/1087/1765 1059/1085/1763 1093/1120/1798
f 1063/1089/1767 1061/1087/1765 1093/1120/1798
f 1065/1091/1769 1063/1089/1767 1093/1120/1798
f 1067/1093/1771 1065/1091/1769 1093/1120/1798
f 1069/1095/1773 1067/1093/1771 1093/1120/1798
f 1055/1081/1759 1069/1095/1773 1093/1120/1798
f 1094/1121/1799 1095/1122/1800 1096/1123/1801
f 1096/1123/1801 1097/1124/1802 1094/1121/1799
f 1098/1125/1803 1099/1126/1804 1100/1127/1805
f 1101/1128/1806 1102/1129/1807 1103/1130/1808
f 1103/1130/1808 1104/1131/1809 1101/1128/1806
f 1104/1131/1809 1103/1130/1808 1095/1122/1800
f 1095/1122/1800 1094/1121/1799 1104/1131/1809
f 1051/1080/1758 1054/1132/1810 1048/1079/1757
f 1105/1133/1811 1089/1115/1793 1099/1126/1804
f 1105/1133/1811 1106/1134/1812 1088/1114/1792
f 1088/1114/1792 1089/1115/1793 1105/1133/1811
f 1096/1123/1801 1088/1114/1792 1106/1134/1812
f 1096/1123/1801 1087/1113/1791 1088/1114/1792
f 1087/1113/1791 1096/1123/1801 1095/1122/1800
f 1095/1122/1800 1092/1119/1797 1087/1113/1791
f 1103/1130/1808 1092/1119/1797 1095/1122/1800
f 1102/1129/1807 1092/1119/1797 1103/1130/1808
f 1102/1129/1807 1091/1117/1795 1092/1119/1797
f 1107/1135/1813 1091/1117/1795 1102/1129/1807
f 1090/1118/1796 1091/1117/1795 1107/1135/1813
f 1099/1126/1804 1090/1116/1794 1100/1127/1805
f 1099/1126/1804 1089/1115/1793 1090/1116/1794
f 1090/1116/1794 1107/1135/1813 1100/1127/1805
f 1051/1080/1758 1053/1136/1814 1054/1132/1810
f 1051/1080/1758 1052/1137/1815 1053/1136/1814
f 1097/1124/1802 1106/1134/1812 1108/1138/1816
f 1097/1124/1802 1096/1123/1801 1106/1134/1812
f 1106/1134/1812 1109/1139/1817 1108/1138/1816
f 1106/1134/1812 1105/1133/1811 1109/1139/1817
f 1110/1140/1818 1098/1125/1803 1100/1127/1805
f 1100/1127/1805 1107/1135/1813 1110/1140/1818
f 1110/1140/1818 1102/1129/1807 1101/1128/1806
f 1110/1140/1818 1107/1135/1813 1102/1129/1807
f 1110/1141/1819 1101/1142/1820 1111/1143/1821
f 1098/1144/1822 1110/1141/1819 1111/1143/1821
f 1109/1145/1823 1098/1144/1822 1111/1143/1821
f 1108/1146/1824 1109/1145/1823 1111/1143/1821
f 1097/1147/1825 1108/1146/1824 1111/1143/1821
f 1094/1148/1826 1097/1147/1825 1111/1143/1821
f 1111/1143/1821 1104/1149/1827 1094/1148/1826
f 1101/1142/1820 1104/1149/1827 1111/1143/1821
f 1109/1139/1817 1099/1126/1804 1098/1125/1803
f 1109/1139/1817 1105/1133/1811 1099/1126/1804
f 476/425/637 8/424/636 10/426/638
f 476/425/637 477/427/639 8/424/636
f 477/427/639 37/538/823 8/424/636
f 477/427/639 567/537/822 37/538/823
f 567/537/822 43/540/825 37/538/823
f 567/537/822 568/539/824 43/540/825
f 568/539/824 49/541/826 43/540/825
f 568/539/824 569/542/827 49/541/826
f 569/542/827 53/535/820 49/541/826
f 569/542/827 566/536/821 53/535/820
f 566/536/821 32/413/625 53/535/820
f 566/536/821 466/410/622 32/413/625
f 466/410/622 26/411/623 32/413/625
f 466/410/622 467/412/624 26/411/623
f 467/412/624 22/434/646 26/411/623
f 467/412/624 483/435/647 22/434/646
f 483/435/647 16/429/641 22/434/646
f 483/435/647 478/428/640 16/429/641
f 478/428/640 10/426/638 16/429/641
f 478/428/640 476/425/637 10/426/638
f 829/793/1263 831/795/1265 369/1150/1828
f 370/1151/1829 829/793/1263 369/1150/1828
f 373/1152/1830 367/1153/1831 834/799/1269
f 834/799/1269 830/794/1264 373/1152/1830
f 366/1154/1832 834/799/1269 367/1153/1831
f 834/799/1269 366/1154/1832 833/798/1268
f 369/1155/1833 832/796/1266 368/1156/1834
f 369/1155/1833 831/797/1267 832/796/1266
f 829/793/1263 370/1151/1829 371/1157/1835
f 830/794/1264 371/1157/1835 373/1152/1830
f 371/1157/1835 830/794/1264 829/793/1263
f 833/798/1268 366/1154/1832 832/796/1266
f 832/796/1266 366/1154/1832 368/1156/1834
f 480/431/643 585/525/926 473/421/633
f 473/421/633 585/525/926 1112/1158/1836
f 473/421/633 1112/1158/1836 587/531/932
f 582/567/870 588/580/883 585/570/873
f 585/570/873 588/580/883 1112/1159/1837
f 1112/1159/1837 588/580/883 587/1160/1838
f 1113/1161/1839 471/417/629 1114/1162/1840
f 471/417/629 321/534/815 1114/1162/1840
f 1114/1162/1840 321/534/815 591/533/934
f 1113/1163/1841 1114/1164/1842 592/577/880
f 1114/1164/1842 591/576/879 590/575/878
f 590/575/878 592/577/880 1114/1164/1842
f 1113/1163/1841 592/577/880 1115/1165/1843
f 592/577/880 584/569/872 1115/1165/1843
f 1115/1165/1843 584/569/872 583/568/871
f 583/526/927 469/415/627 1115/1166/1844
f 1115/1166/1844 469/415/627 1113/1161/1839
f 1113/1161/1839 469/415/627 471/417/629
f 471/1167/1845 1116/1161/1846 1117/1162/1847
f 471/1167/1845 1117/1162/1847 321/534/815
f 321/534/815 1117/1162/1847 345/533/814
f 1116/1168/1848 346/300/455 1117/1169/1849
f 1117/1169/1849 346/300/455 345/299/454
f 345/299/454 346/300/455 344/298/453
f 346/300/455 1116/1168/1848 338/292/447
f 338/292/447 1116/1168/1848 1118/1170/1850
f 338/292/447 1118/1170/1850 336/290/445
f 336/526/807 1118/1166/1851 558/415/797
f 1118/1166/1851 1116/1161/1846 558/1171/1852
f 558/1171/1852 1116/1161/1846 471/417/629
f 563/431/803 560/1172/1853 339/525/806
f 339/525/806 560/1172/1853 1119/1158/1854
f 1119/1158/1854 560/421/800 340/531/812
f 337/291/446 339/293/448 342/303/458
f 342/303/458 339/293/448 1119/1173/1855
f 342/303/458 1119/1173/1855 340/1174/1856
f 1120/1175/1857 1121/1176/1858 1122/1177/1859
f 1122/1177/1859 1123/1178/1860 1120/1175/1857
f 1122/1177/1859 1121/1179/1861 1124/1180/1862
f 1124/1180/1862 1125/1181/1863 1122/1177/1859
f 1122/1177/1859 1125/1182/1864 1126/1183/1865
f 1126/1183/1865 1123/1178/1860 1122/1177/1859
f 1127/1176/1866 1128/1175/1867 1129/1177/1868
f 1130/1178/1869 1129/1177/1868 1128/1175/1867
f 1127/1179/1870 1129/1177/1868 1131/1180/1871
f 1132/1181/1872 1131/1180/1871 1129/1177/1868
f 1132/1182/1873 1129/1177/1868 1133/1183/1874
f 1130/1178/1869 1133/1183/1874 1129/1177/1868
f 331/278/432 1134/1184/1875 495/452/674
f 1134/1184/1875 272/214/352 495/452/674
f 495/452/674 272/214/352 271/213/351
f 274/216/354 272/214/352 330/277/431
f 330/277/431 272/214/352 1134/1184/1875
f 330/277/431 1134/1184/1875 331/278/432
f 455/277/602 432/367/562 1135/278/1876
f 431/229/1877 1135/278/1876 432/367/562
f 431/229/1877 490/449/1878 1135/278/1876
f 659/452/1879 1135/278/1876 490/449/1878
f 1136/1184/1880 1135/278/1876 659/452/1879
f 419/214/549 1136/1184/1880 659/452/1879
f 419/214/549 659/452/1879 417/356/547
f 419/214/549 422/216/552 455/277/602
f 419/214/549 455/277/602 1136/1184/1880
f 1136/1184/1880 455/277/602 1135/278/1876
usemtl spec1_asterix

f 1/1/1 2/2/2 3/3/3
f 1/1/1 4/4/4 2/2/2
f 5/1/5 6/5/6 7/6/7
f 5/1/5 3/3/3 6/5/6
f 8/7/8 2/2/2 9/4/9
f 8/7/8 10/8/10 2/2/2
f 3/3/3 11/4/11 12/1/12
f 3/3/3 2/2/2 11/4/11
f 6/5/6 13/1/13 14/6/14
f 6/5/6 3/3/3 13/1/13
f 10/8/10 15/4/15 2/2/2
f 10/8/10 16/7/16 15/4/15
f 12/1/12 17/2/17 18/3/18
f 12/1/12 11/4/11 17/2/17
f 13/1/13 19/5/19 14/6/14
f 13/1/13 20/3/20 19/5/19
f 16/7/16 21/2/21 15/4/15
f 16/7/16 22/8/22 21/2/21
f 18/3/18 23/4/23 24/1/24
f 18/3/18 17/2/17 23/4/23
f 20/3/20 25/6/25 19/5/19
f 20/3/20 24/1/24 25/6/25
f 21/2/21 26/7/26 27/4/27
f 21/2/21 22/8/22 26/7/26
f 24/1/24 28/2/28 29/3/29
f 24/1/24 23/4/23 28/2/28
f 24/1/24 30/5/30 25/6/25
f 24/1/24 31/3/31 30/5/30
f 27/4/27 32/8/32 33/2/33
f 27/4/27 26/7/26 32/8/32
f 34/2/34 1/1/1 35/3/35
f 4/4/4 1/1/1 34/2/34
f 36/5/36 5/1/5 7/6/7
f 35/3/35 5/1/5 36/5/36
f 34/2/34 8/7/8 9/4/9
f 37/8/37 8/7/8 34/2/34
f 38/4/38 35/3/35 39/1/39
f 34/2/34 35/3/35 38/4/38
f 40/1/40 36/5/36 41/6/41
f 35/3/35 36/5/36 40/1/40
f 42/4/42 37/8/37 34/2/34
f 43/7/43 37/8/37 42/4/42
f 44/9/44 39/1/39 45/10/45
f 38/4/38 39/1/39 44/9/44
f 46/11/46 40/1/40 41/6/41
f 47/10/47 40/1/40 46/11/46
f 48/9/48 43/7/43 42/4/42
f 49/12/49 43/7/43 48/9/48
f 50/4/50 45/10/45 51/1/51
f 44/9/44 45/10/45 50/4/50
f 52/6/52 47/10/47 46/11/46
f 51/1/51 47/10/47 52/6/52
f 53/7/53 48/9/48 54/4/54
f 49/12/49 48/9/48 53/7/53
f 28/2/28 51/1/51 29/3/29
f 50/4/50 51/1/51 28/2/28
f 30/5/30 51/1/51 52/6/52
f 31/3/31 51/1/51 30/5/30
f 32/8/32 54/4/54 33/2/33
f 53/7/53 54/4/54 32/8/32
f 55/13/55 56/14/56 57/15/57
f 58/16/58 55/13/55 57/15/57
f 57/15/57 56/14/56 59/13/59
f 59/13/59 60/16/60 57/15/57
f 57/15/57 61/17/61 62/18/62
f 62/18/62 63/17/63 57/15/57
f 64/19/64 65/20/65 66/21/66
f 67/22/67 64/19/64 66/21/66
f 65/20/65 68/23/68 66/21/66
f 68/23/68 69/22/69 66/21/66
f 69/22/69 70/24/70 66/21/66
f 70/24/70 71/25/71 66/21/66
f 71/25/71 72/26/72 66/21/66
f 72/26/72 73/27/73 66/21/66
f 66/21/66 73/27/73 74/28/74
f 66/21/66 74/28/74 67/22/67
f 57/15/57 75/29/75 61/17/61
f 57/15/57 60/16/60 75/29/75
f 57/15/57 63/17/63 76/29/76
f 76/29/76 58/16/58 57/15/57
f 62/18/62 77/30/77 63/17/63
f 63/17/63 77/30/77 78/31/78
f 64/19/64 78/31/78 77/30/77
f 77/30/77 65/20/65 64/19/64
f 63/17/63 78/31/78 76/29/76
f 76/29/76 78/31/78 79/32/79
f 78/31/78 64/19/64 79/32/79
f 79/32/79 64/19/64 67/22/67
f 74/28/74 80/33/80 67/22/67
f 67/22/67 80/33/80 79/32/79
f 80/33/80 58/16/58 79/32/79
f 79/32/79 58/16/58 76/29/76
f 81/34/81 80/33/80 74/28/74
f 74/28/74 73/27/73 81/34/81
f 80/33/80 81/34/81 58/16/58
f 58/16/58 81/34/81 55/13/55
f 72/26/72 82/35/82 81/34/81
f 81/34/81 73/27/73 72/26/72
f 81/34/81 82/35/82 55/13/55
f 55/13/55 82/35/82 56/14/56
f 56/14/56 82/35/82 59/13/59
f 59/13/59 82/35/82 83/36/83
f 82/35/82 72/26/72 71/25/71
f 71/25/71 83/36/83 82/35/82
f 71/25/71 70/24/70 84/37/84
f 84/37/84 83/36/83 71/25/71
f 83/36/83 84/37/84 59/13/59
f 59/13/59 84/37/84 60/16/60
f 60/16/60 84/37/84 75/29/75
f 75/29/75 84/37/84 85/32/85
f 84/37/84 70/24/70 85/32/85
f 85/32/85 70/24/70 69/22/69
f 69/22/69 68/23/68 86/31/86
f 86/31/86 85/32/85 69/22/69
f 85/32/85 86/31/86 75/29/75
f 75/29/75 86/31/86 61/17/61
f 62/18/62 61/17/61 77/30/77
f 77/30/77 61/17/61 86/31/86
f 77/30/77 86/31/86 68/23/68
f 68/23/68 65/20/65 77/30/77
f 87/38/87 88/39/88 89/40/89
f 88/39/88 87/38/87 90/41/90
f 91/42/91 90/41/90 87/38/87
f 90/41/90 91/42/91 92/43/92
f 93/44/93 94/45/94 95/46/95
f 95/46/95 94/45/94 96/47/96
f 94/45/94 89/40/89 96/47/96
f 96/47/96 89/40/89 88/39/88
f 97/48/97 98/49/98 99/50/99
f 99/50/99 100/51/100 97/48/97
f 97/48/97 93/44/93 98/49/98
f 98/49/98 93/44/93 95/46/95
f 91/42/91 101/52/101 102/53/102
f 102/53/102 92/43/92 91/42/91
f 101/52/101 100/51/100 102/53/102
f 102/53/102 100/51/100 99/50/99
f 103/54/103 104/55/104 105/56/105
f 105/56/105 106/57/106 103/54/103
f 107/58/107 108/59/108 109/60/109
f 109/60/109 110/61/110 107/58/107
f 109/60/109 106/57/106 105/56/105
f 105/56/105 110/61/110 109/60/109
f 111/62/111 112/63/112 108/59/108
f 108/59/108 107/58/107 111/62/111
f 112/63/112 111/62/111 113/64/113
f 112/63/112 113/64/113 114/65/114
f 114/65/114 113/64/113 115/66/115
f 114/65/114 115/66/115 116/67/116
f 103/67/117 117/65/118 118/64/119
f 118/64/119 104/66/120 103/67/117
f 119/58/121 120/62/122 121/59/123
f 121/59/123 120/62/122 122/63/124
f 120/62/122 118/64/119 117/65/118
f 117/65/118 122/63/124 120/62/122
f 123/61/125 119/58/121 121/59/123
f 121/59/123 124/60/126 123/61/125
f 123/61/125 124/60/126 125/56/127
f 125/56/127 124/60/126 126/57/128
f 125/56/127 126/57/128 115/55/129
f 115/55/129 126/57/128 116/54/130
f 127/68/131 128/69/132 129/70/133
f 128/69/132 130/71/134 131/72/135
f 132/73/136 133/74/137 134/75/138
f 134/76/139 135/77/140 132/78/141
f 136/79/142 127/68/131 129/70/133
f 137/80/143 136/79/142 138/72/144
f 137/80/143 139/81/145 127/68/131
f 127/68/131 136/79/142 137/80/143
f 133/82/146 127/68/131 139/81/145
f 127/68/131 133/82/146 135/77/140
f 132/78/141 135/77/140 133/82/146
f 130/83/147 138/84/148 131/72/135
f 130/83/147 137/85/149 138/84/148
f 138/84/148 128/69/132 131/72/135
f 138/84/148 136/86/150 128/69/132
f 128/69/132 136/86/150 129/70/133
f 140/87/151 141/79/152 142/88/153
f 141/79/152 143/89/154 144/72/155
f 140/87/151 143/89/154 141/79/152
f 145/90/156 135/77/140 146/91/157
f 147/79/158 140/87/151 142/88/153
f 140/87/151 147/79/158 148/92/159
f 140/87/151 146/91/157 135/77/140
f 143/83/160 149/84/161 144/72/155
f 143/83/160 150/85/162 149/84/161
f 149/93/163 141/79/152 144/94/164
f 149/93/163 147/95/165 141/79/152
f 141/79/152 147/95/165 142/88/153
f 151/96/166 137/85/149 130/83/147
f 151/96/166 139/97/167 137/85/149
f 134/75/138 139/97/167 151/96/166
f 134/75/138 133/74/137 139/97/167
f 127/68/131 130/71/134 128/69/132
f 127/68/131 151/98/168 130/71/134
f 127/68/131 134/76/139 151/98/168
f 152/75/169 145/73/170 146/74/171
f 140/87/151 145/90/156 152/76/172
f 140/87/151 135/77/140 145/90/156
f 127/68/131 135/77/140 134/76/139
f 150/85/162 143/83/160 148/97/173
f 148/97/173 143/83/160 153/96/174
f 148/97/173 153/96/174 146/74/171
f 146/74/171 153/96/174 152/75/169
f 140/87/151 153/98/175 143/89/154
f 140/87/151 152/76/172 153/98/175
f 154/99/176 155/100/176 156/101/177
f 155/99/178 157/100/178 156/102/179
f 156/102/179 157/99/180 158/100/180
f 156/102/179 158/99/181 159/100/181
f 156/101/177 159/99/182 154/100/182
f 160/69/183 161/68/184 162/70/185
f 163/80/186 160/69/183 164/72/187
f 165/78/188 166/77/189 167/76/190
f 167/75/191 168/74/192 165/73/193
f 161/68/184 169/79/194 162/70/185
f 169/79/194 170/80/195 171/72/196
f 170/80/195 169/79/194 161/68/184
f 161/68/184 172/103/197 170/80/195
f 161/68/184 168/82/198 172/103/197
f 168/82/198 161/68/184 166/77/189
f 166/77/189 165/78/188 168/82/198
f 171/84/199 163/83/200 164/72/187
f 170/85/201 163/83/200 171/84/199
f 160/69/183 171/84/199 164/72/187
f 169/86/202 171/84/199 160/69/183
f 169/86/202 160/69/183 162/70/185
f 173/79/203 174/87/204 175/88/205
f 176/80/206 173/79/203 177/72/207
f 176/80/206 174/87/204 173/79/203
f 166/77/189 178/90/208 179/76/209
f 174/87/204 180/104/210 175/88/205
f 174/87/204 179/76/209 181/92/211
f 179/76/209 174/87/204 166/77/189
f 182/84/212 176/83/213 177/72/207
f 183/85/214 176/83/213 182/84/212
f 173/79/203 182/84/212 177/72/207
f 180/86/215 182/84/212 173/79/203
f 180/86/215 173/79/203 175/88/205
f 170/85/201 184/96/216 163/83/200
f 172/97/217 184/96/216 170/85/201
f 172/97/217 167/75/191 184/96/216
f 168/74/192 167/75/191 172/97/217
f 163/80/186 161/68/184 160/69/183
f 184/98/218 161/68/184 163/80/186
f 167/76/190 161/68/184 184/98/218
f 178/73/219 185/75/220 179/74/221
f 185/76/222 178/90/208 166/77/189
f 166/77/189 174/87/204 185/76/222
f 166/77/189 161/68/184 167/76/190
f 176/83/213 183/85/214 181/97/223
f 176/83/213 181/97/223 186/96/224
f 186/96/224 181/97/223 179/74/221
f 186/96/224 179/74/221 185/75/220
f 186/98/225 174/87/204 176/80/206
f 185/76/222 174/87/204 186/98/225
f 187/105/226 188/106/227 189/107/227
f 190/100/228 187/99/229 189/102/230
f 190/100/228 189/102/230 191/100/231
f 191/99/232 189/102/230 192/100/232
f 192/108/233 189/107/227 188/106/227
f 123/109/234 125/110/235 193/111/236
f 125/110/235 115/112/237 193/111/236
f 119/113/238 123/109/234 193/111/236
f 119/113/238 193/111/236 120/114/239
f 120/114/239 193/111/236 118/115/240
f 193/111/236 104/116/241 118/115/240
f 113/117/242 111/118/243 193/111/236
f 115/112/237 113/117/242 193/111/236
f 111/118/243 107/119/244 193/111/236
f 193/111/236 107/119/244 110/120/245
f 193/111/236 110/120/245 105/121/246
f 104/116/241 193/111/236 105/121/246
f 180/104/210 183/122/247 182/123/248
f 180/104/210 181/92/211 183/122/247
f 181/92/211 180/104/210 174/87/204
f 147/79/158 150/122/249 148/92/159
f 147/79/158 149/94/250 150/122/249
f 148/92/159 146/91/157 140/87/151
f 194/124/251 103/125/252 106/126/253
f 106/126/253 195/127/254 194/124/251
f 109/128/255 108/129/256 196/130/257
f 109/128/255 196/130/257 195/127/254
f 106/126/253 109/128/255 195/127/254
f 108/129/256 112/131/258 196/130/257
f 197/132/259 196/130/257 112/131/258
f 114/133/260 116/134/261 198/135/262
f 198/135/262 197/132/259 114/133/260
f 197/132/259 112/131/258 114/133/260
f 193/136/263 196/130/257 197/132/259
f 197/132/259 198/135/262 193/136/263
f 195/127/254 193/136/263 194/124/251
f 196/130/257 193/136/263 195/127/254
f 194/124/251 199/137/264 117/138/265
f 117/138/265 103/125/252 194/124/251
f 121/139/266 122/140/267 200/141/268
f 200/141/268 122/140/267 199/137/264
f 122/140/267 117/138/265 199/137/264
f 124/142/269 121/139/266 200/141/268
f 200/141/268 201/143/270 124/142/269
f 201/143/270 198/135/262 116/134/261
f 116/134/261 126/133/271 201/143/270
f 124/142/269 201/143/270 126/133/271
f 193/136/263 198/135/262 201/143/270
f 201/143/270 200/141/268 193/136/263
f 193/136/263 199/137/264 194/124/251
f 193/136/263 200/141/268 199/137/264
f 202/144/272 203/145/273 204/146/274
f 205/147/275 203/145/273 202/148/276
f 206/149/277 204/146/274 207/150/278
f 207/150/278 204/146/274 208/147/279
f 206/149/277 209/151/280 202/144/272
f 202/144/272 204/146/274 206/149/277
f 210/152/281 202/148/276 209/153/282
f 205/147/275 202/148/276 210/152/281
f 210/152/281 211/150/283 205/147/275
f 212/154/284 205/147/275 211/150/283
f 206/149/277 207/150/278 213/155/285
f 214/156/286 206/149/277 213/155/285
f 209/151/280 206/149/277 214/156/286
f 214/157/287 215/158/288 210/152/281
f 211/150/283 210/152/281 215/158/288
f 210/152/281 209/153/282 214/157/287
f 203/145/273 208/147/279 204/146/274
f 203/145/273 216/148/289 208/147/279
f 203/145/273 212/154/284 216/144/290
f 203/145/273 205/147/275 212/154/284
f 208/147/279 217/152/291 207/150/278
f 208/147/279 218/153/292 217/152/291
f 208/147/279 216/148/289 218/153/292
f 216/144/290 219/159/293 218/151/294
f 216/144/290 212/154/284 219/159/293
f 212/154/284 211/150/283 219/159/293
f 207/150/278 217/152/291 213/155/285
f 217/152/291 220/157/295 213/155/285
f 217/152/291 218/153/292 220/157/295
f 220/156/296 218/151/294 219/159/293
f 219/159/293 215/158/288 220/156/296
f 219/159/293 211/150/283 215/158/288
f 214/157/287 220/156/296 215/158/288
f 214/157/287 213/155/285 220/156/296
