<?xml version="1.0" encoding="UTF-8"?>

  <COLLADA xmlns="http://www.collada.org/2005/11/COLLADASchema" version="1.4.1">
    <asset>
      <contributor>
        <authoring_tool>ZModeler 3.x Collada filter</authoring_tool>
      </contributor>
    
      <unit meter="1.0" name="meter"/>
      <up_axis>Y_UP
      </up_axis>
    </asset>
  
    <library_images>
      <image id="asterix_png" name="asterix_png">
        <init_from>asterix.png</init_from>
      </image>
    
      <image id="spec1_asterix_png" name="spec1_asterix_png">
        <init_from>spec1_asterix.png</init_from>
      </image>
    </library_images>
  
    <library_materials>
      <material id="asterix" name="asterix">
        <instance_effect url="#asterix_fx"/>
      </material>
    
      <material id="spec1_asterix" name="spec1_asterix">
        <instance_effect url="#spec1_asterix_fx"/>
      </material>
    </library_materials>
  
    <library_effects>
      <effect id="asterix_fx">
        <profile_COMMON>
          <newparam sid="asterix_png_img">
            <surface type="2D">
              <init_from>asterix_png</init_from>
            </surface>
          </newparam>
        
          <newparam sid="asterix_png_sampler">
            <sampler2D>
              <source>asterix_png_img</source>
            
              <wrap_s>WRAP</wrap_s>
            
              <wrap_t>WRAP</wrap_t>
            
              <minfilter>LINEAR_MIPMAP_LINEAR</minfilter>
            
              <magfilter>LINEAR_MIPMAP_LINEAR</magfilter>
            
              <mipfilter>LINEAR</mipfilter>
            </sampler2D>
          </newparam>
        
          <technique sid="common">
            <phong>
              <ambient>
                <color>0.2000 0.2000 0.2000 1</color>
              </ambient>
            
              <emission>
                <color>0.0000 0.0000 0.0000 1</color>
              </emission>
            
              <specular>
                <color>1.0000 1.0000 1.0000 1</color>
              </specular>
            
              <diffuse>
                <texture texture="asterix_png_sampler" texcoord="0"/>
              </diffuse>
            
              <shininess>
                <float>50.0000</float>
              </shininess>
            
              <transparency>
                <float>1.0000</float>
              </transparency>
            </phong>
          </technique>
        </profile_COMMON>
      </effect>
    
      <effect id="spec1_asterix_fx">
        <profile_COMMON>
          <newparam sid="spec1_asterix_png_img">
            <surface type="2D">
              <init_from>spec1_asterix_png</init_from>
            </surface>
          </newparam>
        
          <newparam sid="spec1_asterix_png_sampler">
            <sampler2D>
              <source>spec1_asterix_png_img</source>
            
              <wrap_s>WRAP</wrap_s>
            
              <wrap_t>WRAP</wrap_t>
            
              <minfilter>LINEAR_MIPMAP_LINEAR</minfilter>
            
              <magfilter>LINEAR_MIPMAP_LINEAR</magfilter>
            
              <mipfilter>LINEAR</mipfilter>
            </sampler2D>
          </newparam>
        
          <technique sid="common">
            <phong>
              <ambient>
                <color>0.2000 0.2000 0.2000 1</color>
              </ambient>
            
              <emission>
                <color>0.0000 0.0000 0.0000 1</color>
              </emission>
            
              <specular>
                <color>1.0000 1.0000 1.0000 1</color>
              </specular>
            
              <diffuse>
                <texture texture="spec1_asterix_png_sampler" texcoord="0"/>
              </diffuse>
            
              <shininess>
                <float>50.0000</float>
              </shininess>
            
              <transparency>
                <float>1.0000</float>
              </transparency>
            </phong>
          </technique>
        </profile_COMMON>
      </effect>
    </library_effects>
  
    <library_geometries>
      <geometry id="asterix_geom" name="asterix">
        <mesh>
          <source id="asterix_geom_positions" name="positions">
            <float_array id="asterix_geom_positions_array" count="5850">0.08161901 0.44850298 0.120511 0.08949001 0.39285703 0.13272499 0.00172 0.45496502 0.149173 0.00172 0.39283802 0.16434198 0.00172 0.45191999 0.13811699 0.076335 0.44950398 0.11220999 0.00172 0.45496502 0.15029901 0.00172 0.39283802 0.16562098 0.00172 0.38983802 0.153621 0.084377 0.38985704 0.124685 0.12211999 0.44328596 0.067192 0.14095699 0.39285703 0.074679 0.114199 0.44328596 0.064444 0.123336 0.44328596 0.06748899 0.14236301 0.39285703 0.075052 0.133363 0.38985704 0.070052 0.117143 0.44284 -0.00526 0.13484197 0.39609103 -0.013124 0.10817199 0.44284 -0.002694 0.11830899 0.44284 -0.005694 0.136186 0.39609103 -0.01363699 0.12718601 0.39309101 -0.010637 0.068861 0.44571899 -0.055487 0.079879 0.40332498 -0.074492 0.064493 0.44571899 -0.048338 0.08066801 0.40332498 -0.075625 0.07366801 0.40032499 -0.066625 0.00172 0.44699799 -0.06684599 0.00172 0.40555899 -0.08893401 0.00172 0.44699799 -0.059442 0.00172 0.44699799 -0.06790199 0.00172 0.40555899 -0.09021301 0.00172 0.40155898 -0.07921301 -0.078179 0.44950398 0.120511 -0.086051 0.39285703 0.13272499 -0.072895 0.44950398 0.11220999 -0.08093701 0.38985704 0.124685 -0.12281799 0.44446101 0.068419 -0.13751798 0.39285703 0.071709 -0.11075999 0.44328596 0.064444 -0.124076 0.44446101 0.06872899 -0.13892398 0.39285703 0.072052 -0.12992399 0.38985704 0.070052 -0.11271399 0.44284 -0.00526 -0.13140199 0.39509101 -0.013124 -0.10377599 0.44284 -0.002694 -0.11386999 0.44284 -0.005694 -0.13274699 0.39509101 -0.01363699 -0.123747 0.39209102 -0.010637 -0.064431 0.44571899 -0.054497 -0.07545 0.40332498 -0.077462 -0.061054 0.44571899 -0.048338 -0.076229 0.40332498 -0.078625 -0.070229 0.40032499 -0.066625 0.000357 0.407449 0.103118 0.000357 0.364796 0.16505898 0.034607 0.37565101 0.16260299 0.055775 0.40406798 0.156173 -0.03389399 0.37513698 0.161381 -0.055062 0.40406798 0.153673 0.000357 0.47846501 0.13933899 -0.03389399 0.46761002 0.13929501 0.034607 0.46761002 0.141795 -0.000092 0.41265102 0.122959 0.002806 0.46502699 0.15591299 0.01952599 0.458981 0.158694 0.036388 0.43962302 0.16392399 -0.023157 0.45797601 0.15664298 -0.03882 0.43735101 0.16060398 -0.039161 0.41177698 0.166285 -0.024051 0.39102198 0.17151501 -0.00100799 0.38378499 0.17429601 0.02447 0.392204 0.17356602 0.038276 0.41411598 0.16960398 -0.055062 0.43669303 0.14572499 0.055775 0.439193 0.148225 0.002104 0.47626104 0.14804999 0.03354099 0.465252 0.15054099 0.05234 0.43832298 0.15663398 0.05132 0.405759 0.16400298 0.030871 0.38000001 0.16983099 -0.00119699 0.370883 0.17189401 -0.031634 0.38094501 0.16755598 -0.051433 0.40882101 0.16180999 -0.050413 0.43938499 0.15494099 -0.029963 0.46714499 0.150112 -0.47071903 0.67340502 0.003039 -0.48289304 0.65935698 -0.002807 -0.46595701 0.66782305 -0.011283 -0.47661506 0.64966998 -0.026261 -0.41854595 0.66484502 -0.007975 -0.406749 0.64539501 -0.020444 -0.48297503 0.64993796 0.075321 -0.47576799 0.67322901 0.043069 -0.47362303 0.66480401 0.062783 -0.48737501 0.65834204 0.046418 -0.40518098 0.65813604 0.054442 -0.41656699 0.64904103 0.07936701 -0.423487 0.664543 0.06255199 -0.417919 0.67137495 0.046644 -0.40295999 0.65813604 -0.000769 -0.41527798 0.67095295 0.00557 0.04803 0.94191202 0.12525899 0.00172 0.95052507 0.142607 0.001726 0.989836 0.11620999 0.046833 0.98236599 0.100167 0.068004 0.97040399 0.070981 0.077621 0.95106503 0.024623 0.090707 0.90566601 0.044429 0.07923201 0.92370899 0.088322 0.067153 0.93346306 -0.016348 0.08323801 0.88870899 0.00496099 0.053833 0.875621 -0.03581099 0.042114 0.92149295 -0.044208 0.001726 0.87154798 -0.049947 0.001726 0.91555299 -0.058034 -0.04459 0.94191202 0.12525899 -0.043381 0.98236599 0.100167 0.001726 0.989836 0.11620999 0.00172 0.95052507 0.142607 -0.074169 0.95196899 0.026727 -0.07579301 0.92370899 0.088322 -0.08825501 0.90566601 0.044429 -0.061552 0.97306301 0.069169 -0.079787 0.88770901 0.00496099 -0.06370099 0.93346306 -0.016348 -0.049381 0.875621 -0.03581099 -0.038662 0.92149295 -0.044208 0.001726 0.87154798 -0.049947 0.001726 0.91555299 -0.058034 -0.17446301 1.05849302 -0.35440503 -0.13571298 1.05960405 -0.17689901 -0.13252398 1.00596296 -0.18822 -0.090012 1.01656603 -0.00634199 -0.092166 0.99285998 -0.01438 -0.088408 0.96234395 0.00011 -0.082613 0.96234395 -0.001443 -0.07422 0.94501104 0.035785 -0.07422 0.94501104 0.035785 -0.080355 0.92510797 0.029701 -0.088408 0.96234395 0.00011 -0.11939 1.06619703 -0.18082 -0.07196 1.01773405 0.000754 -0.079763 0.994518 -0.010961 -0.081896 0.97971101 -0.00923499 -0.082613 0.96234395 -0.001443 -0.07196 1.01773405 0.000754 -0.092166 0.99285998 -0.01438 -0.079763 0.994518 -0.010961 -0.11939 1.06619703 -0.18082 -0.168411 0.99061497 -0.29986104 -0.14859899 1.01477098 -0.156515 -0.13448299 0.97298093 -0.16394099 -0.11295499 1.004902 -0.018627 -0.11083599 0.98503198 -0.02656699 -0.09643 0.965476 -0.012739 -0.08428801 0.94934501 0.03374099 -0.13329 1.02216804 -0.16422098 -0.098355 0.978206 -0.021586 -0.096266 1.01003396 -0.016619 -0.11083599 0.98503198 -0.02656699 -0.098521 0.98977896 -0.023475 -0.11295499 1.004902 -0.018627 -0.096266 1.01003396 -0.016619 -0.13329 1.02216804 -0.16422098 -0.090589 0.97971101 -0.00690599 -0.081896 0.97971101 -0.00923499 -0.090589 0.97971101 -0.00690599 -0.09643 0.965476 -0.012739 -0.08428801 0.94934501 0.03374099 -0.105123 0.965476 -0.01041 -0.105123 0.965476 -0.01041 -0.098355 0.978206 -0.021586 -0.10875599 0.97425397 -0.021386 -0.10875599 0.97425397 -0.021386 -0.09884401 0.94527199 0.026399 -0.07796 0.926115 0.054364 -0.080495 0.91321899 0.024003 -0.09884401 0.94527199 0.026399 -0.07051 0.95656504 0.050606 -0.07796 0.926115 0.054364 -0.068361 0.96298792 0.020058 -0.07051 0.95656504 0.050606 -0.074378 0.93681904 0.00344999 -0.068361 0.96298792 0.020058 -0.080495 0.91321899 0.024003 -0.074378 0.93681904 0.00344999 0.17791501 1.05849302 -0.35440503 0.135976 1.00596296 -0.18822 0.13916501 1.05960405 -0.17689901 0.093464 1.01656603 -0.00634199 0.09561801 0.99285998 -0.01438 0.09186 0.96234395 0.00011 0.083807 0.92510797 0.029701 0.077672 0.94501104 0.035785 0.077672 0.94501104 0.035785 0.086065 0.96234395 -0.001443 0.09186 0.96234395 0.00011 0.12284199 1.06619703 -0.18082 0.075412 1.01773405 0.000754 0.083215 0.994518 -0.010961 0.08534801 0.97971101 -0.00923499 0.086065 0.96234395 -0.001443 0.09561801 0.99285998 -0.01438 0.075412 1.01773405 0.000754 0.083215 0.994518 -0.010961 0.12284199 1.06619703 -0.18082 0.17186301 0.99061497 -0.29986104 0.13793499 0.97298093 -0.16394099 0.152051 1.01477098 -0.156515 0.11640699 1.004902 -0.018627 0.114288 0.98503198 -0.02656699 0.099882 0.965476 -0.012739 0.08774 0.94934501 0.03374099 0.13674198 1.02216804 -0.16422098 0.101807 0.978206 -0.021586 0.114288 0.98503198 -0.02656699 0.099718 1.01003396 -0.016619 0.101973 0.98977896 -0.023475 0.13674198 1.02216804 -0.16422098 0.094041 0.97971101 -0.00690599 0.08534801 0.97971101 -0.00923499 0.094041 0.97971101 -0.00690599 0.099882 0.965476 -0.012739 0.10857499 0.965476 -0.01041 0.08774 0.94934501 0.03374099 0.10857499 0.965476 -0.01041 0.101807 0.978206 -0.021586 0.11220799 0.97425397 -0.021386 0.11220799 0.97425397 -0.021386 0.102296 0.94527199 0.026399 0.08394701 0.91321899 0.024003 0.081412 0.926115 0.054364 0.102296 0.94527199 0.026399 0.081412 0.926115 0.054364 0.073962 0.95656504 0.050606 0.071813 0.96298792 0.020058 0.07783 0.93681904 0.00344999 0.071813 0.96298792 0.020058 0.07783 0.93681904 0.00344999 0.001726 1.00660097 0.00622 -0.049381 0.875621 -0.03581099 -0.079787 0.88770901 0.00496099 0.001726 0.87154798 -0.049947 -0.08825501 0.90566601 0.044429 -0.07579301 0.92370899 0.088322 -0.04459 0.94191202 0.12525899 0.00172 0.95052507 0.142607 0.08323801 0.88870899 0.00496099 0.053833 0.875621 -0.03581099 0.090707 0.90566601 0.044429 0.07923201 0.92370899 0.088322 0.04803 0.94191202 0.12525899 0.099718 1.01003396 -0.016619 0.101973 0.98977896 -0.023475 -0.098521 0.98977896 -0.023475 -0.096266 1.01003396 -0.016619 0.046833 0.98236599 0.100167 0.001726 0.989836 0.11620999 0.001726 1.00920498 0.066398 0.04524499 0.99382701 0.067574 0.048833 0.98554399 0.014963 0.077621 0.95106503 0.024623 0.068004 0.97040399 0.070981 0.067153 0.93346306 -0.016348 0.043497 0.95312609 -0.029849 0.001726 0.96726104 -0.041141 0.001726 0.91555299 -0.058034 0.042114 0.92149295 -0.044208 0.001726 1.00660097 0.00622 -0.043381 0.98236599 0.100167 -0.03979299 0.99560096 0.065705 -0.045381 0.98498597 0.01520199 -0.061552 0.97306301 0.069169 -0.074169 0.95196899 0.026727 -0.06370099 0.93346306 -0.016348 -0.040045 0.95335104 -0.03397899 -0.038662 0.92149295 -0.044208 0.007483 1.02042698 0.00486499 0.001726 1.01920795 -0.006422 0.012747 1.01611495 -0.00507699 0.012747 1.01611495 -0.00507699 0.007226 1.01248097 -0.01371799 0.001726 1.01596999 0.015021 0.012747 1.01347696 0.00928799 -0.004032 1.02042698 0.00486499 0.018999 1.00864803 -0.00183 0.018999 1.00864803 -0.00183 0.012747 1.00468802 -0.010926 0.001726 1.002195 -0.016659 -0.00415999 1.01218998 -0.013844 0.001726 1.00461995 0.009543 0.011647 1.00113701 0.001437 0.001726 0.997655 -0.00666899 0.011647 1.00113701 0.001437 -0.009295 1.01611495 -0.00507699 -0.009295 1.01611495 -0.00507699 -0.009295 1.01347696 0.00928799 -0.015547 1.00864803 -0.00183 -0.015547 1.00864803 -0.00183 -0.009295 1.00468802 -0.010926 -0.008195 1.00113701 0.001437 -0.008195 1.00113701 0.001437 0.00172 0.918507 0.15486601 0.00172 0.87663291 0.1551 -0.018151 0.89764296 0.14787399 -0.00883599 0.87134693 0.15471999 0.00172 0.86069696 0.21767601 -0.029685 0.85622798 0.21767601 -0.019217 0.82429199 0.15504299 0.00172 0.83676003 0.170803 -0.029685 0.86516504 0.25954899 0.00172 0.87163292 0.26154896 0.00172 0.86016504 0.30742199 -0.029685 0.852728 0.30542199 0.00172 0.82429199 0.32235901 -0.029685 0.81382303 0.31589101 0.00172 0.77918399 0.31389101 -0.034742 0.780419 0.30324499 0.00172 0.74595601 0.28554299 0.00172 0.735488 0.23861299 -0.034742 0.756602 0.28048598 -0.029685 0.74595601 0.23461298 0.00172 0.74054504 0.207208 -0.034685 0.751014 0.20400499 -0.042154 0.82162098 0.169173 -0.05709 0.83676003 0.21767601 -0.05709 0.84422801 0.25954899 -0.05209 0.82029198 0.29695403 -0.06109 0.78365297 0.27001702 -0.06109 0.77394999 0.22614398 -0.05859 0.77194995 0.175803 -0.07079301 0.80335502 0.22014398 -0.06109 0.80694996 0.18330301 -0.067558 0.81382303 0.26478299 -0.018151 0.89764296 0.14787399 -0.00883599 0.87134693 0.15471999 -0.027758 0.873646 0.15777501 -0.028233 0.90135296 0.14295299 -0.036016 0.86264293 0.152729 -0.044801 0.86626993 0.141429 -0.019217 0.82429199 0.15504299 -0.03761299 0.83004401 0.150193 -0.022201 0.82946299 0.16043999 -0.03351799 0.83326302 0.15690601 -0.00655499 0.83685903 0.15982399 -0.044801 0.86626993 0.141429 -0.03761299 0.83004401 0.150193 -0.069559 0.829172 0.126695 -0.06632399 0.85546301 0.12346099 -0.028233 0.90135296 0.14295299 -0.04359 0.93991204 0.12525899 0.00172 0.94852509 0.141607 -0.087261 0.82429199 0.081588 -0.082027 0.85046302 0.09729001 -0.07879301 0.89233594 0.099525 -0.07479301 0.92170896 0.089322 -0.043954 0.88902102 0.13845299 -0.097729 0.71437395 0.118227 -0.06632399 0.70914001 0.16509999 -0.07155901 0.677735 0.13892999 -0.08179301 0.68820396 0.092056 -0.097792 0.71699197 0.07112 -0.082131 0.70390601 0.06588599 -0.053388 0.65709606 0.140164 -0.040154 0.65859607 0.10252499 -0.038783 0.69990603 0.19168 0.00172 0.65679899 0.17603701 -0.04294 0.66130498 0.16402998 0.00172 0.69467202 0.19673899 0.00172 0.73007698 0.207208 -0.031685 0.74054504 0.198505 -0.026834 0.64336208 0.14963199 -0.11046099 0.78609295 0.078971 -0.089761 0.82032297 0.13192999 -0.10260899 0.78765298 0.128695 -0.087261 0.81382303 0.044949 -0.087261 0.82952605 0.065708 -0.087261 0.85046302 0.076354 -0.087261 0.85046302 0.076354 -0.082027 0.85046302 0.09729001 -0.087261 0.82429199 0.081588 -0.08725501 0.90366604 0.045429 -0.090027 0.87386803 0.06588599 -0.087261 0.839994 0.03971499 -0.07878599 0.88670896 0.00596099 -0.07479301 0.92170896 0.089322 -0.07879301 0.89233594 0.099525 -0.087261 0.82952605 0.065708 -0.064718 0.86207996 -0.06525001 -0.068281 0.85722803 -0.11602099 -0.031277 0.90700503 -0.07266 -0.049381 0.87362103 -0.03381099 -0.076803 0.90377798 -0.10705199 -0.064718 0.86207996 -0.06525001 -0.024796 0.83456509 -0.16073198 0.010713 0.85354804 -0.082447 -0.07765301 0.80667494 -0.079522 -0.05806 0.809346 -0.13360699 -0.027255 0.69634501 -0.159593 0.000125 0.73921502 -0.08569001 -0.072153 0.73709906 -0.06149 0.003272 0.67822203 -0.072824 -0.07815401 0.68796 -0.04747799 -0.024451 0.72152299 0.016161 0.00172 0.72013999 0.005076 -0.049381 0.87362103 -0.03381099 -0.082753 0.90263291 -0.031877 -0.100204 0.915621 -0.088442 -0.076803 0.90377798 -0.10705199 -0.159354 0.80596797 -0.08522301 -0.10111199 0.83476005 -0.020097 -0.13271999 0.78750403 -0.059893 -0.13271999 0.78750403 -0.059893 -0.14745399 0.72509897 -0.056659 -0.072153 0.73709906 -0.06149 -0.098114 0.76718403 0.001906 -0.07878599 0.88670896 0.00596099 -0.098114 0.76718403 0.001906 -0.13271999 0.78750403 -0.059893 -0.098114 0.76718403 0.001906 -0.098114 0.76718403 0.001906 -0.072018 0.73454506 0.018992 -0.072153 0.73709906 -0.06149 -0.072018 0.73454506 0.018992 -0.032532 0.71414 0.042824 -0.024451 0.72152299 0.016161 -0.08590001 0.71960897 0.03953799 0.00172 0.72013999 0.005076 -0.024451 0.72152299 0.016161 0.00172 0.6829699 -0.00739299 -0.027451 0.67896995 0.013544 -0.032532 0.71414 0.042824 -0.038919 0.663735 0.040246 -0.020298 0.70467199 0.063527 -0.020685 0.63986102 0.060006 0.00172 0.69850108 0.070229 0.00172 0.63062796 0.064995 -0.11081499 0.751014 0.07612 -0.10296299 0.751014 0.032012 -0.108198 0.78241796 0.029246 -0.098346 0.75469399 0.120727 -0.020298 0.70467199 0.063527 0.00172 0.69850108 0.070229 0.00172 0.65986207 0.09382199 0.00172 0.63865999 0.128695 -0.087261 0.839994 0.03971499 -0.10111199 0.83476005 -0.020097 -0.10111199 0.83476005 -0.020097 -0.098114 0.76718403 0.001906 -0.10111199 0.83476005 -0.020097 -0.122645 0.78165294 -0.014239 -0.108198 0.78241796 0.029246 -0.13260398 0.799823 -0.048426 -0.10226099 0.59922302 -0.013517 -0.10226099 0.60445699 0.028356 -0.072171 0.59305209 -0.013517 -0.072171 0.59828603 0.028356 -0.09364001 0.62916002 0.051558 -0.092754 0.66179899 0.028356 -0.065703 0.63816002 0.049058 -0.061703 0.65679899 0.028356 -0.097868 0.667267 -0.003049 -0.061703 0.66203293 -0.003049 -0.124513 0.63836202 -0.023986 -0.09864001 0.63489399 -0.029256 -0.09364001 0.62916002 0.051558 -0.124513 0.63062796 0.044001 -0.124513 0.63062796 0.044001 -0.116633 0.65979901 0.028356 -0.119191 0.66515002 -0.003049 -0.13751298 0.657033 -0.003049 -0.22263599 0.60969099 0.028356 -0.23143501 0.60366204 -0.014824 -0.24504799 0.60245696 -0.015534 -0.16464798 0.59425801 0.007092 -0.17450299 0.619782 -0.029047 -0.216568 0.63062796 0.038824 -0.16649501 0.60885105 0.039884 -0.166289 0.63291791 0.050519 -0.13751298 0.651799 0.028356 -0.166289 0.63291791 0.050519 -0.171603 0.65929899 0.022906 -0.233808 0.65679899 -0.003049 -0.217579 0.65156505 0.029367 -0.18390901 0.64751908 -0.021486 -0.264241 0.63586798 -0.02722 -0.25730398 0.59922302 -0.013517 -0.25431102 0.63586202 -0.026009 -0.26930397 0.60445699 0.028356 -0.27530398 0.63062796 0.047058 -0.216568 0.63062796 0.038824 -0.27530398 0.63062796 0.047058 -0.27553799 0.65379903 0.035356 -0.27155699 0.66573897 0.019455 -0.25041902 0.659327 -0.003436 -0.26777198 0.66403297 -0.003049 -0.049381 0.87362103 -0.03381099 0.001726 0.86954801 -0.047947 0.00172 0.92341204 -0.040032 -0.040154 0.92232599 -0.023712 -0.049381 0.87362103 -0.03381099 -0.040154 0.92232599 -0.023712 -0.06109 0.95249697 0.016927 -0.05709 0.96419903 0.058034 -0.046622 0.96296497 0.09467301 -0.060707 0.95133694 0.08799801 -0.046622 0.96296497 0.09467301 -0.05709 0.96419903 0.058034 0.00172 0.98451903 0.053886 0.00172 0.97728499 0.10775899 0.00172 0.98451903 0.053886 -0.05709 0.96419903 0.058034 -0.06109 0.95249697 0.016927 0.00172 0.96481701 -0.002924 0.00172 0.96481701 -0.002924 -0.06109 0.95249697 0.016927 -0.060707 0.95133694 0.08799801 -0.046622 0.96296497 0.09467301 -0.046622 0.96296497 0.09467301 0.00172 0.97728499 0.10775899 -0.022307 0.95145204 0.128949 0.00172 0.94852509 0.141607 -0.087261 0.81382303 0.044949 0.02159 0.89764296 0.14787399 0.012275 0.87134693 0.15471999 0.022656 0.82429199 0.15504299 0.033125 0.85422801 0.21767601 0.033125 0.86516504 0.25954899 0.033125 0.852728 0.30542199 0.033125 0.81382303 0.31589101 0.038182 0.780419 0.30324499 0.038182 0.756602 0.28048598 0.033125 0.74595601 0.23461298 0.038125 0.751014 0.20400499 0.045593 0.82162098 0.169173 0.06053 0.83376007 0.21767601 0.06053 0.84422801 0.25954899 0.05553 0.82029198 0.29695403 0.06453 0.78365297 0.27001702 0.06453 0.77394999 0.22614398 0.06453 0.80694996 0.18330301 0.07423201 0.80335502 0.22014398 0.07099801 0.81382303 0.26478299 0.009995 0.83685903 0.15982399 0.04824 0.86626993 0.141429 0.069764 0.85546301 0.12346099 0.072998 0.829172 0.126695 0.041052 0.83004401 0.150193 0.04703 0.93991204 0.12525899 0.031672 0.90135296 0.14295299 0.087466 0.84046303 0.09729001 0.0907 0.82429199 0.081588 0.082232 0.89233594 0.099525 0.07823201 0.92170896 0.089322 0.047394 0.88902102 0.13845299 0.101169 0.71437395 0.118227 0.07499801 0.677735 0.13892999 0.069764 0.70914001 0.16509999 0.08523201 0.68820396 0.092056 0.101231 0.71699197 0.07112 0.085571 0.70390601 0.06588599 0.056827 0.65709606 0.140164 0.043593 0.65609602 0.10252499 0.042222 0.69990603 0.19168 0.046379 0.66130498 0.16402998 0.035125 0.74054504 0.198505 0.06203 0.77194995 0.175803 0.030273 0.64336208 0.14963199 0.11389999 0.78609295 0.078971 0.10604899 0.78765298 0.128695 0.0932 0.82532297 0.13192999 0.156411 0.83769701 -0.046517 0.15368901 0.799823 -0.034997 0.14178399 0.87063293 -0.033002 0.10146599 0.86616503 0.025837 0.111637 0.78241796 0.029246 0.0907 0.839994 0.03971499 0.0907 0.81382303 0.044949 0.0907 0.81382303 0.044949 0.0907 0.82952605 0.065709 0.0907 0.85046302 0.076354 0.0907 0.85046302 0.076354 0.0907 0.82429199 0.081588 0.087466 0.84046303 0.09729001 0.0907 0.839994 0.03971499 0.093466 0.86986802 0.06988599 0.090707 0.90366604 0.045429 0.08223801 0.88670896 0.00596099 0.07823201 0.92170896 0.089322 0.082232 0.89233594 0.099525 0.0907 0.82952605 0.065709 0.001726 0.86954801 -0.047947 -0.007284 0.88300501 -0.11690999 0.010713 0.85354804 -0.082447 0.010713 0.85354804 -0.082447 -0.007284 0.88300501 -0.11690999 -0.068281 0.85722803 -0.11602099 -0.07765301 0.80667494 -0.079522 0.02789 0.72152299 0.016161 0.03597199 0.71414 0.042824 0.07745701 0.73054505 0.016992 0.08933901 0.71960897 0.03953799 0.02789 0.72152299 0.016161 0.03089 0.67896995 0.013544 0.03597199 0.71414 0.042824 0.042359 0.663735 0.040246 0.023737 0.70467199 0.063527 0.024125 0.63986102 0.060006 0.114254 0.751014 0.07612 0.111637 0.78241796 0.029246 0.10640299 0.751014 0.032012 0.023737 0.70467199 0.063527 0.126081 0.87063293 -0.04347099 0.13711999 0.83769701 -0.061083 0.14178399 0.87063293 -0.033002 0.156411 0.83769701 -0.046517 0.13604397 0.799823 -0.048426 0.15368901 0.799823 -0.034997 0.12608501 0.78165294 -0.014239 0.13684998 0.78165294 -0.00717999 0.111637 0.78241796 0.029246 0.10146599 0.86616503 0.025837 0.0907 0.839994 0.03971499 0.092704 0.86651902 0.022282 0.104551 0.83476005 -0.020097 0.10635599 0.87757604 -0.011476 0.111554 0.783184 -0.012094 0.09677499 0.75701405 -0.001779 0.07745701 0.73054505 0.016992 0.104551 0.83476005 -0.020097 0.092605 0.35250901 -0.091087 0.07366801 0.40032499 -0.066625 0.00072 0.35204001 -0.109909 0.00172 0.40155898 -0.07921301 0.055263 0.48530599 -0.038042 0.038972 0.57828599 -0.03463099 0.00172 0.48730599 -0.045276 0.00172 0.604103 -0.03463099 0.00172 0.57828599 0.096046 0.00172 0.63062796 0.064995 0.024125 0.63986102 0.060006 0.048972 0.58923494 0.07510901 0.06844 0.48530599 0.104514 0.00172 0.48930599 0.127451 0.084377 0.38985704 0.124685 0.09913601 0.33757199 0.14638701 0.00172 0.38983802 0.153621 0.00172 0.337806 0.17979201 0.133363 0.38985704 0.070052 0.16476799 0.34274898 0.074932 0.080845 0.55735004 0.03847 0.10178099 0.47883703 0.059407 0.075611 0.55211603 -0.003403 0.09619301 0.47883703 0.001831 0.12718601 0.39309101 -0.010637 0.15929502 0.34798299 -0.025574 0.052833 0.87362103 -0.03381099 0.043593 0.92232599 -0.023712 0.00172 0.92341204 -0.040032 0.001726 0.86954801 -0.047947 0.06453 0.95249697 0.016927 0.043593 0.92232599 -0.023712 0.052833 0.87362103 -0.03381099 0.06053 0.96419903 0.058034 0.050061 0.96296497 0.09467301 0.06053 0.96419903 0.058034 0.06453 0.95249697 0.016927 0.06053 0.96419903 0.058034 0.06453 0.95249697 0.016927 0.076335 0.44950398 0.11220999 0.114199 0.44328596 0.064444 0.00172 0.45191999 0.13811699 0.0907 0.81382303 0.044949 0.00172 0.44699799 -0.059442 0.064493 0.44571899 -0.048338 0.10817199 0.44284 -0.002694 -0.239801 0.63788203 -0.023859 0.08453001 0.81694995 0.16580298 0.09453001 0.78945 0.170803 -0.09109001 0.78945 0.170803 -0.08109001 0.81694995 0.16580298 -0.07109001 0.78445 0.182803 -0.084777 0.76148201 0.159515 0.12023401 0.87739901 -0.00332799 0.13684998 0.78165294 -0.00717999 0.12023401 0.87739901 -0.00332799 -0.15297101 0.83769701 -0.046517 -0.13834398 0.87063293 -0.033002 -0.15025 0.799823 -0.034997 -0.098026 0.86616503 0.025837 -0.087261 0.839994 0.03971499 -0.108198 0.78241796 0.029246 -0.087261 0.81382303 0.044949 -0.122642 0.87063293 -0.04347099 -0.13834398 0.87063293 -0.033002 -0.13167999 0.833697 -0.059083 -0.15297101 0.83769701 -0.046517 -0.15025 0.799823 -0.034997 -0.133411 0.78165294 -0.00717999 -0.098026 0.86616503 0.025837 -0.08926401 0.86651902 0.022282 -0.087261 0.839994 0.03971499 -0.11679399 0.87739901 -0.00332799 -0.105393 0.87757604 -0.023347 -0.133411 0.78165294 -0.00717999 -0.11679399 0.87739901 -0.00332799 -0.129647 0.89302801 -0.09669701 -0.129647 0.89302801 -0.09669701 -0.12888501 0.92450698 -0.16125398 -0.100204 0.915621 -0.088442 -0.076803 0.90377798 -0.10705199 -0.100204 0.915621 -0.088442 -0.129647 0.89302801 -0.09669701 -0.076803 0.90377798 -0.10705199 -0.129647 0.89302801 -0.09669701 -0.10111199 0.83476005 -0.020097 -0.12405 0.85521899 -0.10689999 -0.18069399 0.871527 -0.17139401 -0.09329501 0.82837896 -0.11441199 -0.09329501 0.82837896 -0.11441199 -0.064718 0.86207996 -0.06525001 -0.12405 0.85521899 -0.10689999 -0.159354 0.80596797 -0.08522301 -0.12405 0.85521899 -0.10689999 -0.09329501 0.82837896 -0.11441199 -0.159354 0.80596797 -0.08522301 -0.09329501 0.82837896 -0.11441199 -0.159354 0.80596797 -0.08522301 -0.13271999 0.78750403 -0.059893 0.061444 0.82723795 0.160217 0.041052 0.83004401 0.150193 0.061444 0.82723795 0.160217 -0.058005 0.82723795 0.160217 -0.034685 0.751014 0.20400499 0.00172 0.74054504 0.207208 -0.019685 0.73454506 0.15486601 -0.05859 0.77194995 0.175803 0.023125 0.73454506 0.15486601 0.038125 0.751014 0.20400499 0.06203 0.77194995 0.175803 0.00172 0.73007698 0.207208 -0.031685 0.74054504 0.198505 0.035125 0.74054504 0.198505 -0.022307 0.95145204 0.128949 0.06414701 0.95133694 0.08799801 0.050061 0.96296497 0.09467301 0.06414701 0.95133694 0.08799801 0.050061 0.96296497 0.09467301 0.025746 0.95145204 0.128949 0.025746 0.95145204 0.128949 -0.047388 0.92687996 0.133695 -0.018983 0.92388 0.15439801 -0.045388 0.91570898 0.132195 -0.00798299 0.91170897 0.15339802 -0.045388 0.91570898 0.132195 -0.060071 0.90600695 0.11655999 -0.06509 0.91817697 0.117993 -0.047388 0.92687996 0.133695 -0.06509 0.91817697 0.117993 -0.060071 0.90600695 0.11655999 -0.068793 0.90633597 0.11675899 -0.068477 0.88146298 0.114695 -0.067851 0.90633597 0.108268 -0.068793 0.90633597 0.11675899 -0.060243 0.92617692 0.108993 -0.067851 0.90633597 0.108268 -0.013647 0.93588002 0.142192 -0.00798299 0.91170897 0.15339802 0.049903 0.92687996 0.13407799 0.048827 0.91570898 0.132195 0.022422 0.92388 0.15439801 0.011422 0.91170897 0.15339802 0.048827 0.91570898 0.132195 0.06853 0.91817697 0.117993 0.064529 0.90600695 0.11654499 0.049903 0.92687996 0.13407799 0.06853 0.91817697 0.117993 0.072232 0.90633597 0.11675899 0.064529 0.90600695 0.11654499 0.07199801 0.88346301 0.11361399 0.072025 0.90633597 0.10727999 0.072232 0.90633597 0.11675899 0.064764 0.92617692 0.10791099 0.072025 0.90633597 0.10727999 0.022422 0.92388 0.15439801 0.011422 0.91170897 0.15339802 0.017039 0.93588002 0.14324 0.00172 0.64062801 0.16009999 0.055173 0.68341604 0.17954601 0.07429601 0.66265998 0.15869501 0.098761 0.703659 0.146125 0.10293499 0.72937495 0.144866 0.036552 0.711792 0.198338 0.087982 0.75416208 0.158334 0.00172 0.74054504 0.207208 0.024496 0.72322602 0.20515098 0.06203 0.77194995 0.175803 -0.05859 0.77194995 0.175803 -0.034685 0.751014 0.20400499 -0.064683 0.71843798 0.20494198 -0.084759 0.73590601 0.184005 -0.095322 0.703659 0.146125 -0.09949501 0.72937495 0.144866 -0.08454301 0.75416208 0.158334 -0.07920701 0.68456504 0.185005 -0.070856 0.66265998 0.15869501 -0.03311299 0.711792 0.198338 -0.051734 0.68341604 0.17954601 -0.051734 0.68341604 0.17954601 -0.095322 0.703659 0.146125 -0.070856 0.66265998 0.15869501 -0.09949501 0.72937495 0.144866 -0.021057 0.72322602 0.20515098 -0.08454301 0.75416208 0.158334 0.00172 0.74054504 0.207208 -0.051824 0.48530599 -0.038042 -0.035532 0.57828599 -0.03463099 -0.020685 0.63986102 0.060006 -0.045532 0.58721202 0.07510901 -0.063001 0.48530599 0.10251399 -0.077406 0.55735004 0.03847 -0.098342 0.47883703 0.059407 -0.072171 0.55211603 -0.003403 -0.092754 0.47883703 0.001831 -0.072171 0.59305209 -0.013517 -0.072171 0.59828603 0.028356 -0.061703 0.65679899 0.028356 -0.020685 0.63986102 0.060006 -0.065703 0.63816002 0.049058 -0.038919 0.663735 0.040246 -0.065703 0.63816002 0.049058 -0.061703 0.66203293 -0.003049 -0.027451 0.67896995 0.013544 0.00172 0.6829699 -0.00739299 -0.072895 0.44950398 0.11220999 -0.11075999 0.44328596 0.064444 -0.061054 0.44571899 -0.048338 -0.10377599 0.44284 -0.002694 -0.089166 0.35250901 -0.091087 -0.070229 0.40032499 -0.066625 -0.08093701 0.38985704 0.124685 -0.09569701 0.33757199 0.14638701 -0.12992399 0.38985704 0.070052 -0.16403397 0.340403 0.07810001 -0.123747 0.39209102 -0.010637 -0.155855 0.34798299 -0.025574 -0.027758 0.873646 0.15777501 -0.044801 0.86626993 0.141429 -0.043954 0.88902102 0.13845299 -0.036016 0.86264293 0.152729 -0.03351799 0.83326302 0.15690601 -0.03761299 0.83004401 0.150193 -0.044801 0.86626993 0.141429 -0.00883599 0.87134693 0.15471999 -0.017692 0.86812208 0.15859 0.084377 0.38985704 0.124685 0.079385 0.38619302 0.110834 0.00172 0.38983802 0.153621 0.00172 0.38619302 0.132685 0.133363 0.38985704 0.070052 0.123952 0.38619302 0.07144501 0.12718601 0.39309101 -0.010637 0.07366801 0.40032499 -0.066625 0.07895801 0.39561401 -0.04667 0.00172 0.40155898 -0.07921301 0.00172 0.40032499 -0.055745 -0.08093701 0.38985704 0.124685 0.00172 0.38983802 0.153621 -0.07594501 0.38619302 0.110834 0.00172 0.38619302 0.132685 -0.12992399 0.38985704 0.070052 -0.120513 0.38619302 0.07144501 -0.123747 0.39209102 -0.010637 -0.070229 0.40032499 -0.066625 -0.07551801 0.39561401 -0.04667 0.00172 0.40155898 -0.07921301 0.00172 0.40032499 -0.055745 -0.068281 0.85722803 -0.11602099 -0.007284 0.88300501 -0.11690999 -0.036281 0.91646202 -0.168373 -0.064718 0.86207996 -0.06525001 -0.007284 0.88300501 -0.11690999 -0.031277 0.90700503 -0.07266 -0.031277 0.90700503 -0.07266 -0.068281 0.85722803 -0.11602099 -0.00278199 0.79141201 -0.169372 -0.072153 0.73709906 -0.06149 0.000125 0.73921502 -0.08569001 0.000125 0.73921502 -0.08569001 -0.054255 0.687345 -0.16259299 0.003272 0.67822203 -0.072824 -0.064718 0.86207996 -0.06525001 0.10570099 0.59922302 -0.013517 0.075611 0.59305209 -0.013517 0.10570099 0.60445699 0.028356 0.075611 0.59828603 0.028356 0.097079 0.62916002 0.051558 0.069142 0.63816002 0.049058 0.09619301 0.66179899 0.028356 0.065142 0.65679899 0.028356 0.101308 0.667267 -0.003049 0.065142 0.66203293 -0.003049 0.12795199 0.63836202 -0.023986 0.10207899 0.63489399 -0.029256 0.097079 0.62916002 0.051558 0.12795199 0.63062796 0.044001 0.12795199 0.63062796 0.044001 0.120073 0.65979901 0.028356 0.14095199 0.657033 -0.003049 0.12263 0.66515002 -0.003049 0.226076 0.60969099 0.028356 0.25048699 0.60045698 -0.015534 0.23487399 0.60366204 -0.014824 0.168088 0.59425801 0.007092 0.177942 0.619782 -0.029047 0.22000699 0.63062796 0.038824 0.16993398 0.60885105 0.039884 0.16972799 0.63291791 0.050519 0.14095199 0.651799 0.028356 0.16972799 0.63291791 0.050519 0.17504299 0.65929899 0.022906 0.237247 0.65679899 -0.003049 0.22101799 0.65156505 0.029367 0.187348 0.64751908 -0.021486 0.26767998 0.63586798 -0.02722 0.25575 0.63686201 -0.026009 0.26074397 0.59922302 -0.013517 0.27874299 0.60445699 0.028356 0.282743 0.63062796 0.047058 0.282743 0.63062796 0.047058 0.22000699 0.63062796 0.038824 0.27897798 0.65379903 0.035356 0.274996 0.66573897 0.019455 0.25385901 0.66232696 -0.003436 0.271212 0.66403297 -0.003049 0.33593599 0.65418205 0.032739 0.33997302 0.62912801 0.03809 0.38396199 0.63063196 -0.018787 0.38396199 0.65150103 -0.003135 0.34993599 0.65579901 -0.003049 0.31281401 0.62962899 -0.03363499 0.30431901 0.59745705 -0.00828299 0.38396199 0.60976204 -0.003135 0.33997302 0.62912801 0.03809 0.38396199 0.60976204 0.022952 0.32231901 0.60507396 0.025739 0.38396199 0.63063196 0.038605 0.24324001 0.63788203 -0.023859 0.075611 0.59305209 -0.013517 0.075611 0.59828603 0.028356 0.065142 0.65679899 0.028356 0.069142 0.63816002 0.049058 0.024125 0.63986102 0.060006 0.042359 0.663735 0.040246 0.069142 0.63816002 0.049058 0.065142 0.66203293 -0.003049 0.03089 0.67896995 0.013544 0.38396199 0.65150103 0.022952 0.38396199 0.63063196 0.038605 0.06817 0.86207996 -0.06525001 0.052833 0.87362103 -0.03381099 0.046729 0.90300502 -0.104661 0.077733 0.86922799 -0.14002199 0.052833 0.87362103 -0.03381099 0.06817 0.86207996 -0.06525001 0.08025501 0.88177793 -0.109052 0.069105 0.80067496 -0.10352199 0.037732 0.83199398 -0.078671 0.060524 0.80460696 -0.123224 0.026232 0.84463899 -0.13302299 -0.00278199 0.79141201 -0.169372 0.060524 0.80460696 -0.123224 0.058233 0.85127293 -0.22453097 0.054707 0.68134496 -0.09059301 0.063606 0.70195997 -0.021478 0.093605 0.73709906 -0.06149 0.003272 0.67822203 -0.072824 0.00172 0.72013999 0.005076 0.02789 0.72152299 0.016161 0.063606 0.70195997 -0.021478 0.107656 0.91162099 -0.084442 0.08223801 0.88670896 0.00596099 0.111554 0.783184 -0.012094 0.104551 0.83476005 -0.020097 0.15479099 0.79617996 -0.077186 0.120172 0.78550399 -0.059893 0.120172 0.78550399 -0.059893 0.093605 0.73709906 -0.06149 0.160906 0.74509902 -0.038659 0.093605 0.73709906 -0.06149 0.111554 0.783184 -0.012094 0.111554 0.783184 -0.012094 0.120172 0.78550399 -0.059893 0.001726 0.86954801 -0.047947 0.020736 0.87300502 -0.13490998 0.037732 0.83199398 -0.078671 0.077733 0.86922799 -0.14002199 0.020736 0.87300502 -0.13490998 0.026232 0.84463899 -0.13302299 -0.00278199 0.79141201 -0.169372 0.133099 0.88702802 -0.09669701 0.120449 0.86449401 -0.060442 0.133099 0.88702802 -0.09669701 0.107656 0.91162099 -0.084442 0.128337 0.932507 -0.14125399 0.120449 0.86449401 -0.060442 0.13112899 0.85022204 -0.101832 0.15479099 0.79617996 -0.077186 0.104551 0.83476005 -0.020097 0.107656 0.91162099 -0.084442 0.08025501 0.88177793 -0.109052 0.08025501 0.88177793 -0.109052 0.133099 0.88702802 -0.09669701 0.13112899 0.85022204 -0.101832 0.131396 0.81993292 -0.13459898 0.19651499 0.84502004 -0.142001 0.131396 0.81993292 -0.13459898 0.13112899 0.85022204 -0.101832 0.06817 0.86207996 -0.06525001 0.069105 0.80067496 -0.10352199 0.15479099 0.79617996 -0.077186 0.13112899 0.85022204 -0.101832 0.131396 0.81993292 -0.13459898 0.15479099 0.79617996 -0.077186 0.120172 0.78550399 -0.059893 0.15479099 0.79617996 -0.077186 0.069105 0.80067496 -0.10352199 0.131396 0.81993292 -0.13459898 0.077733 0.86922799 -0.14002199 0.055732 0.91446205 -0.18637301 0.020736 0.87300502 -0.13490998 0.06817 0.86207996 -0.06525001 0.001726 0.86954801 -0.047947 0.010713 0.85354804 -0.082447 0.020736 0.87300502 -0.13490998 0.046729 0.90300502 -0.104661 0.046729 0.90300502 -0.104661 0.077733 0.86922799 -0.14002199 0.037732 0.83199398 -0.078671 0.026232 0.84463899 -0.13302299 0.060524 0.80460696 -0.123224 -0.006701 0.79371501 -0.092525 0.069105 0.80067496 -0.10352199 0.060524 0.80460696 -0.123224 -0.00278199 0.79141201 -0.169372 0.093605 0.73709906 -0.06149 0.026731 0.75454105 -0.079572 0.054707 0.68134496 -0.09059301 0.000125 0.73921502 -0.08569001 0.026731 0.75454105 -0.079572 0.054707 0.68134496 -0.09059301 0.08223801 0.88670896 0.00596099 0.120449 0.86449401 -0.060442 0.0907 0.839994 0.03971499 0.104551 0.83476005 -0.020097 0.09677499 0.75701405 -0.001779 0.07745701 0.73054505 0.016992 0.088216 0.76148201 0.159515 -0.060243 0.92617692 0.108993 -0.04259 0.93791207 0.128259 -0.04259 0.93791207 0.128259 0.04703 0.93891205 0.128259 0.04703 0.93891205 0.128259 0.064764 0.92617692 0.10791099 0.00172 0.36868597 -0.076681 0.07960601 0.36368598 -0.061156 0.07895801 0.39561401 -0.04667 0.00172 0.40032499 -0.055745 0.00172 0.26970499 -0.07327 0.03409099 0.25762501 -0.060979 0.08163701 0.28918397 -0.06509301 0.00172 0.29845902 -0.083973 0.00172 0.24687 -0.001872 0.010449 0.24757601 -0.001872 0.010449 0.24757601 -0.001872 0.00172 0.24687 -0.001872 0.02832599 0.272098 0.064641 0.00172 0.27068701 0.064641 0.00172 0.30244599 0.10651399 0.07490301 0.30803399 0.08557701 0.07843401 0.35855399 0.108394 0.00172 0.35731901 0.13145099 0.079385 0.38619302 0.110834 0.00172 0.38619302 0.132685 0.13000899 0.32996501 -0.00863699 0.119541 0.32473104 0.058876 0.121629 0.35984503 0.066641 0.131186 0.36002199 -0.00887199 0.12718601 0.39309101 -0.010637 0.123952 0.38619302 0.07144501 0.03474099 0.233009 -0.040181 0.08313701 0.25376898 -0.045276 0.12280199 0.26479598 -0.007732 0.11181199 0.262807 0.05035 0.07179 0.25533899 0.073556 0.031503 0.242342 0.054527 0.010449 0.24757601 -0.001872 0.018585 0.229168 -0.001757 0.018585 0.229168 -0.001757 0.029046 0.177741 0.001826 0.03547799 0.16815699 0.03341299 0.066504 0.156374 0.044084 0.093054 0.169346 0.028179 0.10316999 0.180118 -0.000678 0.079781 0.184439 -0.03565299 0.038874 0.185273 -0.034899 0.029046 0.177741 0.001826 -0.00391199 0.03773799 -0.006394 0.014135 0.095451 -0.003043 0.022137 0.054854 0.053098 0.030356 0.11607299 0.045825 0.082869 0.073394 0.071717 0.075172 0.115096 0.063136 0.108127 0.123013 0.043651 0.14210501 0.057052 0.057905 0.14317601 0.03928999 -0.010957 0.11805499 0.098073 -0.000175 0.109676 0.041544 -0.069757 0.097017 0.09498 -0.045288 0.027221 0.047729 -0.079585 0.033966 0.076883 -0.057473 0.014135 0.095451 -0.003043 -0.00391199 0.03773799 -0.006394 0.076931 0.14023999 -0.029584 0.09409501 0.146867 0.000359 0.09863301 0.163492 -0.000159 0.04109099 0.13905098 -0.030808 0.031069 0.14350099 0.00304999 0.030058 0.16162098 0.002438 0.088679 0.150736 0.027971 0.090866 0.16004098 0.028075 0.06673099 0.15139301 0.04367899 0.066617 0.15388401 0.04388099 0.036692 0.14853599 0.033256 0.036085 0.15834701 0.033335 0.031069 0.14350099 0.00304999 0.030058 0.16162098 0.002438 0.015697 0.13742099 -0.00223699 0.027701 0.14780399 0.053041 0.11437199 0.13683798 -0.003159 0.11078399 0.143874 0.04281099 0.093859 0.13748 -0.04783799 0.037923 0.14093099 -0.055426 0.015697 0.13742099 -0.00223699 0.00172 0.336572 -0.087827 0.079871 0.33043502 -0.070125 0.076669 0.33579399 0.10248599 0.00172 0.32738299 0.12498199 0.077518 0.14524398 0.063408 -0.07551801 0.39561401 -0.04667 -0.076167 0.36368598 -0.061156 -0.07819801 0.28918397 -0.06509301 -0.030652 0.25762501 -0.060979 -0.00701 0.24757601 -0.001872 -0.00701 0.24757601 -0.001872 -0.024887 0.272098 0.064641 -0.07146301 0.30803399 0.08557701 -0.07499501 0.35855399 0.108394 -0.07594501 0.38619302 0.110834 -0.12657 0.32996501 -0.00863699 -0.11819 0.35984503 0.066641 -0.11610199 0.32473104 0.058876 -0.12774699 0.36002199 -0.00887199 -0.123747 0.39209102 -0.010637 -0.120513 0.38619302 0.07144501 -0.031302 0.233009 -0.040181 -0.07969801 0.25376898 -0.045276 -0.119363 0.26479598 -0.007732 -0.10837299 0.262807 0.05035 -0.06735 0.254339 0.073556 -0.02806399 0.242342 0.054527 -0.00701 0.24757601 -0.001872 -0.015146 0.229168 -0.001757 -0.015146 0.229168 -0.001757 -0.025607 0.177741 0.001826 -0.032039 0.16815699 0.03341299 -0.063064 0.156374 0.044084 -0.08961401 0.169346 0.028179 -0.099731 0.180118 -0.000678 -0.076342 0.184439 -0.03565299 -0.03543499 0.185273 -0.034899 -0.025607 0.177741 0.001826 0.00735099 0.03773799 -0.006394 -0.018697 0.054854 0.053098 -0.010696 0.095451 -0.003043 -0.026916 0.11607299 0.045825 -0.07943001 0.073394 0.081717 -0.07173301 0.115096 0.063136 -0.104688 0.123013 0.043651 -0.138666 0.057052 0.057905 -0.13973699 0.03928999 -0.010957 -0.11461599 0.098073 -0.000175 -0.106236 0.041544 -0.069757 -0.093578 0.09498 -0.045288 -0.023781 0.047729 -0.079585 -0.03052599 0.076883 -0.057473 -0.010696 0.095451 -0.003043 0.00735099 0.03773799 -0.006394 -0.073492 0.14023999 -0.029584 -0.09519301 0.163492 -0.000159 -0.090656 0.146867 0.000359 -0.037652 0.13905098 -0.030808 -0.02763 0.14350099 0.00304999 -0.026618 0.16162098 0.002438 -0.087427 0.16004098 0.028075 -0.08524001 0.150736 0.027971 -0.063178 0.15388401 0.04388099 -0.063292 0.15139301 0.04367899 -0.032646 0.15834701 0.033335 -0.033252 0.14853599 0.033256 -0.026618 0.16162098 0.002438 -0.02763 0.14350099 0.00304999 -0.012258 0.13742099 -0.00223699 -0.024262 0.14780399 0.053041 -0.11093199 0.13683798 -0.003159 -0.10734499 0.143874 0.04281099 -0.090419 0.13748 -0.04783799 -0.034483 0.14093099 -0.055426 -0.012258 0.13742099 -0.00223699 -0.076432 0.33043502 -0.070125 -0.073229 0.33579399 0.10248599 -0.074078 0.14524398 0.063408 0.068122 0.71843798 0.20494198 0.038125 0.751014 0.20400499 0.08819801 0.73590601 0.184005 0.098761 0.703659 0.146125 0.10293499 0.72937495 0.144866 0.087982 0.75416208 0.158334 0.082646 0.68456504 0.185005 0.07429601 0.66265998 0.15869501 0.055173 0.68341604 0.17954601 -0.024016 0.86564396 0.16272899 -0.024182 0.83946506 0.16503098 -0.036016 0.86264293 0.152729 -0.03351799 0.83326302 0.15690601 -0.017692 0.86812208 0.15859 -0.027758 0.873646 0.15777501 -0.015518 0.835263 0.15690601 -0.022201 0.82946299 0.16043999 -0.017692 0.86812208 0.15859 -0.015518 0.835263 0.15690601 -0.00655499 0.83685903 0.15982399 -0.022201 0.82946299 0.16043999 -0.015518 0.835263 0.15690601 -0.019217 0.82429199 0.15504299 -0.00655499 0.83685903 0.15982399 -0.40416499 0.59544605 -0.018459 -0.406466 0.59227896 0.06140799 -0.37822698 0.59962004 -0.005727 -0.376227 0.59962004 0.031474 -0.41503399 0.64036605 0.103577 -0.40518098 0.65813604 0.054442 -0.376227 0.6571121 0.03743999 -0.376227 0.62886605 0.047836 -0.39142798 0.63155696 0.086152 -0.376227 0.6571121 -0.00335599 -0.40295999 0.65813604 -0.000769 -0.400575 0.630528 -0.037782 -0.37822698 0.63281796 -0.025124 -0.46401103 0.63652298 0.122546 -0.45940202 0.64350107 0.100142 -0.43011301 0.62886605 0.136315 -0.41503399 0.64036605 0.103577 -0.46401103 0.63652298 0.122546 -0.43011301 0.62886605 0.136315 -0.44072699 0.62656602 0.17069701 -0.463957 0.62886605 0.15894399 -0.50398099 0.65681699 0.064923 -0.45940202 0.64350107 0.100142 -0.50224196 0.646103 0.100992 -0.46521302 0.59959608 0.100142 -0.50004202 0.61705002 0.093777 -0.46521302 0.59959608 0.100142 -0.46401103 0.60026297 0.122546 -0.46558397 0.60231397 0.154181 -0.46401103 0.60026297 0.122546 -0.43896498 0.60419604 0.16932299 -0.44072699 0.62656602 0.17069701 -0.43011301 0.62886605 0.136315 -0.43896498 0.60419604 0.16932299 -0.43011301 0.59917903 0.136315 -0.43011301 0.59917903 0.136315 -0.41273399 0.59499603 0.103577 -0.41273399 0.59499603 0.103577 -0.43011301 0.59917903 0.136315 -0.46521302 0.59959608 0.100142 -0.46401103 0.60026297 0.122546 -0.50544202 0.634101 0.064861 -0.50397998 0.62287894 -0.042748 -0.504839 0.64364603 -0.04852 -0.50393497 0.65816006 -0.015597 -0.400575 0.630528 -0.037782 -0.50386005 0.658914 0.02779 -0.50334602 0.62294689 -0.015803 -0.50311702 0.62766203 0.024832 -0.46595701 0.66782305 -0.011283 -0.41527798 0.67095295 0.00557 -0.47071903 0.67340502 0.003039 -0.41854595 0.66484502 -0.007975 -0.417919 0.67137495 0.046644 -0.47576799 0.67322901 0.043069 -0.47362303 0.66480401 0.062783 -0.423487 0.664543 0.06255199 -0.32049702 0.66018203 0.036739 -0.32049702 0.66179899 -0.00104899 -0.320534 0.62912801 0.05009 -0.320534 0.62912801 0.05009 -0.31887997 0.60107395 0.027739 -0.30488001 0.59745705 -0.012283 -0.30937399 0.62962899 -0.03363499 -0.022145 0.043856 -0.053169 -0.05812501 0.06955801 -0.006932 -0.07202099 0.043856 -0.068623 -0.004872 0.043154 0.00823099 -0.051713 0.064793 0.08116001 -0.0187 0.038622 0.08064501 -0.07202099 0.043856 -0.068623 -0.069909 0.001749 -0.078932 -0.022145 0.043856 -0.053169 -0.015033 0.001749 -0.063479 -0.069909 0.001749 -0.078932 -0.11028199 0.001749 -0.044212 -0.015033 0.001749 -0.063479 -0.12993199 0.001749 0.01582599 -0.16442999 0.001749 0.08164501 -0.017891 0.00198299 0.078923 0.000128 0.00198299 0.005231 -0.18240001 0.001749 0.17136503 -0.014621 0.00198299 0.209364 -0.12251099 0.070027 0.170454 -0.09764701 0.064559 0.07570701 -0.055643 0.080495 0.166361 -0.156129 0.038622 0.083463 -0.17641101 0.038856 0.17227402 -0.156129 0.038622 0.083463 -0.17641101 0.038856 0.17227402 -0.16442999 0.001749 0.08164501 -0.18240001 0.001749 0.17136503 -0.11689799 0.038856 0.012489 -0.11689799 0.038856 0.012489 -0.12993199 0.001749 0.01582599 -0.12993199 0.001749 0.01582599 -0.11028199 0.001749 -0.044212 -0.105349 0.043856 -0.038149 -0.11689799 0.038856 0.012489 -0.105349 0.043856 -0.038149 -0.11028199 0.001749 -0.044212 -0.105349 0.043856 -0.038149 -0.014621 0.044559 0.209364 0.000128 0.00198299 0.005231 -0.017891 0.00198299 0.078923 -0.0187 0.038622 0.08064501 -0.004872 0.043154 0.00823099 -0.015033 0.001749 -0.063479 0.000128 0.00198299 0.005231 -0.004872 0.043154 0.00823099 -0.022145 0.043856 -0.053169 -0.07943001 0.073394 0.081717 -0.018697 0.054854 0.053098 -0.05812501 0.06955801 -0.006932 0.00735099 0.03773799 -0.006394 -0.023781 0.047729 -0.079585 -0.106236 0.041544 -0.069757 -0.13973699 0.03928999 -0.010957 -0.138666 0.057052 0.057905 -0.156578 0.001749 0.258055 -0.049555 0.00198299 0.28854998 -0.107549 0.00198299 0.30669202 -0.074578 0.070261 0.24640501 -0.100554 0.039559 0.30238597 -0.11358399 0.059793 0.24491299 -0.048681 0.044793 0.28291901 -0.150579 0.038856 0.25891199 -0.150579 0.038856 0.25891199 -0.156578 0.001749 0.258055 -0.107549 0.00198299 0.30669202 -0.100554 0.039559 0.30238597 -0.049555 0.00198299 0.28854998 -0.048681 0.044793 0.28291901 -0.014621 0.044559 0.209364 -0.014621 0.00198299 0.209364 0.131396 0.81993292 -0.13459898 0.13112899 0.85022204 -0.101832 -0.072153 0.73709906 -0.06149 -0.11188699 0.73498798 -0.11228699 -0.100204 0.915621 -0.088442 0.111554 0.783184 -0.012094 0.093605 0.73709906 -0.06149 0.120172 0.78550399 -0.059893 0.025584 0.043856 -0.053169 0.07546 0.043856 -0.068623 0.061564 0.06955801 -0.006932 0.008311 0.043154 0.00823099 0.055153 0.064793 0.08116001 0.022139 0.038622 0.08064501 0.07546 0.043856 -0.068623 0.025584 0.043856 -0.053169 0.073348 0.001749 -0.078932 0.018472 0.001749 -0.063479 0.073348 0.001749 -0.078932 0.018472 0.001749 -0.063479 0.11372098 0.001749 -0.044212 0.133371 0.001749 0.01582599 0.021331 0.00198299 0.078923 0.16786999 0.001749 0.08164501 0.003311 0.00198299 0.005231 0.18583999 0.001749 0.17136503 0.018061 0.00198299 0.209364 0.12594999 0.070027 0.170454 0.059082 0.080495 0.166361 0.101087 0.064559 0.07570701 0.15956801 0.038622 0.083463 0.179851 0.038856 0.17227402 0.15956801 0.038622 0.083463 0.16786999 0.001749 0.08164501 0.179851 0.038856 0.17227402 0.18583999 0.001749 0.17136503 0.120337 0.038856 0.012489 0.120337 0.038856 0.012489 0.133371 0.001749 0.01582599 0.133371 0.001749 0.01582599 0.10878799 0.043856 -0.038149 0.11372098 0.001749 -0.044212 0.120337 0.038856 0.012489 0.11372098 0.001749 -0.044212 0.10878799 0.043856 -0.038149 0.10878799 0.043856 -0.038149 0.018061 0.044559 0.209364 0.003311 0.00198299 0.005231 0.022139 0.038622 0.08064501 0.021331 0.00198299 0.078923 0.008311 0.043154 0.00823099 0.018472 0.001749 -0.063479 0.008311 0.043154 0.00823099 0.003311 0.00198299 0.005231 0.025584 0.043856 -0.053169 0.16001699 0.001749 0.258055 0.052995 0.00198299 0.28854998 0.11098899 0.00198299 0.30669202 0.07801701 0.070261 0.24640501 0.11702399 0.059793 0.24491299 0.103993 0.039559 0.30238597 0.05212001 0.044793 0.28291901 0.154018 0.038856 0.25891199 0.154018 0.038856 0.25891199 0.16001699 0.001749 0.258055 0.11098899 0.00198299 0.30669202 0.103993 0.039559 0.30238597 0.052995 0.00198299 0.28854998 0.05212001 0.044793 0.28291901 0.018061 0.044559 0.209364 0.018061 0.00198299 0.209364 -0.56358003 0.65417102 0.06520401 -0.60545102 0.645313 0.09166501 -0.60276696 0.652423 0.06629 -0.56472402 0.64642903 0.097955 -0.53265792 0.65569398 0.065518 -0.53185296 0.646175 0.099921 -0.50398099 0.65681699 0.064923 -0.50224196 0.646103 0.100992 -0.53185296 0.646175 0.099921 -0.53265792 0.65569398 0.065518 -0.60545102 0.645313 0.09166501 -0.59122401 0.62958798 0.074792 -0.60276696 0.652423 0.06629 -0.591847 0.62648198 0.085012 -0.56472402 0.64642903 0.097955 -0.55546701 0.62674597 0.088022 -0.53185296 0.646175 0.099921 -0.53493392 0.62522796 0.090316 -0.50004202 0.61705002 0.093777 -0.53493392 0.62522796 0.090316 -0.555601 0.63257095 0.072567 -0.53448796 0.63360498 0.07143301 -0.50004202 0.61705002 0.093777 -0.50544202 0.634101 0.064861 -0.53448796 0.63360498 0.07143301 -0.53493392 0.62522796 0.090316 -0.58079201 0.65208897 0.060967 -0.56422001 0.63165692 0.054831 -0.60253397 0.62605795 0.053322 -0.61603198 0.64380005 0.058694 -0.55158698 0.63255397 0.055975 -0.53735101 0.656885 0.063007 -0.50544202 0.634101 0.064861 -0.55158698 0.63255397 0.055975 -0.53735101 0.656885 0.063007 -0.50398099 0.65681699 0.064923 -0.53265792 0.65569398 0.065518 -0.56358003 0.65417102 0.06520401 -0.53780204 0.65691796 0.028841 -0.50386005 0.658914 0.02779 -0.53735101 0.656885 0.063007 -0.58079201 0.65208897 0.060967 -0.580841 0.65273294 0.030199 -0.53780204 0.65691796 0.028841 -0.61603198 0.64380005 0.058694 -0.61646995 0.64376405 0.032379 -0.60381302 0.62657198 0.040753 -0.61646995 0.64376405 0.032379 -0.56467199 0.63071296 0.037027 -0.55191999 0.63061497 0.035627 -0.50544202 0.634101 0.064861 -0.50311702 0.62766203 0.024832 -0.55191999 0.63061497 0.035627 -0.55158698 0.63255397 0.055975 -0.53780204 0.65691796 0.028841 -0.580841 0.65273294 0.030199 -0.53375101 0.65668896 -0.01353 -0.50393497 0.65816006 -0.015597 -0.50386005 0.658914 0.02779 -0.53448396 0.65795103 0.02327 -0.53448396 0.65795103 0.02327 -0.56816303 0.65277997 0.020714 -0.56753105 0.65223095 -0.011092 -0.53375101 0.65668896 -0.01353 -0.60507897 0.64665798 0.016155 -0.60423395 0.64673296 -0.00882599 -0.595034 0.62807497 -0.002646 -0.60423395 0.64673296 -0.00882599 -0.60507897 0.64665798 0.016155 -0.59459609 0.62929395 0.011337 -0.55542803 0.63230893 -0.002515 -0.55529499 0.63297489 0.013958 -0.54253202 0.63177994 -0.003644 -0.54261398 0.63289198 0.014899 -0.50311702 0.62766203 0.024832 -0.50334602 0.62294689 -0.015803 -0.54253202 0.63177994 -0.003644 -0.54261398 0.63289198 0.014899 -0.56753105 0.65223095 -0.011092 -0.53375101 0.65668896 -0.01353 -0.56816303 0.65277997 0.020714 -0.53448396 0.65795103 0.02327 -0.50311702 0.62766203 0.024832 -0.54261398 0.63289198 0.014899 -0.50397998 0.62287894 -0.042748 -0.504839 0.64364603 -0.04852 -0.53020197 0.64552704 -0.047184 -0.53495895 0.62649599 -0.039152 -0.53020197 0.64552704 -0.047184 -0.56095296 0.64629296 -0.044468 -0.54897898 0.627619 -0.037759 -0.53495895 0.62649599 -0.039152 -0.57269293 0.62991396 -0.036283 -0.5829429 0.64557102 -0.040993 -0.50393497 0.65816006 -0.015597 -0.52943897 0.65698496 -0.017825 -0.52943897 0.65698496 -0.017825 -0.560768 0.65390101 -0.019072 -0.56095296 0.64629296 -0.044468 -0.53020197 0.64552704 -0.047184 -0.58346605 0.65146605 -0.020774 -0.5829429 0.64557102 -0.040993 -0.5719369 0.63314501 -0.022491 -0.54847502 0.63276395 -0.021899 -0.53394895 0.63109496 -0.020991 -0.50334602 0.62294689 -0.015803 -0.53394895 0.63109496 -0.020991 -0.58346605 0.65146605 -0.020774 -0.560768 0.65390101 -0.019072 -0.52943897 0.65698496 -0.017825 -0.50334602 0.62294689 -0.015803 -0.53394895 0.63109496 -0.020991 0.082869 0.073394 0.071717 0.061564 0.06955801 -0.006932 0.022137 0.054854 0.053098 -0.00391199 0.03773799 -0.006394 0.027221 0.047729 -0.079585 0.109676 0.041544 -0.069757 0.14317601 0.03928999 -0.010957 0.14210501 0.057052 0.057905 0.42505502 0.60680297 -0.024402 0.38396199 0.60976204 0.022952 0.43605502 0.60454503 0.033328 0.38396199 0.60976204 -0.003135 0.39462702 0.63763198 0.06709 0.42296701 0.65250102 -0.018847 0.42496701 0.65250102 0.042139 0.42183201 0.631816 -0.041751 0.42505502 0.60680297 -0.024402 0.39462702 0.63763198 0.06709 0.41526597 0.60276201 0.097184 0.56524396 0.643289 0.058103 0.60194793 0.63892099 0.060998 0.60336301 0.63382402 0.083251 0.56450206 0.63751701 0.086111 0.53025394 0.64491603 0.056277 0.52981799 0.63974497 0.086911 0.49561303 0.64911607 0.05464 0.49475502 0.64116803 0.088179 0.451321 0.641067 0.08525701 0.462206 0.63609097 0.11495499 0.43293502 0.63063196 0.13672198 0.41526597 0.63063196 0.098184 0.436136 0.63063196 0.16600999 0.46022301 0.63063196 0.151711 0.451321 0.641067 0.08525701 0.42496701 0.65250102 0.042139 0.49475502 0.64116803 0.088179 0.49467801 0.61621794 0.07896 0.45653903 0.60976204 0.08525701 0.60336301 0.63382402 0.083251 0.60194793 0.63892099 0.060998 0.589046 0.61702302 0.061757 0.58932399 0.613704 0.077708 0.56450206 0.63751701 0.086111 0.555327 0.61398599 0.078374 0.52981799 0.63974497 0.086911 0.5312739 0.61486402 0.079385 0.462206 0.61023793 0.11495499 0.46100598 0.61497894 0.151928 0.436136 0.60976204 0.16600999 0.43293502 0.63063196 0.13672198 0.436136 0.63063196 0.16600999 0.436136 0.60976204 0.16600999 0.43293502 0.60454503 0.13672198 0.41526597 0.63063196 0.098184 0.41526597 0.60276201 0.097184 0.41526597 0.63063196 0.098184 0.41526597 0.60276201 0.097184 0.45653903 0.60976204 0.08525701 0.436136 0.60976204 0.16600999 0.46100598 0.61497894 0.151928 0.462206 0.61023793 0.11495499 0.43293502 0.60454503 0.13672198 0.45653903 0.60976204 0.08525701 0.55622202 0.62020895 0.059396 0.53179097 0.62131497 0.059211 0.49817499 0.62184397 0.054574 0.49467801 0.61621794 0.07896 0.49817499 0.62184397 0.054574 0.49569001 0.61496398 0.014305 0.49753102 0.63304398 -0.052569 0.49661204 0.60985503 -0.046402 0.57868295 0.64106402 0.050414 0.60391298 0.61425099 0.043246 0.56097597 0.61923292 0.044858 0.61633495 0.6322079 0.047986 0.54747903 0.62019101 0.04508 0.53226792 0.64618799 0.052594 0.49561303 0.64911607 0.05464 0.53025394 0.64491603 0.056277 0.56524396 0.643289 0.058103 0.53274995 0.64622298 0.018588 0.49561303 0.64911607 0.05464 0.496484 0.65035603 0.01746499 0.53226792 0.64618799 0.052594 0.57873499 0.64175204 0.02004 0.57868295 0.64106402 0.050414 0.61680296 0.63216898 0.022369 0.61633495 0.6322079 0.047986 0.60427997 0.61380002 0.028316 0.61680296 0.63216898 0.022369 0.561459 0.61822501 0.025335 0.54783403 0.61811903 0.024839 0.49569001 0.61496398 0.014305 0.53274995 0.64622298 0.018588 0.496484 0.65035603 0.01746499 0.57873499 0.64175204 0.02004 0.49753102 0.63304398 -0.052569 0.42296701 0.65250102 -0.018847 0.42183201 0.631816 -0.041751 0.49656399 0.64955107 -0.019892 0.496484 0.65035603 0.01746499 0.42296701 0.65250102 -0.018847 0.49656399 0.64955107 -0.019892 0.42496701 0.65250102 0.042139 0.42496701 0.65250102 0.042139 0.49593502 0.60992697 -0.020112 0.49661204 0.60985503 -0.046402 0.52842205 0.64597896 -0.017683 0.52920496 0.64732704 0.015636 0.56451404 0.641215 -0.015078 0.565189 0.641803 0.013905 0.60372999 0.63534096 -0.012657 0.60463294 0.63526097 0.00903399 0.59289998 0.61540601 -0.00705399 0.60463294 0.63526097 0.00903399 0.60372999 0.63534096 -0.012657 0.59343105 0.61670795 0.004886 0.55158299 0.61992994 -0.00791399 0.55144 0.62064096 0.00668699 0.53780299 0.61936399 -0.00811999 0.53789103 0.62055203 0.007692 0.49593502 0.60992697 -0.020112 0.56451404 0.641215 -0.015078 0.52842205 0.64597896 -0.017683 0.49656399 0.64955107 -0.019892 0.565189 0.641803 0.013905 0.52920496 0.64732704 0.015636 0.52462899 0.63405201 -0.050141 0.52971202 0.614719 -0.039559 0.54469204 0.61591795 -0.03807099 0.55748606 0.63487199 -0.047239 0.57002997 0.61837098 -0.036494 0.58098095 0.63409999 -0.043526 0.52462899 0.63405201 -0.050141 0.52381402 0.64629498 -0.021272 0.55748606 0.63487199 -0.047239 0.55728799 0.64300004 -0.022605 0.58098095 0.63409999 -0.043526 0.58153999 0.640398 -0.024423 0.56922203 0.62182298 -0.023258 0.54415404 0.62141499 -0.022625 0.52863293 0.61963198 -0.021655 0.58153999 0.640398 -0.024423 0.55728799 0.64300004 -0.022605 0.52381402 0.64629498 -0.021272 0.07453001 0.78445 0.182803 0.06453 0.80694996 0.18330301 0.07453001 0.78445 0.182803 0.02159 0.89764296 0.14787399 0.031672 0.90135296 0.14295299 0.031198 0.873646 0.15777501 0.012275 0.87134693 0.15471999 0.04824 0.86626993 0.141429 0.039456 0.86264293 0.152729 0.022656 0.82429199 0.15504299 0.025641 0.82946299 0.16043999 0.041052 0.83004401 0.150193 0.036957 0.83326302 0.15690601 0.031198 0.873646 0.15777501 0.047394 0.88902102 0.13845299 0.04824 0.86626993 0.141429 0.039456 0.86264293 0.152729 0.041052 0.83004401 0.150193 0.036957 0.83326302 0.15690601 0.04824 0.86626993 0.141429 0.012275 0.87134693 0.15471999 0.021132 0.86812208 0.15859 0.027456 0.86564396 0.16272899 0.039456 0.86264293 0.152729 0.027622 0.83946506 0.16503098 0.036957 0.83326302 0.15690601 0.021132 0.86812208 0.15859 0.031198 0.873646 0.15777501 0.018957 0.835263 0.15690601 0.025641 0.82946299 0.16043999 0.021132 0.86812208 0.15859 0.018957 0.835263 0.15690601 0.009995 0.83685903 0.15982399 0.025641 0.82946299 0.16043999 0.022656 0.82429199 0.15504299 0.018957 0.835263 0.15690601 0.009995 0.83685903 0.15982399 -0.024796 0.83456509 -0.16073198 -0.054183 0.81263195 -0.22289 -0.024796 0.83456509 -0.16073198 -0.05806 0.809346 -0.13360699 -0.05806 0.809346 -0.13360699 -0.13271999 0.78750403 -0.059893 -0.090626 0.79458601 -0.133426 -0.006701 0.79371501 -0.092525 -0.090626 0.79458601 -0.133426 -0.063217 0.75174696 -0.15395501 -0.063217 0.75174696 -0.15395501 -0.11188699 0.73498798 -0.11228699 -0.11188699 0.73498798 -0.11228699 -0.063217 0.75174696 -0.15395501 -0.11294199 0.74440802 -0.19755298 -0.063217 0.75174696 -0.15395501 -0.090626 0.79458601 -0.133426 -0.090626 0.79458601 -0.133426 -0.11188699 0.73498798 -0.11228699 -0.090626 0.79458601 -0.133426 -0.05806 0.809346 -0.13360699 -0.006701 0.79371501 -0.092525 0.126799 0.74122203 -0.132226 0.120172 0.78550399 -0.059893 0.084884 0.76212103 -0.138776 0.082236 0.71903694 -0.130795 0.11058099 0.703964 -0.19504799 0.084884 0.76212103 -0.138776 0.126799 0.74122203 -0.132226 0.084884 0.76212103 -0.138776 0.082236 0.71903694 -0.130795 0.126799 0.74122203 -0.132226 0.126799 0.74122203 -0.132226 0.082236 0.71903694 -0.130795 0.093605 0.73709906 -0.06149 0.084884 0.76212103 -0.138776 0.082236 0.71903694 -0.130795 0.084884 0.76212103 -0.138776 0.069105 0.80067496 -0.10352199 0.082236 0.71903694 -0.130795 0.00901299 0.788252 -0.156128 0.039029 0.7241 -0.17106602 0.00901299 0.788252 -0.156128 0.06652599 0.76536698 -0.16749998 0.026731 0.75454105 -0.079572 0.06652599 0.76536698 -0.16749998 0.039029 0.7241 -0.17106602 0.039029 0.7241 -0.17106602 0.06652599 0.76536698 -0.16749998 0.041517 0.75874699 -0.24838502 0.06652599 0.76536698 -0.16749998 0.00901299 0.788252 -0.156128 0.00901299 0.788252 -0.156128 0.039029 0.7241 -0.17106602 0.06652599 0.76536698 -0.16749998 0.129707 0.67534497 -0.13859298 0.054707 0.68134496 -0.09059301 -0.07815401 0.68796 -0.04747799 0.054707 0.68134496 -0.09059301 -0.18015399 0.72995997 -0.04747799 -0.07815401 0.68796 -0.04747799 -0.042255 0.641206 -0.07958 0.024171 0.64946804 -0.11392599 0.003272 0.67822203 -0.072824 -0.157517 0.37306197 0.05218601 -0.16794998 0.48616 0.02722 -0.15663299 0.492195 0.03847799 -0.157517 0.37306197 0.05218601 -0.143972 0.492868 0.03744499 -0.13619099 0.490987 0.029758 -0.157517 0.37306197 0.05218601 -0.13619099 0.490987 0.029758 -0.13856199 0.47917401 0.010237 -0.13856199 0.47917401 0.010237 -0.14941501 0.47607105 0.00608499 -0.157517 0.37306197 0.05218601 -0.14941501 0.47607105 0.00608499 -0.16355398 0.47683107 0.013843 -0.16355398 0.47683107 0.013843 -0.13619099 0.490987 0.029758 -0.16794998 0.48616 0.02722 -0.16479298 0.36095302 0.105731 -0.16190999 0.32610102 0.088704 -0.17577801 0.32108898 0.062304 -0.19042 0.35020401 0.067497 -0.143082 0.35811399 0.104941 -0.14544699 0.32508899 0.084717 -0.124668 0.346792 0.053036 -0.13443599 0.315859 0.054108 -0.127138 0.337337 -0.000067 -0.13930199 0.30677001 0.022611 -0.141717 0.331603 -0.028627 -0.15097101 0.30343501 0.007911 -0.16610799 0.33269201 -0.02696 -0.16190999 0.30422599 0.010989 -0.19354298 0.342914 0.026014 -0.17566001 0.31138296 0.031526 -0.16523499 0.38631503 0.10158499 -0.18846201 0.37860398 0.066857 -0.141403 0.383927 0.100574 -0.121075 0.37483103 0.048941 -0.125464 0.368111 -0.00501299 -0.141337 0.37556196 -0.031438 -0.16667398 0.37533398 -0.03264299 -0.192728 0.370553 0.02167 -0.16541299 0.4169 0.077946 -0.18042501 0.40981303 0.054016 -0.14419099 0.415033 0.081496 -0.13040199 0.40994598 0.038122 -0.126138 0.40287303 -0.000568 -0.140796 0.39617901 -0.022779 -0.16600099 0.39571901 -0.027314 -0.18404299 0.406096 0.01378299 -0.16603898 0.44353597 0.042979 -0.148789 0.44120999 0.049616 -0.13792998 0.43720399 0.03413 -0.140788 0.43645303 0.024237 -0.140788 0.43645303 0.024237 -0.153722 0.43736597 0.017869 -0.16584098 0.44096797 0.023392 -0.15367901 0.30185 0.045335 -0.160962 0.45847201 0.051493 -0.17235602 0.45442703 0.03661 -0.17030401 0.466192 0.031417 -0.15931101 0.467391 0.047205 -0.133676 0.44474598 0.018381 -0.12922701 0.44863199 0.03184299 -0.13016299 0.46182101 0.026579 -0.16973198 0.44856497 0.017663 -0.15871 0.44470399 0.00961699 -0.15474699 0.46121799 0.010601 -0.16675698 0.46337499 0.01736499 -0.16355398 0.47683107 0.013843 -0.13329 0.45342001 0.045135 -0.14431199 0.45728102 0.053181 -0.14493799 0.44324498 0.009891 -0.14941501 0.47607105 0.00608499 -0.13856199 0.47917401 0.010237 -0.143764 0.466183 0.047485 -0.13463197 0.46402599 0.04072 -0.13963898 0.460377 0.010028 -0.14886701 0.45179199 0.027751 -0.15474699 0.46121799 0.010601 -0.13963898 0.460377 0.010028 -0.13016299 0.46182101 0.026579 -0.13463197 0.46402599 0.04072 -0.143764 0.466183 0.047485 -0.15931101 0.467391 0.047205 -0.17030401 0.466192 0.031417 -0.16675698 0.46337499 0.01736499 -0.27530398 0.63062796 0.047058 -0.27553799 0.65379903 0.035356 -0.264241 0.63586798 -0.02722 -0.26777198 0.66403297 -0.003049 -0.25730398 0.59922302 -0.013517 -0.26930397 0.60445699 0.028356 -0.27530398 0.63062796 0.047058 -0.27155699 0.66573897 0.019455 0.072377 0.61422297 0.044707 0.072377 0.61422297 0.044707 0.069142 0.63816002 0.049058 0.065142 0.64771304 -0.022135 0.065142 0.62539396 -0.02922 0.065142 0.64771304 -0.022135 0.065142 0.62539396 -0.02922 0.068377 0.60522297 -0.027369 0.068377 0.60522297 -0.027369 -0.061703 0.64771304 -0.022135 -0.061703 0.62539396 -0.02922 0.00172 0.604103 -0.03463099 -0.061703 0.64771304 -0.022135 -0.061703 0.62539396 -0.02922 -0.06493701 0.60522297 -0.027369 -0.06493701 0.60522297 -0.027369 -0.035532 0.57828599 -0.03463099 -0.045532 0.58721202 0.07510901 -0.06893701 0.61422297 0.044707 -0.06893701 0.61422297 0.044707 -0.065703 0.63816002 0.049058 -0.029821 0.89055501 0.108587 -0.010457 0.900202 0.096535 0.00442099 0.83153204 0.11602499 -0.029082 0.82800101 0.12509099 -0.02655999 0.91699197 0.089342 -0.010457 0.900202 0.096535 -0.05167 0.88403396 0.083415 -0.053022 0.81613396 0.093582 -0.05167 0.88403396 0.083415 0.03325999 0.89055501 0.108587 -0.000981 0.83153204 0.11602499 0.013896 0.900202 0.096535 0.032522 0.82800101 0.12509099 0.029999 0.91699197 0.089342 0.013896 0.900202 0.096535 0.05711 0.88396399 0.08141701 0.056462 0.81613396 0.093582 0.05711 0.88396399 0.08141701 -0.098346 0.75669397 0.120727 0.10178599 0.75469399 0.120727 0.10604899 0.78765298 0.128695 0.09453001 0.78945 0.170803 0.088216 0.76148201 0.159515 0.10178599 0.75669397 0.120727</float_array>
          
            <technique_common>
              <accessor source="#asterix_geom_positions_array" count="1950" stride="3">
                <param name="X" type="float"/>
                <param name="Y" type="float"/>
                <param name="Z" type="float"/>
              </accessor>
            </technique_common>
          </source>
        
          <source id="asterix_geom_normals" name="normals">
            <float_array id="asterix_geom_normals_array" count="5850">0.50383472 0.68637559 0.52446144 0.42656486 -0.50415074 0.75092627 0.00069732 0.24922677 0.96844639 0.0000023 0.23719425 0.97146722 0 0.97015246 -0.24249987 0.0591996 0.99597736 -0.06733501 0.01160165 0.99303772 -0.11726291 0 -0.97014435 0.24253581 0 -0.96363809 0.26723822 0.1816253 -0.95588704 0.23088 0.91609414 0.3729838 0.14716419 0.85374861 0.33485506 0.39875065 0.01822246 0.99833991 -0.05467946 0.04680775 0.99863478 -0.02327331 0.2645432 -0.95746883 0.11521322 0.28749176 -0.95748081 0.02421762 0.79923029 0.40867968 -0.44070386 0.89432608 0.37277926 -0.24742129 0.00501597 0.99992128 0.01209464 0.01626398 0.9996325 0.02171524 0.24516822 -0.955116 -0.16631384 0.25302118 -0.94869687 -0.18964084 0.21088437 0.8618456 -0.46126883 0.53680723 0.43510791 -0.72286213 0.0229789 0.9993647 0.02744675 0.06556017 -0.95580693 -0.28660759 0.12166086 -0.95284756 -0.27801534 -0.0075788 0.47036504 -0.8824449 0.00477327 0.47335895 -0.88086228 -0.00011764 0.99998941 0.00535446 -0.00014248 1.00000059 0 0.00633611 -0.93978121 -0.34173952 0.00589062 -0.95329221 -0.30200143 -0.49460622 0.69195804 0.5259028 -0.43154099 -0.50645297 0.74652232 -0.00747126 0.99282195 -0.11941978 -0.19974613 -0.94907321 0.24364515 -0.93502136 0.32153915 0.14954398 -0.86777173 0.26914971 0.41777896 0.06281556 0.99500736 -0.0776494 0.01696709 0.99838664 -0.05425107 -0.2761006 -0.95212641 0.13126559 -0.29837983 -0.9533511 0.04575604 -0.78275485 0.4291216 -0.45072713 -0.89598231 0.35452162 -0.26745876 0.02680735 0.99958774 0.01033917 -0.01540109 0.99974897 0.01636154 -0.23101338 -0.96008201 -0.15776257 -0.2528983 -0.94866474 -0.18996809 -0.20074236 0.87114642 -0.44812687 -0.52274483 0.47595038 -0.70725787 -0.02365934 0.99936988 0.02672554 -0.04527351 -0.96501323 -0.25827845 -0.10407227 -0.96168323 -0.25364923 0.018594 -0.23827215 -0.9710296 0.00249186 -0.99860146 0.05298313 0.52067726 -0.83451532 0.18022744 0.94540497 -0.29653555 0.13527552 -0.59361327 -0.75576765 0.27649885 -0.92980458 -0.33871008 -0.14405098 0.01907384 0.90581699 -0.42325061 -0.52164524 0.81321017 -0.25804471 0.53442865 0.80755453 -0.24950556 -0.04989488 0.20818811 0.97681673 -0.06194472 0.03449235 0.99748661 0.00496299 0.27340176 0.96189328 -0.01441622 0.18293352 0.9830267 0.05010447 0.16036586 0.98579605 0.06217681 0.2061036 0.97656007 0.05208284 0.27291428 0.96063336 -0.05873553 0.19160521 0.97972073 -0.0017456 0.27229696 0.96222283 -0.14174909 0.33640395 0.93099662 -0.04990245 0.17259523 0.98373832 -0.95355763 0.29606258 -0.05561687 0.92826994 0.34566028 -0.13732465 0.00501683 0.82497226 0.56516391 0.48601778 0.6838288 0.5442118 0.65763471 0.34234343 0.67105874 0.61929378 -0.00835018 0.7851171 0.40871515 -0.33724083 0.84807692 -0.05323517 -0.52834361 0.8473631 -0.42038693 -0.34270401 0.84014104 -0.67835042 -0.066008 0.7317679 -0.61109081 0.33842005 0.71558113 -0.47225465 0.64675453 0.59891033 -0.71855367 0.66395155 -0.20703214 -0.64045897 0.69667742 -0.3232101 -0.37244822 0.70599926 -0.60237512 -0.13293881 0.67078838 -0.72964711 0.32382272 0.66663984 -0.67136654 0.32748468 0.64266405 -0.69263784 -0.49239176 0.70932121 0.50440245 -0.72930426 0.65693769 0.19119607 -0.22896192 0.73886234 0.63376835 -0.76574601 0.64137599 0.04769697 0.56907945 0.7477944 0.34199537 0.15266354 0.73537958 0.66024599 0.32640977 0.75871868 0.5637474 0.65769008 0.72913105 0.18924939 0.64974651 0.72185308 -0.23824898 0.64929041 0.72983468 -0.2139568 0.61472377 0.44242992 0.65298072 0.38305397 0.51491236 0.76690466 0.37286989 0.50700193 0.77712274 0.62144163 0.42616164 0.65742335 0.89847253 0.32415868 0.29611107 0.96047284 0.22138315 -0.16877658 0.96721639 0.25346669 -0.01599676 0.88895689 0.33122222 0.3163142 0.83822988 0.08704998 -0.53833031 0.9121656 0.12195223 -0.39127533 0.6300312 -0.01187679 -0.77648897 0.46159442 -0.07420176 -0.8839895 0.30516691 -0.13851146 -0.94217243 0.34144293 -0.16988551 -0.92442348 -0.53024196 0.4651386 0.70887525 -0.69454352 0.42573436 0.57997512 -0.3728659 0.5070821 0.77707327 -0.38304998 0.5149948 0.76685316 -0.96156969 0.26034134 -0.08727133 -0.89164745 0.34989352 0.28730994 -0.96174206 0.26218834 -0.07948247 -0.89961951 0.35711618 0.25132521 -0.90693029 0.12426201 -0.40255209 -0.83887981 0.08003799 -0.53840249 -0.62899843 -0.021269 -0.77711589 -0.46442079 -0.0806501 -0.8819425 -0.30764682 -0.1406458 -0.94105025 -0.34144293 -0.16988551 -0.92442348 -0.50829666 0.86115454 -0.00782842 -0.78834278 0.54362845 0.28807645 -0.13594834 -0.94371416 -0.30154694 -0.67987296 0.30799798 0.66552237 -0.97156848 -0.03050003 0.23479965 0.20719258 0.59933734 0.77322227 0.18546856 0.69760111 0.6920738 0.10711815 0.9103752 0.39971016 0.28644019 -0.35974146 0.88800918 0.97742768 -0.14526952 -0.15341097 -0.95625266 0.02553197 0.29143595 0.94153072 -0.16952265 -0.29119095 0.94153287 -0.16951715 -0.29118821 0.94153096 -0.16953898 -0.29119122 0.94153376 -0.16954576 -0.29119116 0.93720933 -0.18488511 -0.29574948 -0.34807958 0.41429337 0.84095745 -0.2967543 -0.07820121 0.95175537 -0.0848445 0.04865684 0.99520823 -0.32636978 0.92467101 0.19612892 -0.61917612 0.75597842 -0.21243215 -0.88789187 0.41956638 0.18872439 -0.6758931 -0.73611475 0.03620788 -0.59283036 -0.35255472 0.72406209 -0.95573958 -0.21525777 0.20060144 0.96954962 0.10027871 -0.22343356 -0.73489649 -0.66295043 0.14292387 0.96915289 -0.02521988 -0.24519364 0.96915843 -0.02494545 -0.24518991 -0.05849271 -0.33945404 0.93880703 -0.14590407 -0.0318993 0.98879053 -0.21333147 -0.08075297 0.97364505 -0.30682377 0.94041355 0.14662152 -0.333629 0.92965956 0.15628481 -0.41770004 0.90764334 0.04143833 0.07131985 0.31875582 0.94515814 0.24784967 0.28796562 0.9250175 -0.97456183 -0.0105268 0.22387616 0.01726701 0.80020802 0.59948647 0.08237894 0.94798317 0.30747969 0.12112595 0.88371186 0.4521031 -0.88781939 -0.43558206 0.14848695 -0.21083931 0.37227963 0.90385618 -0.05886382 0.60204873 0.79629464 -0.97392257 -0.14193186 0.17703193 -0.85802762 -0.47693636 -0.19061458 -0.82449804 -0.492783 0.27815398 -0.82449804 -0.492783 0.27815398 -0.69579426 0.7158329 0.0587944 -0.68469957 0.25192496 0.68390426 -0.68469957 0.25192496 0.68390426 -0.47347336 0.86809139 0.14921259 -0.47347336 0.86809139 0.14921259 -0.4634779 0.54833746 -0.69608787 -0.4634779 0.54833746 -0.69608787 -0.70183373 -0.35563149 -0.61723521 -0.70183373 -0.35563149 -0.61723521 0.50829666 0.86115603 -0.00782877 0.13594834 -0.94371601 -0.30154739 0.78834278 0.54362928 0.28807654 0.67987296 0.30799825 0.66552267 0.97156848 -0.03050023 0.23479971 0.95625266 0.02553205 0.29143604 -0.19360052 -0.95386084 0.22950897 -0.28643977 -0.35974155 0.88800918 -0.10711817 0.91037508 0.39971016 -0.18546858 0.69760105 0.6920738 -0.20719258 0.59933734 0.77322227 -0.94153072 -0.16952292 -0.29119101 -0.94153287 -0.16951715 -0.29118821 -0.94153096 -0.16953928 -0.29119131 -0.94153376 -0.16954582 -0.29119122 -0.93720933 -0.1848852 -0.29574957 0.29675167 -0.07820056 0.95174786 0.34807958 0.41429396 0.84095822 0.0848445 0.04865675 0.99520906 0.32636978 0.92467286 0.19612913 0.61917612 0.75597973 -0.21243263 0.52907019 -0.84658424 -0.05827093 0.88789187 0.41956707 0.18872436 0.67877439 0.20244519 0.70589501 0.95573958 -0.21525777 0.20060144 -0.96954962 0.10027871 -0.22343362 -0.29686722 -0.10994072 0.94857081 -0.96915289 -0.02522019 -0.24519358 -0.96915843 -0.02494546 -0.24518985 0.14590407 -0.0318993 0.98879053 0.30083151 0.45343422 0.8389918 0.21333147 -0.08075297 0.97364505 0.41770004 0.90764489 0.04143825 -0.07131985 0.318756 0.94515862 -0.24784967 0.28796565 0.92501755 0.97456183 -0.01052728 0.22387616 -0.01726701 0.80020819 0.59948653 -0.12112595 0.88371198 0.4521031 -0.08237894 0.94798317 0.30747969 0.93623861 -0.26552688 0.23012137 0.21083931 0.37227966 0.90385624 0.05886382 0.60204884 0.79629464 0.97392257 -0.14193227 0.17703193 0.85802762 -0.47693615 -0.19061437 0.85802762 -0.47693615 -0.19061437 0.82449804 -0.49278279 0.2781541 0.69579426 0.71583266 0.05879457 0.68469957 0.25192496 0.68390426 0.63853535 0.61749837 0.45932235 0.47347336 0.86809109 0.14921276 0.4634779 0.54833716 -0.69608763 0.4634779 0.54833716 -0.69608763 0.70183373 -0.35563137 -0.61723498 -0.00116195 -0.9303381 0.36671714 0.448442 -0.42695989 0.78524567 0.7061841 -0.48958029 0.51148962 0.0020551 -0.38400318 0.92333164 0.76806779 -0.59747058 0.23046579 0.70131899 -0.71069474 -0.05536168 0.47732441 -0.83658163 -0.26890179 -0.00000284 -0.92487838 -0.38026611 -0.71124137 -0.49706959 0.49706321 -0.44694354 -0.42960118 0.78466524 -0.7715723 -0.59605831 0.22225588 -0.70482594 -0.70768029 -0.04911872 -0.47734477 -0.83655594 -0.26892801 -0.96917488 -0.02491839 -0.245153 -0.96912189 -0.0255379 -0.24528249 0.96912195 -0.02553788 -0.24528269 0.96917488 -0.02491831 -0.2451532 0.43307819 0.85192733 0.2943966 0 0.93202223 0.36240844 0.00594992 0.9756908 0.21907145 0.51267915 0.85632746 0.06226096 0.66076586 0.68893478 -0.29794532 0.77588803 0.57526343 -0.25898349 0.73562229 0.67715177 0.01816046 0.71261687 0.45178299 -0.53672981 0.52381962 0.54057496 -0.65832565 0.09249097 0.52421408 -0.84655283 -0.08993238 0.30398808 -0.94842668 0.43180182 0.32714705 -0.84055333 0.00726369 0.92931737 -0.369215 -0.43194001 0.85275184 0.29369708 -0.51127672 0.85764413 0.05522268 -0.66749653 0.68903223 -0.28228345 -0.73308665 0.67999789 0.01419782 -0.77131415 0.58503854 -0.25061997 -0.74523897 0.41953291 -0.5182904 -0.48709114 0.4892992 -0.72342176 -0.4938459 0.2463224 -0.83393745 0.33199946 0.9293703 0.1614356 -0.00191274 0.91161319 -0.41106208 0.62177417 0.78319986 -0.00218343 0.60906437 0.50204372 -0.61399844 0.33039455 0.47387319 -0.8162658 -0.00000336 0.42163478 0.90678128 0.74610955 0.14498524 0.64985225 -0.41195484 0.89760994 0.1568169 0.88813613 0.14844995 0.43494989 0.84545468 -0.24618889 -0.47393041 0.71485764 -0.37121917 -0.59260702 -0.00055127 -0.37676228 -0.92632409 -0.34195949 0.46583196 -0.81613646 0 -0.61101619 0.79162044 0.5692991 -0.47684329 0.66972271 0 -0.98413511 -0.17742642 0.31459234 -0.94159742 0.12014906 -0.54221642 0.83681063 -0.07590769 -0.6179376 0.49766611 -0.60867837 -0.68145219 -0.00013336 0.73187531 -0.87509457 0.3560207 0.32783799 -0.84545468 -0.24618884 -0.47393041 -0.71753211 -0.37881471 -0.58452409 -0.5692991 -0.47684329 0.66972271 -0.31459234 -0.94159742 0.12014905 0.00000349 0.18704693 0.98235281 0.00000753 0.19717446 0.98036881 -0.29798737 0.09980231 0.94934102 -0.40999832 0.21385137 0.88667135 0.01449171 0.93656286 -0.35021721 -0.35990183 0.86370836 -0.35283627 -0.29474833 0.95001712 -0.10296466 0.00001093 0.74331743 0.66894809 -0.37946938 0.92516871 -0.00816252 0 1.00000298 -0.00039623 0 0.85002314 0.52676051 -0.49972644 0.56616175 0.65554324 0 0.15695025 0.98761114 -0.41145252 -0.04258934 0.91043665 0 -0.39153142 0.92017015 -0.51797378 -0.44010209 0.7334962 0 -0.80488597 0.59343105 0 -0.99653056 0.08333083 -0.5378521 -0.7782895 0.32400767 -0.46011158 -0.88786583 -0.00181557 0 -0.99029329 -0.13899919 -0.54118591 -0.8396834 -0.04538184 -0.30623029 0.95071938 0.04858313 -0.7397976 0.62894532 -0.23903825 -0.83191369 0.53962522 0.12937444 -0.81041978 0.08611956 0.57949012 -0.87814651 -0.34843339 0.3278182 -0.79595758 -0.60376701 0.04383413 -0.70885426 -0.39603274 0.58369833 -0.99767067 0.03526713 -0.05846208 -0.65560845 0.5110417 0.55589443 -0.96632524 0.10021595 0.23701719 -0.03220365 0.39220019 0.91932251 0.18808627 0.30931429 0.93218138 -0.28641593 0.36808543 0.88458715 -0.39235456 0.4286428 0.81384079 -0.72435743 0.24876847 0.64298794 -0.72435743 0.24876847 0.64298794 -0.37694449 -0.76402856 0.52362161 -0.39720442 -0.73012162 0.5560162 -0.39720442 -0.73012162 0.5560162 -0.41643338 -0.69431952 0.58696752 -0.76675571 0.27432179 0.5803858 -0.64948544 0.12315061 0.75033946 -0.13001303 0.84634511 0.51654112 -0.68189553 0.56083953 0.46955123 -0.76706637 0.13797621 0.62656233 -0.4356802 0.17619329 0.88269488 -0.58974015 0.3873633 0.70863313 0 0.43724956 0.89934616 -0.91627695 0.39964609 0.02686773 -0.88799737 0.05677276 0.45633125 -0.78157646 0.17574414 0.59855389 -0.78822804 0.34467108 0.50980913 -0.64545772 0.18058878 0.74214513 -0.92162724 -0.2994458 0.24687413 -0.72014756 -0.20116555 0.66401997 -0.79294248 -0.51336556 0.32818417 -0.54550159 -0.76057506 -0.35207374 -0.82990853 -0.51629108 -0.21141858 -0.29886806 -0.84095369 -0.45108866 -0.61179754 -0.78661014 0.08340009 -0.29345363 -0.81234722 -0.50396448 -0.40129058 -0.31087108 0.8615856 0.00000168 -0.58455342 0.81135528 -0.51801395 -0.60426703 0.60542312 0.00000179 -0.38364752 0.92348154 0.00000101 -0.20142471 0.97950514 -0.56412577 -0.05233619 0.82403396 -0.35225968 -0.92584862 0.13683457 -0.97360231 0.21494801 0.07680787 -0.72529793 0.66915783 0.16180643 -0.9745874 0.08697235 0.2064532 -0.94273182 0.32072772 -0.09164237 -1.00000762 0 0 -1.00000107 0 0 -0.99143734 -0.01560239 0.12970043 -0.96569981 0.03361735 0.2574841 -0.969013 0.04844879 0.24225333 -0.96652856 0.24528638 -0.07527576 -0.9879324 0.06388821 0.14112125 -0.99798425 -0.01483497 -0.06171979 -0.86085652 0.22724675 -0.45528697 -0.93637367 0.32288112 0.13771526 -0.959713 0.13102702 0.248569 -1.00000596 0 0 -0.79340918 0.60357794 0.07873119 -0.60969046 0.72745676 -0.31479104 -0.26791876 0.95931747 0.08906637 0.29061314 0.88888173 0.35416792 0.55091023 -0.50580865 -0.66381964 0.32454906 -0.66306821 -0.67454371 -0.37452267 0.73183174 -0.56934762 -0.24278887 0.57071393 -0.7844534 -0.02659796 0.73702473 -0.67535338 -0.73302854 0.32301782 -0.59860879 -0.17465948 0.87841873 -0.44484832 -0.17465948 0.87841873 -0.44484832 -0.17612923 0.43393423 0.88356332 -0.17852203 -0.90552105 -0.38492091 -0.68199954 -0.73065174 0.03211756 0.00037018 -0.86412559 0.50328332 0.15341651 -0.86890833 0.47061523 0.61692497 0.77808047 0.11834046 -0.32525582 0.85479491 0.40440835 0.23392915 0.95246705 0.19517436 0.16604901 0.91314145 -0.37230773 -0.97450914 0.21769544 0.05430889 -0.72797389 0.44752788 0.51940757 -0.77228469 -0.3968121 0.49610224 -0.05794338 -0.03801781 -0.99760231 -0.72153074 -0.69230065 0.01135356 -0.65286622 0.01474415 -0.75734414 -0.0318503 -0.74267066 0.66890469 -0.63792864 0.69173769 0.33846806 -0.85765962 -0.36787774 0.35930811 -0.81827394 0.22070325 0.53078317 -0.58290231 0.76796735 -0.26543745 -0.96925594 -0.24604207 0.0029583 -0.53428602 -0.66825935 0.5176661 -0.9246824 0.00435941 -0.38073112 -0.22345439 -0.7989846 -0.55830502 -0.09436452 -0.87775258 -0.46974339 -0.26741784 -0.90474017 -0.33157144 -0.47762354 -0.71489377 -0.51069754 0.00000694 0.31804235 -0.94808324 -0.68813184 0.17019602 -0.70534933 0.00000796 0.22387952 -0.97462131 -0.86677407 0.10822918 -0.48682412 -0.99387559 0.10844569 -0.02130223 -0.94392254 0.06839607 0.32302238 -0.66321424 -0.00059729 0.74842996 -0.45071732 -0.05384478 0.89104347 0.00000305 -0.06472715 0.9979042 0 -0.07688653 0.99704351 -0.98278966 -0.18282231 -0.02650861 -0.9097627 -0.31056897 -0.27547531 -0.97093614 0.16745528 -0.17103984 -0.90947779 -0.34842847 0.22683512 -0.02168555 -0.86321627 -0.50437402 -0.00395745 -0.6276336 -0.77850217 -0.02093708 -0.70837922 -0.70552684 -0.01329224 -0.97363271 -0.22775383 -0.93302109 0.30603628 0.18928466 -0.89816003 0.30495055 0.31672783 -0.95040103 -0.14890336 -0.27306729 -0.75265057 -0.45686968 -0.4741299 0.87644134 -0.13041478 -0.46351813 0.28659385 -0.88133 -0.37567813 0.53149181 -0.83144371 -0.16194973 0.05214766 -0.55055672 -0.83318166 -0.10521769 -0.69946114 -0.70688856 -0.07561019 -0.86627798 0.49381944 -0.19815953 -0.96624007 -0.16468527 -0.19297525 -0.81079291 0.55261826 -0.11534451 0.55455148 0.82412575 0.00644247 0.82535748 0.56458789 0.00164383 0.6598939 0.75136412 0.14406455 0.92892643 0.34109448 0.02810588 0.98528918 -0.16859383 0.02688059 0.89275192 -0.44976695 -0.06279844 0.32978169 -0.94197585 -0.07547935 0.36037518 -0.92974945 -0.10691734 -0.55966258 0.82180427 0.01308182 -0.49502336 0.86878864 -0.07584081 0.55992383 0.82507114 -0.17414884 0.81349484 0.5549013 -0.24489812 0.90667572 -0.34348278 -0.11364614 0.95141222 -0.28618314 0.02202291 -0.87421219 0.48504948 -0.04876053 -0.83095424 -0.55420422 0.13198964 -0.70616407 -0.69564096 -0.03936118 -0.9856328 0.16428804 -0.00254006 -0.1212873 -0.99261775 -0.08738425 -0.42552989 0.90072151 -0.03846807 -0.61473766 0.78779448 -0.03613377 -0.40366815 0.91419538 -0.10173212 0.85534106 0.50798809 -0.01191364 0.63573441 0.77181692 0.009292 0.97298153 0.23070679 0.02545744 0.95778372 -0.28637307 0.0500283 0.79869295 0.59965634 -0.00836175 0.73030991 -0.68307391 0.13838672 0.38337542 -0.91317274 0.13145467 -0.82871274 -0.54403746 0.07342651 0.11105919 -0.99109831 0.09460059 -0.84348796 0.52875566 0.09337474 -0.52228009 0.84765373 -0.05024264 0.40910809 0.91110553 0.11770587 0.43129616 0.8945031 0.10372233 0.63191894 0.76806546 0.21628354 0.95673152 0.19465679 0.16399519 0.88125138 -0.44330042 0.22919074 0.87943707 -0.41720842 -0.30626024 0.19797881 -0.93114086 -0.25351378 0.14060608 -0.95706113 -0.31062059 0.35462834 -0.88190661 -0.33839513 0.53035038 -0.77731711 -0.73018873 0.26859885 -0.6282461 -0.73490197 0.28405865 -0.61582562 -0.87138073 0.36076556 -0.3324954 -0.85526358 0.51138561 0.08376717 -0.68070099 0.69936857 0.21803642 -0.80410902 0.57527947 0.14987422 -0.31474121 0.94101997 0.12424477 -0.31643133 0.94073655 0.12209184 -0.00528844 0.99684217 -0.0792348 -0.31305109 0.94130333 0.12639771 0.00528885 0.99684741 -0.07923372 -0.33229847 0.91515567 -0.22818527 -0.30531694 0.91262509 -0.27184652 0.12732811 0.78695769 -0.60373709 -0.12732495 0.78695405 -0.6037316 -0.34079425 0.6622921 -0.66726205 -0.73602546 0.47389214 0.48342027 -0.58004456 0.62183985 0.52618622 -0.36899151 0.77008117 0.52042037 0.06726738 0.85100059 0.52084833 -0.30609165 0.75759078 0.57651442 0.00000448 0.76206232 0.64750746 -1.00000333 0 0 0.29799789 0.09979618 0.94933851 0.4100058 0.21385621 0.88666312 0.30394111 0.94813104 -0.09318266 0.42472937 0.84484224 -0.32535307 0.35256769 0.93578746 0.0022646 0.49972647 0.56616169 0.65554324 0.41145252 -0.04258932 0.91043647 0.51797378 -0.44010209 0.73349626 0.53785204 -0.77828956 0.32400767 0.46011158 -0.88786595 -0.00181556 0.54118591 -0.83968352 -0.04538184 0.3060653 0.94974198 0.06575701 0.75942672 0.59959519 -0.25252744 0.80537294 0.58893245 0.06734913 0.81041978 0.08611964 0.57949018 0.87814896 -0.3484294 0.32781352 0.79596824 -0.60376254 0.04383313 0.72657216 0.56102043 0.39668049 0.99705162 0.04419676 -0.06284799 0.96633341 0.10021503 0.23700831 0.76675541 0.27430975 0.5803855 0.64946887 0.12313278 0.75035567 0.76233805 0.14238117 0.63132766 0.64975789 0.59350085 0.47495266 0.13754333 0.74108387 0.65718797 0.58974194 0.38737141 0.70863379 0.43567686 0.17618413 0.88269876 0.88155709 0.0147328 0.47185459 0.91602536 0.40106102 0.00714724 0.77601046 0.18118946 0.60414466 0.78823859 0.34465898 0.50980251 0.64545074 0.18058455 0.74214906 0.92162653 -0.29945144 0.24686848 0.79293944 -0.51337695 0.32818018 0.72014815 -0.20117304 0.66402093 0.55391228 -0.7557031 -0.34942861 0.8299105 -0.51628768 -0.21141595 0.2988784 -0.84094833 -0.4510849 0.62084285 -0.77726871 0.10202815 0.29142823 -0.82044129 -0.49188679 0.40128886 -0.3108757 0.86158608 0.51801413 -0.60426864 0.60541979 0.56412327 -0.05234506 0.82403551 0.70885158 -0.39602317 0.58369225 0.34901763 -0.9241487 0.15540555 0.97574689 0.20795507 0.06842985 0.93410714 0.30231045 0.18989221 0.69006327 0.7044142 0.16622383 0.8049591 0.11895742 0.58129269 0.8087018 0.11973818 0.57591473 0.81118004 0.11945194 0.572474 0.74681027 0.11734568 0.65460351 0.75847913 0.12286358 0.6400123 0.69530121 0.12411834 0.70792676 0.71735073 0.13663369 0.6831933 0.94273152 0.32072784 -0.09164242 1.00000977 0 0 1.00000619 0 0 0.9879144 -0.05280733 0.14576075 0.98517551 0.03364933 0.16825318 0.9817089 0.00325278 0.19039193 0.99621847 -0.00937854 -0.08640229 0.99199619 0.03629603 0.1209984 0.96699484 0.24450965 -0.07172828 0.86082636 0.22731747 -0.45530837 0.93650277 0.32223813 0.13832124 0.95655908 0.14338847 0.2538661 0.99763849 -0.05029789 0.04684484 0.67917517 0.6847857 0.26418593 0.53537911 0.81135158 -0.23469523 0.85983084 0.51042026 -0.01273655 0.25642201 0.0810953 -0.96316495 0.26811423 -0.65869466 -0.70302678 -0.23195437 -0.57822823 -0.78221298 -0.77008588 -0.26422104 -0.58065891 0.17521004 -0.93389024 -0.31170337 0.07514118 -0.90198006 -0.42518904 0.11928026 -0.9136311 -0.38865809 0.50000125 -0.74205352 -0.4465044 0.68813214 0.17019492 -0.70535124 0.86676411 0.10822892 -0.48683914 0.99388 0.10844694 -0.02131443 0.94391872 0.06839966 0.32302834 0.66321066 -0.00059287 0.7484423 0.45071914 -0.05383925 0.89104538 0.98279329 -0.18281567 -0.02650826 0.98282441 0.16457357 -0.08351238 0.89514373 -0.38470362 -0.22523006 0.02168593 -0.86321734 -0.50437533 -0.26157352 0.75426651 -0.60221794 0.00589092 0.18926401 -0.98190858 0.39273529 0.7323553 -0.55625844 0.60358694 -0.01302086 -0.79719854 -0.03497268 -0.55578547 -0.83059762 0.40786942 -0.72414673 -0.5561192 -0.28658038 -0.88133429 -0.37567804 0.13369169 -0.96982845 -0.20387968 -0.53148341 -0.83145182 -0.16195906 -0.18348476 0.86202989 0.47248276 -0.86505465 0.31954501 0.38675915 -0.81587641 0.54884642 0.18198099 -0.88496898 -0.10397594 -0.45389911 -0.50970154 0.85046141 -0.13009753 0.97140403 -0.20827695 -0.11401928 0.67949566 -0.60779914 -0.41094627 0.42131897 -0.70876218 -0.56582951 0.99089684 0.13462236 0.00050495 -0.57735472 -0.57735472 -0.57735472 0 0 0 -0.15804703 0.50363624 -0.84934179 0.17433929 -0.49730431 0.84988694 0.44654172 0.22873934 -0.86503713 0.3582262 -0.04629257 -0.93249055 0 0.16204351 -0.98678704 -0.00981478 0.16369156 -0.98646804 -0.00869968 0.39925759 0.91680111 0 0.51021218 0.86005364 0.17009849 0.4357173 0.8838685 0.67166528 0.22959039 0.70438952 0.4989775 0.30252997 0.81209586 -0.01769268 0.30369697 0.95260801 -0.70710815 0 -0.70710815 0 0 1.00000202 -0.29265314 0.437034 0.85051458 0.29741665 -0.43527763 -0.84976272 -0.89443813 -0.44721906 0 0.70710815 0 0.70710815 0.96260931 0.24311551 0.11953981 0.90682413 0.32328249 0.2704884 0.88810609 0.08083619 -0.45248868 0.86811219 0.28150209 -0.40884178 -0.88211904 -0.44105952 -0.16539731 -0.4240038 0.8480076 -0.31800283 0.30625577 0.19805072 -0.93111934 0.33839579 0.53037464 -0.77730519 0.31062023 0.35467582 -0.8818935 0.2535102 0.14066308 -0.95706459 0.87129722 0.36091076 -0.33254967 0.73481656 0.28420883 -0.61585638 0.73011226 0.26877996 -0.62824932 0.85522549 0.51144921 0.08380667 0.34004904 0.90321561 0.26186787 0.31642796 0.94072833 0.12209925 0.30531691 0.91262497 -0.27184649 0.33229847 0.91515555 -0.22818523 0.34079425 0.66228596 -0.66726598 0.64805177 0.31194587 0.69478605 0.90288981 0.35062035 0.2487263 -0.00765636 0.29462337 0.95558651 1.00000786 0 0 0.0000015 0.31080223 -0.9504753 0.53974169 0.32205434 -0.77779824 0.89843677 0.33239581 -0.28694942 0.01999847 0.26884951 -0.96297689 0.52057045 0.64488557 0.55959511 0.73915721 0.17192408 0.65122286 -0.82554684 0.04547427 0.56250965 -0.54364997 0.65874753 0.52010983 -0.24932616 -0.2918716 0.92339619 -0.62562296 -0.37042556 0.68657628 0.01871471 0.99977156 -0.01045916 0.815356 0.11953427 0.56648802 0.81543134 0.11999362 0.56628126 -0.8049687 0.11897098 0.58127087 -0.81118069 0.11946281 0.57246649 -0.80870275 0.11975002 0.57590436 -0.74681801 0.11735518 0.65459541 -0.6953089 0.12412287 0.70791674 -0.75848628 0.1228711 0.64001134 -0.71735073 0.13663364 0.68319306 0.20293399 0.71795166 -0.66586301 -0.35651361 0.70034159 -0.61840782 0.0437206 0.15069896 -0.98762496 -0.53045308 -0.00980486 -0.84766351 -0.40785118 -0.72414512 -0.55613071 -0.13368323 -0.96982988 -0.20388631 0.20384701 0.78805012 0.58089125 0.70713944 0.67932418 0.19618755 0.8650568 0.31951679 0.38676511 -0.00256416 0.99894788 0.04587449 0.60687807 0.7185821 -0.33963786 -0.81535618 0.11954396 0.56648981 -0.81543402 0.12000321 0.5662837 -0.72128595 0.68987087 0.06202696 -0.63096848 0.70023579 0.33399851 -0.15897147 0.96480312 -0.20948844 -0.63096848 0.70023579 0.33399851 0.41676741 0.90744956 -0.05342157 0.41676741 0.90744956 -0.05342157 0.09678278 -0.89506965 -0.43530773 0.09678278 -0.89506965 -0.43530773 -0.05108301 -0.76252133 -0.64495096 -0.10697933 -0.81013809 -0.57640242 0.57819271 0.75147505 -0.31779809 0.1167065 0.86642806 -0.4854747 0.57819271 0.75147505 -0.31779809 0.02188593 0.2926374 -0.9559771 0.05115963 0.97116508 -0.23285811 -0.39519136 0.83087449 -0.39177011 -0.50234127 0.62368378 0.59890294 -0.50234127 0.62368378 0.59890294 0.00221425 -0.79559977 -0.60584179 0.00221425 -0.79559977 -0.60584179 0.38665985 -0.67456815 -0.62886289 0.00941625 -0.80332474 -0.59547376 0.04982816 -0.81607036 -0.57580602 0.1410945 0.88722877 0.43924119 0.09264297 0.99170473 0.08914761 0.09264297 0.99170473 0.08914761 -0.17569981 0.9102846 0.37486796 -0.49961933 -0.85577576 0.13430131 0 -0.9811488 0.19325751 0.10990183 -0.03776711 0.99322756 0.23589132 -0.27616631 0.93171509 -0.10990183 -0.03776711 0.99322739 0.49961933 -0.85577576 0.13430125 -0.23589132 -0.27616631 0.93171449 0 1.00000572 -0.00204353 0.53082758 0.8469675 0.0295181 -0.53082758 0.84696744 0.02951812 -0.42994734 0.5687254 0.70121343 0.80411009 0.57528299 0.14987541 0.68067661 0.6993911 0.21804883 0.73602361 0.47389971 0.48342194 0.58002317 0.62186137 0.5261814 0.30609955 0.75758625 0.57651436 0.42993944 0.56875246 0.7011996 -0.47033851 0.39244242 0.79042746 -0.28445926 0.16848483 0.94377263 -0.53625202 -0.35185196 0.76722629 -0.46988504 -0.48526069 0.73739553 -0.58514839 -0.26901757 0.76500917 -0.57924342 -0.32681627 0.74677325 -0.73840184 0.19614535 0.64521071 -0.70071281 0.17942553 0.69051591 -0.89794712 0.27041247 0.3472404 0.01908824 -0.09591209 0.99521127 -0.43319516 0.05486026 0.89963131 -0.73820699 -0.06509444 0.67142811 -0.99390396 -0.00347718 -0.11026564 -0.99390396 -0.00347718 -0.11026564 -0.91704317 0.35805641 -0.17560903 -0.93249782 0.33276532 -0.14042733 -0.04363729 0.64331934 0.7643593 0.56349235 0.45248734 0.69118909 0.48017328 0.36618055 0.79709549 0.54068124 -0.34163783 0.76873494 0.56024515 0.01664467 0.82816623 0.46988504 -0.48526057 0.73739553 0.58749485 -0.23611573 0.77402324 0.68747631 0.09174489 0.72038842 0.58395421 -0.28253063 0.76104534 0.74186487 0.3423915 0.57655549 0.87273709 0.24990409 0.41940089 0.42004674 0.02478849 0.9071789 -0.02229344 -0.12334293 0.99211647 0.70669991 -0.10346703 0.69991771 0.99974509 -0.0072255 -0.02183292 0.99974509 -0.0072255 -0.02183292 0.93560513 0.34480758 -0.07588276 0.94524046 0.32277442 -0.04838632 -0.54104298 0.42958264 0.72301788 -0.54104298 0.42958264 0.72301788 0.0656813 0.60515228 0.79339738 0.00000243 -0.8724827 0.48866086 -0.63960514 0.12497245 -0.75848402 -0.64565101 0.15608884 -0.747522 -0.6388084 0.10524231 -0.76213748 -0.63477644 0.05198449 -0.77095169 -0.84412812 -0.49386018 -0.20870168 -0.53613537 -0.09621948 -0.83863781 -0.00000451 -0.18480826 -0.9827825 -0.5009346 -0.57093745 0.65045998 0.47735663 0.73142184 0.48699771 -0.4773499 0.73142875 0.48700135 -0.20198884 0.17431777 0.96375712 -0.29729849 -0.03509697 0.95414498 -0.83101283 0.210458 0.51491129 -0.92814096 -0.24053802 0.28409749 -0.93470814 0.13249465 0.32981248 -0.79546339 0.49699935 0.34675072 -0.46923592 -0.525132 0.70997471 -0.46743466 -0.74666358 0.47328629 0.84413193 -0.49386265 -0.20869962 0.11529738 -0.68062493 0.72350366 0.63960514 0.12498217 -0.75847806 0.63881329 0.10524143 -0.76213802 0.64565101 0.15610835 -0.74751014 0.63478252 0.05198082 -0.77094866 0.50093036 -0.57094103 0.65046177 0.53613454 -0.09622186 -0.83863692 0 -0.00222389 1.00000476 -0.44654029 0.22874211 -0.86503486 -0.43435137 -0.07374705 -0.89772289 -0.17648605 0.4292488 0.88577972 -0.57797926 0.29798844 0.7597052 -0.49666628 0.31626247 0.80827622 -0.96182593 0.24409258 0.12379835 -0.90141698 0.32968642 0.28064271 -0.88810436 0.08084442 -0.45249607 -0.87070124 0.27458545 -0.4080415 -0.79288335 -0.23990322 -0.56017607 -0.97598715 0.01639901 0.21722967 -0.43393301 0.74058498 0.51307022 -0.36312641 0.53976851 0.75947238 -0.18340542 0.74792529 0.63795445 -0.50369083 0.61563018 0.60606131 -0.55174792 0.19605851 0.81064431 -0.38738735 0.8884735 -0.24606413 -0.42465543 0.90323915 0.06194162 0.00000213 0.7453816 -0.66663847 -0.62927458 0.35539229 0.69117573 -0.90476044 0.35035165 0.24222036 -0.54381275 0.31683065 -0.77711064 -0.90277149 0.31769188 -0.28998279 -0.80154024 0.14448113 0.58023351 0.79060734 -0.18303176 -0.58432918 -0.7404126 0.26538625 -0.61755338 0.76655174 -0.17154916 0.61884949 -0.23168489 0.25050401 -0.93998827 0.21955391 -0.19570689 0.95577159 0.35567106 -0.05148307 -0.93319448 -0.34189264 0.04335257 0.93874325 -0.38420896 0.36692084 0.84721099 -0.71334518 0.1169439 0.6909915 -0.62848672 0.25946763 0.73327161 -0.82369856 -0.00375823 0.56701791 -0.85399859 0.00136088 0.5202952 -0.82369856 -0.00375823 0.56701791 -0.79083259 -0.00886564 0.61197427 0.09952686 0.20906881 0.97282441 0.19647908 0.4838575 0.85281085 0.1415552 -0.96843721 0.20516396 0.18118163 -0.94914027 0.25751838 0.0641336 -0.97776129 0.19970736 0.04820199 -0.98404451 0.17132429 0.32109462 -0.92820461 0.18798956 0.38050432 -0.90501859 0.19018297 0.25324389 -0.95305719 -0.1660245 0.0862109 -0.96427425 -0.25049993 0.03945585 -0.98183419 -0.18563374 -0.01510295 -0.98933723 -0.14488686 -0.05465783 -0.99713518 -0.05243135 -0.14155369 -0.9684371 0.20516447 -0.0641336 -0.97776141 0.1997074 -0.18118086 -0.94913884 0.25752112 -0.04820199 -0.98404457 0.17132432 -0.32137711 -0.92734661 0.1917232 -0.38081886 -0.90368797 0.19580409 -0.24240445 -0.95724865 -0.15788707 -0.07411772 -0.96600284 -0.24769842 -0.03134982 -0.98249038 -0.18369339 0.01510301 -0.98933413 -0.14488615 0.05465783 -0.9971353 -0.05243136 0.29388174 -0.71721477 -0.63186297 0.29388174 -0.71721477 -0.63186297 0.25733882 0.67944357 -0.68712047 -0.97537084 0.21538273 0.0478664 0.73299665 0.67962781 0.02882911 0.73299665 0.67962781 0.02882911 -0.83733623 0.53802907 0.09693738 -0.83733623 0.53802907 0.09693738 0.25259947 -0.44337525 -0.86000864 -0.13069762 -0.73833806 -0.66164842 -0.67746851 -0.52398991 -0.5162276 0.83649181 -0.07144818 -0.54331332 -0.18522103 -0.01323193 -0.9826081 0.71592767 -0.29434633 -0.6330981 0.88664578 -0.09015728 -0.45358809 0.09077986 -0.76430041 -0.63843921 0.19815953 -0.96623977 -0.16468529 0.07560971 -0.86627577 0.49381837 0.19297744 -0.81078957 0.55261719 0.11534373 0.55454719 0.82412283 -0.00164383 0.6598939 0.75136412 -0.00644376 0.82535593 0.56458723 -0.14406417 0.92893245 0.34109534 -0.0167601 0.97044309 -0.24074868 -0.13920755 0.96188762 -0.23539475 0.06279751 0.32977877 -0.94196775 0.10470415 0.21716534 -0.97050675 0.10691863 -0.5596596 0.82180242 -0.01308225 -0.49502137 0.86878763 0.07584384 0.55992144 0.82507317 0.17415293 0.81349139 0.55490035 0.11364835 0.95141866 -0.28618648 0.24490245 0.90667488 -0.34348585 -0.01793429 -0.86943172 0.49374404 -0.12129477 -0.71365971 -0.68992421 0.02117164 -0.82823781 -0.55998498 0.03936156 -0.98563524 0.16428729 0.00253975 -0.12128882 -0.99261918 0.08988699 -0.42483987 0.90079524 0.03846702 -0.61473653 0.78779448 0.03613377 -0.40366821 0.91419544 0.10173759 0.85533749 0.50798463 0.0119141 0.63573405 0.77181632 -0.00929037 0.97297921 0.23070643 -0.08848008 0.94716903 -0.30829493 -0.06999005 0.79339952 0.60467479 0.0083613 0.73030908 -0.68307397 -0.08822795 0.30445243 -0.94843741 -0.05768179 0.10383903 -0.99292859 -0.05933615 -0.88058536 -0.47017421 -0.0209423 -0.8545308 0.51897954 0.0009267 -0.54122942 0.840883 -0.00841071 0.38751598 0.92182847 0.05422911 0.40886213 0.91098722 -0.03674985 0.63697717 0.77001012 -0.02504621 0.97525855 0.21964488 -0.16287979 0.87311892 -0.45950281 0.00358529 0.86104606 -0.50851666 0.10642622 0.76122732 0.63969824 0.06929512 0.21903323 0.97326126 -0.19531612 0.0223616 -0.9804888 -0.09395927 0.91636594 -0.38916053 0.1264397 0.91074022 -0.39315741 0.07561013 -0.02724406 -0.99676868 0.08733525 -0.96345164 -0.2532809 0.01589548 -0.77189297 -0.6355553 0.06913346 -0.54145371 0.83788375 -0.14234173 -0.82705311 0.54381835 0.0522422 -0.82843981 0.55764854 -0.69044605 -0.41146376 0.59497964 -0.05424202 0.25814261 -0.96459158 0.79288335 -0.23990316 -0.56017631 0.97605934 0.01395567 0.21706804 0.4339443 0.74058665 0.51306778 0.18340855 0.74792219 0.63795105 0.3631366 0.53975909 0.7594691 0.50370407 0.61562178 0.60604921 0.55187154 0.2031501 0.80881278 0.38739158 0.88847648 -0.2460627 0.42466002 0.90323987 0.06193775 -0.18132451 0.94228276 0.2814967 -0.31284909 0.42032169 0.85174285 0.79907669 0.57801341 0.16549314 0.36043061 0.8722118 0.33068479 0.20098429 0.97922124 -0.02748896 0.4915533 0.80329136 -0.33632259 -0.82432364 0.54064041 -0.16797275 -0.51591718 -0.71901125 -0.46568473 -0.44578271 -0.28095003 -0.84991257 0.64627424 0.75169815 -0.13145887 0.6794785 0.73307861 -0.03011679 0.71235532 0.60967371 -0.34765114 0.42394333 0.81867002 -0.38737403 0.7755611 -0.22438789 -0.59004813 0.44734379 -0.8084362 -0.38251387 0.55079007 0.67066261 -0.496834 0.29960033 -0.3054619 -0.90385105 0.82087235 -0.56146264 0.10457638 0.8130245 -0.57232731 0.10693962 -0.11273906 -0.99014457 0.08310976 -0.15134272 -0.87171857 0.4660558 -0.01210861 -0.86980204 0.49325701 0.08930626 -0.89985924 0.42695652 -0.10622769 0.97635039 -0.18829841 0.50786799 0.75661702 0.41182696 0.75490768 -0.52185237 0.39725255 0.79815174 0.19673343 0.56944656 0.75490768 -0.52185237 0.39725255 0.2980622 -0.95452388 0.00741044 0.33370425 -0.15246139 -0.93026795 0.66130617 -0.7139451 -0.23015329 0.98836859 -0.12507229 -0.08652401 -0.99095716 -0.12708498 0.04305703 -0.15626885 -0.69324604 0.70356054 0.65425542 0.74046183 0.15389937 0.65425542 0.74046183 0.15389937 -0.46649065 0.87263165 0.14462377 -0.70107777 0.56631875 -0.43334209 0.02024609 -0.92652001 -0.37572859 0.34244446 -0.88547473 -0.31412129 -0.33393521 -0.80679367 -0.48741787 -0.77962238 0.58232879 -0.23042323 -0.92628678 -0.2969422 -0.23200796 0.94345834 0.2300582 -0.23868323 0.57688772 -0.78865523 -0.21267978 0.72249854 0.52097016 0.45453405 0.72249854 0.52097016 0.45453405 0.35020559 0.83814321 -0.41818159 0.71039457 0.69418279 0.11604212 0.5350967 0.83160685 -0.14867952 0.92807652 0.35153829 0.12287379 0.80643897 0.27740421 0.52222317 -0.7304026 0.68286976 -0.01483912 -0.7304026 0.68286976 -0.01483912 0.23166933 -0.66830501 -0.70689375 0.23166933 -0.66830501 -0.70689375 -0.3384486 0.68961588 -0.64022449 -0.3384486 0.68961588 -0.64022449 0.60002187 0.5483424 -0.58249122 -0.3842843 0.59080517 -0.70941866 -0.24887436 0.71021504 -0.65853605 -0.30631868 0.57261294 -0.7604574 0.09716256 0.68366364 -0.72330744 0.47444956 0.52871596 0.7038259 0.47444956 0.52871596 0.7038259 0.27300294 -0.84455512 -0.46065553 0.27300294 -0.84455512 -0.46065553 0.54558622 -0.83747081 -0.03155988 0.07751847 -0.90990647 -0.4075145 0.07751847 -0.90990647 -0.4075145 0.07768157 -0.90967252 -0.40800523 -0.10867983 -0.73673803 -0.66739854 -0.08788002 0.69508514 -0.71353609 -0.10867983 -0.73673803 -0.66739854 0.87241499 0.29120481 -0.39256393 -0.97305633 -0.08096042 -0.21592732 -0.97305633 -0.08096042 -0.21592732 -0.75949801 0.6504688 0.00752248 -0.75949801 0.6504688 0.00752248 0.80762629 0.56520021 0.16823197 0.80762629 0.56520021 0.16823197 -0.14504794 0.52176046 -0.84067552 0.69073979 0.6625832 0.28959116 0.69073979 0.6625832 0.28959116 -0.32154246 -0.92978378 -0.17925563 0.4753403 -0.87909971 0.03519217 0.11845835 -0.98874845 -0.09140552 -0.39623328 -0.06469526 -0.91586878 0.00059018 -0.71863843 -0.69538483 0.00059018 -0.71863843 -0.69538483 0.31426264 0.25768667 -0.91369476 0.36774747 -0.33318694 -0.86819248 -0.47917907 0.15210859 -0.86443739 0.14935864 -0.95263811 0.26491316 0.84425108 0.4058507 0.35004021 0.94430902 0.11454454 0.30850158 0.94430902 0.11454454 0.30850158 0.95314499 -0.18782681 0.2371612 0.84936546 -0.5151816 0.11480687 0.54309254 -0.7557146 0.36599375 0.43536736 -0.39249917 0.81018655 -0.69866381 0.67853317 0.22686743 -0.70267457 0.61487636 0.35802992 -0.33730738 0.53005039 0.77799261 0.35454621 0.47435321 0.80578373 0.79958029 0.4052717 0.44321628 0.72211976 0.56801283 0.39485182 0 0.43496798 -0.90045186 0.45689001 0.27267482 -0.84670637 0.30979936 0.44529246 -0.84008299 0 0.55184173 -0.83395694 0 -0.62038151 -0.78430069 -0.07529919 -0.74754018 -0.65994773 0.4689246 -0.27248528 -0.84015851 0.00000111 -0.1887734 -0.98202362 0 -0.97543754 -0.2202825 -0.63475737 -0.68051479 -0.36603771 0.07619018 -0.94201436 0.32682355 0.0000026 -0.94312002 0.33245577 -0.18463294 -0.69808254 0.69181237 0 -0.87930338 0.47626548 0 -0.67127058 0.74122263 0.33935661 -0.40595697 0.84855358 0.49706667 -0.18302613 0.84819715 0.00000106 -0.11756519 0.99306991 0.41501768 -0.07622176 0.90662201 0 -0.04269893 0.99909206 0.96163215 -0.07447219 -0.26407238 0.85158537 -0.21063998 0.48005136 0.88364868 -0.15156349 0.44293933 0.94848277 0.03278853 -0.31513767 0.83735661 0.19115403 -0.51215404 0.89618223 -0.07130821 0.43792148 -0.59319818 -0.38611416 -0.70643116 0.31590996 -0.32679318 -0.89073579 0.92819669 -0.19626237 -0.31614046 0.80467365 -0.23308688 0.54605728 0.1291571 -0.28826856 0.94880672 -0.70277668 -0.28941932 0.64988861 -0.90292861 -0.29836064 0.30937846 -0.94484152 -0.23399212 0.22918022 -0.90135821 -0.23734622 -0.36225428 -0.9802657 -0.10175409 0.16952778 -0.7616126 -0.14514019 0.63158354 0.11272344 -0.20052565 0.97319015 0.79710348 -0.25100281 0.54921245 0.96190329 -0.25352463 -0.10233329 0.49948382 -0.17336447 -0.84880076 -0.6691663 -0.14101892 -0.72961087 -0.94881089 -0.14071799 -0.28277194 -0.90889807 0.26554333 0.32157008 -0.94384356 0.15185752 0.29342544 -0.80659245 0.21249261 0.55159992 -0.67361096 0.01960392 0.73882879 0.01618419 0.23899717 0.97088863 0.1706999 0.07192047 0.98270347 0.85362052 0.23586125 0.46443688 0.73196144 0.48127677 0.48231401 0.88507198 0.42585175 -0.18787987 0.93133153 0.24474808 -0.26968112 0.63605002 0.44932913 -0.62733093 0.47705998 0.33244322 -0.81357251 -0.44099735 0.53937727 -0.71735508 -0.33913813 0.29144206 -0.89445768 -0.89052741 0.23413152 -0.39006843 -0.89221721 0.29866731 -0.33874939 0.46982535 0.66504142 -0.58050841 0.78778602 0.60648593 -0.10761923 0.95932462 -0.24011988 -0.14850769 -0.51933336 0.60153613 -0.60701403 -0.78356923 0.54230427 -0.30321301 -0.9597136 -0.06780998 -0.27268978 0.64423016 0.57215738 0.50756418 0.80692093 -0.18334558 0.56149268 -0.00326353 0.65221349 0.75803001 0.12713234 -0.0816921 0.98852452 -0.71637405 0.64626864 0.26296856 -0.75742556 -0.06272906 0.64991549 -0.82790808 0.55752915 0.06118548 -0.98082914 -0.05499673 0.18697431 -0.81804351 0.5651198 0.10705651 -0.48541965 0.76775605 0.41823562 0.89201997 0.43958356 -0.10530102 0.68005052 0.5992614 0.42242645 0.50766152 0.57750546 -0.63936362 -0.42504855 0.79872746 -0.42587863 -0.50748348 0.83321641 -0.21958909 0.00000102 0.16611318 -0.98610969 0.5168401 0.02805229 -0.85562609 0.48136263 -0.38262872 0.78859896 0 -0.36656378 0.93039604 0.06460415 0.60411486 0.79429061 -0.31161703 0.44511281 -0.83951263 -0.45775392 0.27273735 -0.84621255 -0.4689235 -0.27248471 -0.84015958 0.07530049 -0.74753869 -0.65994868 0.63476119 -0.68051264 -0.36603893 -0.07618141 -0.94201394 0.32682575 0.18842543 -0.69720629 0.69166717 -0.33741055 -0.40560522 0.84950094 -0.49706274 -0.18302711 0.84819691 -0.41501414 -0.07621039 0.90662565 -0.96163215 -0.07447208 -0.26407238 -0.88365303 -0.15156966 0.44294249 -0.85158073 -0.21064087 0.48005458 -0.94838109 0.03374899 -0.31533707 -0.8379163 0.19235921 -0.51078408 -0.89635728 -0.07032609 0.43772851 0.59319818 -0.38611419 -0.70643122 -0.31590996 -0.32679318 -0.89073585 -0.92819669 -0.19626233 -0.31614046 -0.80355207 -0.23422395 0.54722827 -0.1215635 -0.28827336 0.94980611 0.70587892 -0.28945934 0.64650288 0.90292861 -0.29836064 0.30937849 0.94484152 -0.23399217 0.2291803 0.90135821 -0.23734624 -0.36225428 0.98026111 -0.10173275 0.16953989 0.76161749 -0.14516542 0.63157025 -0.1105488 -0.20088456 0.97336074 -0.79659296 -0.25053313 0.55015951 -0.96189555 -0.2535488 -0.10232612 -0.49948823 -0.17337295 -0.84880529 0.66916624 -0.14100894 -0.72961355 0.9488156 -0.14068823 -0.28276705 0.90889807 0.26554426 0.32155453 0.83058207 0.21038728 0.51563549 0.94385429 0.15185895 0.29341057 0.69039807 0.05494136 0.72134704 -0.0051334 0.36615013 0.93054624 -0.16248023 0.15840576 0.9739209 -0.85614191 0.27142688 0.43972035 -0.77103282 0.48607909 0.41140075 -0.88507567 0.42585393 -0.18788397 -0.93132975 0.24475663 -0.26968484 -0.63605216 0.44932552 -0.62733939 -0.47705929 0.33244558 -0.81357543 0.44100492 0.53937745 -0.71735168 0.33914508 0.29144322 -0.8944547 0.89053606 0.23413145 -0.39005606 0.89222633 0.29866969 -0.33874078 -0.46982255 0.66505137 -0.58050066 -0.95932176 -0.24009945 -0.14850953 -0.78777684 0.6064916 -0.10762677 0.51933127 0.60152248 -0.60701808 0.78358788 0.54228431 -0.30321593 0.95971342 -0.06780839 -0.27269237 -0.80692743 -0.18327072 0.56150144 -0.64423016 0.57215493 0.50756597 -0.12711664 -0.08167778 0.98852613 0.00326095 0.65221987 0.75802774 0.7574122 -0.06269059 0.64992461 0.71636409 0.64628068 0.26296931 0.98082884 -0.05496109 0.18699333 0.82792614 0.55751031 0.06116451 0.8180397 0.5651232 0.10704482 0.4854237 0.76776327 0.41823386 -0.89200829 0.43958219 -0.10531052 -0.680051 0.59926122 0.42242165 -0.50765633 0.57750689 -0.63935819 0.42505061 0.79872752 -0.42587145 0.50748378 0.8332154 -0.21958212 -0.51683932 0.02805285 -0.85562871 -0.48135852 -0.38263647 0.78859914 -0.06460078 0.60410538 0.79428441 0.29730105 -0.03510005 0.95414384 0.20199216 0.17431364 0.96375807 0.83101092 0.21045145 0.51491594 0.92813339 -0.24054069 0.28410845 0.93470349 0.13248957 0.3298351 0.79546089 0.49700173 0.34675173 0.46923806 -0.52512919 0.70997787 0.46744104 -0.74665535 0.47329553 -0.11529736 -0.68062774 0.72350395 -0.15684795 0.27157184 0.94955732 0.02017847 -0.10295981 0.99448379 -0.65986255 0.09021901 0.74595077 -0.55980873 -0.20807499 0.8020774 0.51952195 0.23679743 0.82099329 -0.22697551 0.43370624 0.87200145 0.65023801 -0.11220295 0.75140501 0.11878176 -0.39467685 0.91110994 0.40643554 -0.01992414 0.91347082 0.04321025 0.05243993 0.99769195 -0.32624836 0.11723925 0.93799033 0.65102402 -0.33515461 0.68107024 0.20490505 -0.23061653 0.95122667 0.20490505 -0.23061653 0.95122667 -0.29918563 -0.06083243 0.95226213 0.12810526 -0.86109279 -0.49205705 0.10507333 -0.99272599 0.05896286 0.14608599 -0.940789 -0.305905 0.30576508 -0.84240715 0.44369852 0.42363175 0.70032973 0.57453548 0.05626327 0.98533597 0.16110065 0.36040477 0.81819694 0.44796129 0.43583908 -0.20060026 0.87738631 0.86719207 -0.04177041 0.4962252 0.02147997 0.92802962 -0.37189419 0.04206704 0.95937975 -0.27899065 0.23204646 0.04945021 -0.97145476 0.20499041 -0.14455129 -0.9680322 -0.86533956 0.49233314 0.09389378 -0.38023864 0.89773737 0.22250063 0.43033447 0.78336383 0.44852107 0.75867582 0.40651326 0.50908082 -0.66886744 0.73586953 0.10544528 0.17264972 0.97780659 0.11870971 -0.27724864 0.61674503 0.73672772 -0.71630985 0.44425123 0.53809338 0.02642533 0.97425832 0.22390284 0.04206072 0.82238374 0.56738358 -0.09085923 0.30296831 0.94867005 -0.2644827 -0.76879025 0.58225363 -0.46490695 -0.88367496 0.0546381 -0.99640056 0.06526719 -0.05411782 -0.99856963 0 0.05357383 -0.72266359 -0.51531898 0.46067231 -0.72720528 -0.68638376 0.00834273 -0.32010011 -0.69059423 0.64855996 0.95289817 0.05675469 0.29796326 0.95996901 0.02839446 0.27866318 0.95996901 0.02839446 0.27866318 0.96588238 0 0.25902715 0.78545851 -0.43210073 0.44310733 0.33683674 -0.90113487 0.27298134 0.62794694 -0.63185647 0.45435675 -0.03527909 -0.99391481 0.10436054 -0.08950519 -0.99539586 0.0344327 -0.07906448 -0.99491151 0.06252153 -0.38913684 -0.90820684 -0.15410362 -0.04922649 -0.68441472 -0.72743107 0.11690017 0.59116703 -0.79803265 0.03181409 0.97608777 -0.2150648 0.1602617 0.79613776 -0.58351326 0.00107996 0.99991544 0.01310406 -0.3053817 -0.95193627 0.02397023 -0.38014482 -0.91750725 0.11693811 0.07184737 0.91936924 -0.38679688 0.0638122 0.96221342 -0.26472034 0.04504543 0.9921545 -0.11662857 0.08632335 0.90023162 -0.42677378 0.02242805 0.97920259 0.20165599 0.01873467 0.97871067 0.20442182 0.00591417 0.91886767 0.39452647 0.00660623 0.91799029 0.39655794 -0.00227436 0.77490122 0.63208547 -0.06819623 0.94951393 -0.30623044 0.00471635 0.39496552 0.91869082 0.02216865 -0.62217727 0.78257204 0.03468705 -0.8685473 0.49439918 -0.04709275 -0.83954178 -0.54126155 -0.01449322 0.22979727 -0.97313257 0.30476786 0.91321703 -0.27047514 -0.03666291 0.98754134 -0.15308118 -0.08206883 0.92640605 -0.3674777 0.51355177 0.85782515 0.02032389 0.35369055 0.93528147 -0.01240419 0.64542255 0.76383222 -0.00160606 -0.3819686 0.21505351 -0.89880686 -0.03586502 0.24682743 -0.96839817 0.27412211 0.2561973 -0.92694433 0.26091936 0.27094152 -0.92656465 0 -1.00000607 0 0.00083596 -1.00000119 0.00128836 0.00032972 -1.00000154 0.00163004 0.00176558 -1.00000274 0.00063301 0.00160768 -1.00000452 0.00058311 0.00161344 -1.00000357 0.00039498 0.00144788 -0.99999919 0.00143798 0.00150035 -1.00000226 -0.0000532 0.00161351 -1.00000107 0.0001254 -0.33678613 0.94154163 0.00895228 -0.25648307 0.95666446 -0.13790891 0.27478855 0.9612058 -0.02432315 -0.44683753 0.87845377 -0.16930513 -0.48344638 0.87295411 0.06505956 -0.8939312 0.2341124 -0.38221808 -0.98227187 0.18221569 -0.0441086 -0.93517383 0.20251202 -0.29058578 -0.97968354 0.15523098 0.12699143 -0.46593269 0.8725581 -0.14681447 -0.84654914 0.25534924 -0.46708955 -0.85579287 0.23622716 -0.46024524 -0.94064345 0.23394751 -0.24591026 -0.93901898 0.15426273 -0.30733411 -0.94064345 0.23394751 -0.24591026 -0.93274208 0.3112631 -0.18199609 -0.66350922 0.18221899 -0.7256493 -0.65417859 0.16673162 -0.73773927 -0.38280697 0.90829517 -0.16873282 0.57074034 0.81001101 0.13473071 0.97482624 0.05743871 0.21547099 0.99811246 0.01138722 0.0603853 0.98995217 0.04647799 0.13359898 0.97565903 0.10443655 0.19284558 0.95475771 0.1781502 -0.23814815 0.96773632 0.13311894 -0.21398633 0.95475771 0.1781502 -0.23814815 0.93912585 0.22268639 -0.26164814 -0.040228 -0.99862834 0.03354441 -0.37253283 -0.92786356 0.01740658 -0.02676446 -0.98986616 0.13949298 -0.43660294 -0.89729677 0.0651012 -0.17153866 -0.96292873 0.20822886 0.2256734 -0.9422827 0.24734964 0.33272122 -0.92289408 0.19382022 0.27939089 -0.94596537 0.16460005 0.00152736 -0.99999907 0.00135636 0.00154325 -0.99999859 0.00225728 0.00114422 -0.99999907 0.00365769 0.07878898 0.95540341 0.28461909 -0.16636346 0.88638519 0.43202679 -0.3630967 0.89826314 0.24756547 0.31308193 0.86870383 0.38386019 -0.39946638 0.87928526 0.25939956 -0.83983652 0.15398043 0.52055668 -0.85086374 0.12577575 0.51011806 -0.39659916 0.13453829 0.90808787 -0.00260469 0.14107973 0.98999759 0.67083338 0.05629408 0.73946989 0.67483422 0.08267962 0.73332322 0.98039456 0.01547495 0.19646273 0.98101242 0 0.19397214 0.92280902 0.28663885 -0.25744312 0.92280902 0.28663885 -0.25744312 -0.60769847 -0.73939789 0.28983062 -0.90327199 -0.25874349 -0.34229897 -0.27049442 0.62123051 -0.73546988 0.87523107 -0.46876856 0.11931428 0.87523107 -0.46876856 0.11931428 0.86700217 -0.48024156 0.13300834 -0.30476786 0.91321703 -0.27047517 0.08206997 0.92640962 -0.36747886 0.03666292 0.98753353 -0.15308034 -0.51354527 0.85782425 0.02032529 -0.35368665 0.93528702 -0.01240522 -0.64541349 0.76383264 -0.00160763 0.38197051 0.21505397 -0.89880888 -0.27412211 0.25619733 -0.92694445 0.03586502 0.2468274 -0.96839817 -0.26091936 0.27094152 -0.92656465 0 -1.00000607 0 -0.00032972 -1.00000143 0.00163004 -0.00083596 -1.00000107 0.00128836 -0.00176558 -1.00000238 0.00063303 -0.00161344 -1.00000333 0.00039499 -0.00160768 -1.00000441 0.00058312 -0.00144788 -0.99999883 0.00143799 -0.00150035 -1.00000476 -0.00005321 -0.00161352 -1.00000417 0.0001254 0.33678372 0.941543 0.00895065 -0.27478861 0.96120497 -0.02432358 0.25648489 0.95666244 -0.13790966 0.44683849 0.87845193 -0.16930627 0.48344426 0.8729553 0.06505853 0.89392387 0.2341275 -0.38222308 0.93517383 0.20252856 -0.29059293 0.98226865 0.18222357 -0.04410765 0.97968354 0.15523055 0.12699895 0.46593442 0.87255518 -0.14681754 0.84654914 0.25534924 -0.46708955 0.85578649 0.23623759 -0.46024843 0.94064345 0.23394748 -0.24591052 0.94064345 0.23394748 -0.24591052 0.93901898 0.15426273 -0.30733435 0.93274208 0.31126304 -0.18199637 0.65417621 0.16673098 -0.73773623 0.66350934 0.18221898 -0.72564907 0.38280509 0.90829154 -0.1687327 -0.57074552 0.81000553 0.13473091 -0.97482641 0.05742549 0.21547746 -0.98994728 0.04645951 0.13360524 -0.99811532 0.01136883 0.06039204 -0.97565903 0.10443655 0.19284557 -0.95475771 0.1781502 -0.23814815 -0.95475771 0.1781502 -0.23814815 -0.96773632 0.13311897 -0.21398633 -0.93912585 0.22268636 -0.26164814 -0.00152737 -1.00000059 0.00135635 -0.00154326 -0.99999698 0.00225728 -0.00114422 -0.99999406 0.00365769 -0.07879258 0.95540263 0.28461837 0.36309577 0.89826428 0.24756712 0.16636373 0.88638626 0.43203079 -0.31308402 0.86870234 0.38385762 0.3994724 0.87928126 0.25940635 0.83983283 0.15398386 0.5205574 0.8508632 0.12577566 0.51011848 0.39660384 0.13454253 0.90808685 0.00260469 0.14108009 0.98999651 -0.67084178 0.05628413 0.73947377 -0.67484501 0.08266384 0.73332412 -0.98039689 0.01546211 0.19646294 -0.98101242 0 0.19397214 -0.0492033 0.96936884 0.24065869 -0.0486988 0.96781721 0.24692499 -0.03559368 0.96328058 0.26614343 -0.04018236 0.96970965 0.24094281 -0.02937122 0.96842708 0.24757545 -0.00851222 0.963703 0.26684662 -0.03086898 0.9735864 -0.22622966 -0.0302041 0.49501976 0.86836336 -0.09291396 0.46762135 0.87903337 -0.14237272 0.39453782 -0.90778585 -0.76301742 -0.61532125 0.1980069 -0.40182929 -0.65571586 -0.63920102 -0.50261569 -0.51312017 -0.69576887 -0.26052686 -0.92922087 0.26205971 -0.08459136 -0.45288979 0.88755278 -0.04883832 -0.93470438 0.35207523 -0.09371138 -0.43466409 0.89570587 -0.10837697 -0.92825832 0.35580142 -0.108738 -0.31748588 0.94200977 -0.18056866 -0.38789137 0.90385165 0.01486941 -0.69564638 -0.71823103 -0.01275978 -0.77338851 -0.63381609 -0.13392086 -0.8837726 -0.44834359 -0.12168549 -0.40714468 -0.90522947 -0.17301598 -0.72433759 -0.66739628 -0.17077855 -0.89916651 -0.40292855 -0.00092729 -0.28912004 0.95729419 0.02529626 -0.77691884 0.62909606 -0.14181707 -0.84066985 0.52267271 -0.66003511 -0.61837921 0.42657941 -0.00534532 -0.75740583 0.65293608 -0.04147199 -0.26778954 0.96258875 -0.11964804 -0.08709012 0.98899265 -0.18057258 -0.17412097 0.96802702 -0.10987884 0.38511862 0.91631796 -0.04960619 0.8831123 0.46654092 -0.00713901 -0.28510552 -0.95847513 -0.00535306 -0.33359547 -0.94270654 -0.11374175 0.71253175 -0.69236419 -0.06463152 0.75613899 -0.65122626 -0.10370553 0.99454119 0.01160565 -0.19458531 0.98077508 0.01474058 -0.15043205 0.98851158 0.01466505 -0.09671242 0.99532112 0.00223693 -0.2291171 0.97340121 0.00248162 -0.23600996 0.97168304 0.01158425 -0.39785202 -0.77820296 -0.48593088 -0.49358334 -0.64665356 -0.58156931 0.01618995 -0.80310236 -0.59564143 -0.02066871 -0.93487849 -0.35436894 -0.00489083 -0.99200984 0.12606894 -0.13510599 -0.48922135 -0.86163501 -0.10319975 -0.94227048 -0.31858627 0.01515355 -0.99540325 0.09460582 -0.05505064 -0.24585862 -0.96774187 -0.00285259 -0.3467855 -0.93794705 -0.18039865 0.65726546 -0.73175139 -0.08369434 0.70057417 -0.70866782 -0.10291746 0.89293926 0.43826332 -0.21174879 0.32939492 0.92014541 -0.14180554 0.98949017 -0.02833659 -0.15429575 0.98792489 -0.01421454 -0.14431407 0.98920425 -0.02556851 -0.13334704 0.99039348 -0.03662181 -0.16329374 0.98657843 -0.00256232 -0.15631851 0.98764302 -0.01129763 -0.44846096 -0.74697817 -0.49084421 -0.58699101 -0.50027281 -0.63653359 -0.743473 -0.5294488 0.40860133 -0.19335437 -0.81897656 0.54029274 0.0191122 -0.84276001 -0.53795594 -0.01641788 -0.79954971 0.6003823 -0.05805342 -0.93988677 -0.3365237 -0.05083798 -0.78625185 0.61582157 -0.16513757 -0.98247631 0.08649924 -0.26326653 -0.54079985 -0.79890586 -0.27566164 -0.91174002 -0.30455653 -0.14551012 -0.98763277 0.05858628 0.00641419 -0.36509497 -0.93094852 -0.05449999 -0.37047679 -0.92724748 -0.0392971 -0.32648928 0.94438805 -0.04641521 -0.31478484 0.94803001 -0.20490352 -0.16241961 0.96521773 -0.26567855 -0.22681243 0.93700548 -0.1337224 -0.64619747 -0.75136859 -0.01599019 0.4266667 -0.90428074 -0.06280814 0.41789158 -0.90633358 -0.22724638 -0.93418052 -0.27508028 -0.10574176 -0.37404234 -0.92136617 -0.1063817 -0.38084455 -0.91850026 -0.10178457 -0.89821653 -0.42763357 -0.12599632 -0.97943683 -0.15764126 -0.5425021 -0.76009453 -0.35773315 -0.63756082 -0.57247668 -0.51556801 -0.02774672 0.99195924 0.12354535 -0.15600617 0.45564484 0.87638639 -0.04582794 0.94464888 -0.32488702 -0.08021675 0.95546868 -0.28399723 -0.05607768 0.94846733 -0.31187479 -0.00888805 0.93161114 -0.36334829 -0.08152047 0.95626458 -0.28091627 -0.07901018 0.95578404 -0.28327306 -0.25621163 -0.68921212 0.67774931 -0.0636241 -0.64653722 0.76023562 -0.12141894 -0.64743522 0.75239761 -0.20435881 -0.970333 0.12919498 -0.2884806 -0.9242505 0.25009474 -0.70395065 -0.48017608 0.52335697 -0.03749186 -0.14185465 0.9891807 -0.04968505 -0.12756949 0.99059077 -0.13809694 -0.04709385 0.98930456 -0.18891024 -0.08670833 0.97816141 0.03216714 -0.99868288 0.03999574 0.02439295 -0.98965963 0.14140336 0.37058438 -0.92866315 0.01592477 0.43660294 -0.89729671 0.06510052 0.17153721 -0.96292134 0.20822968 -0.2256734 -0.94228329 0.2473463 -0.33272122 -0.92289408 0.1938174 -0.28496473 -0.94296863 0.17210197 -0.01921702 -0.99968871 -0.01624166 -0.08526159 -0.99603101 -0.02575759 0.10731587 -0.99385389 0.02726718 -0.071824 -0.99742915 0 -0.40154626 0.84153889 0.3613707 -0.11571999 0.9671885 -0.22619756 -0.1255756 0.96483674 0.23093013 -0.36440797 -0.02974216 -0.93077024 -0.35274251 -0.56079143 -0.74906052 -0.87475519 -0.11058178 0.47178971 -0.64136759 -0.68454567 0.34649201 0.08035341 0.97492709 0.20752368 0.09854403 0.97136231 0.21622065 0.10300119 0.97230347 0.20981874 0.06984947 0.97908111 0.19111702 0.07100047 0.98129054 0.17896608 0.07530941 0.97915711 0.18863594 0.05490849 0.97615596 0.21001702 0.01112015 0.96984609 0.24347984 0.0938198 0.81443159 0.57262951 0.66763237 0.74411757 -0.02362274 -0.15332548 0.98268022 0.10408936 -0.20000663 0.95614859 0.21398709 0.31669126 0.68900737 0.65191499 0.86170803 0.355796 0.36176662 -0.0202579 0.96326061 0.26781883 -0.00723462 0.96839358 0.24934151 -0.02118464 -0.34645961 0.93782743 0.01782949 -0.65898821 0.75195898 0.97047659 0.08523629 0.2256516 0.75471009 -0.58895647 0.2890644 0.5758087 -0.36462207 -0.73177952 0.46318479 -0.58412766 -0.66653624 0.23193466 -0.90015348 0.36870538 0.02007473 -0.30796243 0.95119031 -0.01291817 -0.89052545 0.45475113 0.00738299 -0.30965526 0.9508272 -0.0254503 -0.88502096 0.46487089 0.99921235 0.01687031 -0.03609237 0.75136323 0.03293778 0.65907869 0.49272283 0 0.87019025 -0.97688099 0 0.21379539 -0.99408241 0 0.10864637 -0.9940817 0 0.10864629 -0.94914617 -0.00494091 0.31481327 -0.91086443 -0.00732914 0.41265564 -0.91264119 -0.01465773 0.40850945 -0.83505384 -0.01972859 0.54983365 0.04398957 -0.99894174 -0.01357154 0.19382295 -0.97905262 -0.06240451 0.2803829 -0.95044961 0.13431161 0.27406587 -0.95274313 0.13106459 0.22417404 -0.9729472 0.05587978 0.22890402 -0.97197695 0.05360767 0.16290302 -0.98652645 -0.01527696 -0.00417679 -0.63762406 -0.77034677 0.00614893 -0.79286421 -0.60938337 0.13667559 -0.9905785 0.00885122 0.13033564 -0.97002711 -0.20510184 0.20881811 -0.97771992 -0.02165085 0.21560015 -0.96533372 0.14716641 -0.01875159 -0.25627437 -0.96642824 0.03009012 -0.57083815 -0.82051293 0.00860283 -0.25596088 0.96665301 0.16263633 -0.82088278 0.54745793 -0.03205031 -0.77301908 0.63358244 0.69068149 -0.58323055 0.42755254 0.0289686 -0.75319506 0.65716437 0.06285448 -0.17922384 0.98180391 0.99561044 0.09353726 -0.00376891 0.05826516 -0.07637046 -0.99537643 0.06057179 -0.07694005 -0.99519535 0.0961903 0.9952726 0.01343592 0.07790612 0.99667355 0.02407603 0.07697004 0.99641832 0.03503841 0.09574436 0.99536743 0.0090834 0.15041585 0.98849966 0.01586106 0.19457867 0.98076298 0.01595873 0.23596566 0.97168245 0.01254644 0.22912791 0.97340109 0.00270715 0.43439334 -0.74195702 -0.51070153 0.53831285 -0.56842875 -0.6221886 -0.02701459 -0.7943734 -0.60684475 0.04168471 -0.94059052 -0.33697887 0.2403489 -0.9646528 0.10808428 0.07326544 -0.11196396 -0.99101313 0.99974986 -0.02197064 -0.00513064 0.01132847 -0.25749203 -0.96622171 -0.02364562 0.84993236 -0.52637553 -0.03915191 0.82558666 -0.56292009 -0.10683115 0.7405299 -0.66349194 0.04226462 0.90202429 -0.42962496 0.06804268 0.99745312 -0.02150157 0.03469321 0.99934246 -0.01120729 0.07634614 0.99685933 -0.02131663 0.02964416 0.99956014 -0.00097216 0.04177757 0.99854179 0.03428471 0.10236671 -0.99419972 0.03316499 0.0437982 -0.99903478 0.00386175 0.1121576 0.99305769 -0.03558593 0.12475877 0.99152651 -0.03638993 0.14464537 0.98902955 -0.03010075 0.15445754 0.98785844 -0.01675139 0.15639025 0.98761114 -0.01334769 0.16324098 0.98658266 -0.00315718 0.45646658 -0.72771121 -0.5119397 0.75242282 -0.52824723 0.39347874 0.5781626 -0.49615719 -0.64774993 0.19408579 -0.81320421 0.54867297 -0.02606628 -0.83248137 -0.55344409 0.00818418 -0.79017253 0.61284712 0.14856055 -0.93664785 -0.31722738 0.1253934 -0.76091827 0.63663271 0.32711313 -0.93318488 0.14891233 0.00912609 -0.30763881 -0.95146706 0.11083821 -0.22331414 -0.96842964 0.99982598 -0.01592612 0.00995095 0.02725316 -0.3036548 0.95239445 0.07460956 -0.22587924 0.97129692 0.13862059 -0.40461781 -0.90392633 0.19882407 -0.96316113 -0.18109363 0.09909233 -0.92482324 -0.36728088 0.10412955 -0.4814566 -0.87027018 0.52423054 -0.79483611 -0.30567308 0.61640921 -0.63645414 -0.46366697 0.03629296 0.91151144 -0.40968515 0.06086295 0.92967053 -0.36334045 0.05761804 0.93927737 -0.33830346 0.07970359 0.94654991 -0.31256117 0.07916722 0.94645758 -0.31297783 0.07795999 0.94615312 -0.31421549 0.26731177 -0.6364533 0.7235182 0.06501484 -0.58906227 0.8054785 0.16356866 -0.58808237 0.79209967 0.71703608 -0.42927348 0.54917854 0.0463483 -0.00935386 0.99888261 0.0496941 -0.00964602 0.99871888 0.44111859 -0.30903209 0.84257053 -0.34363426 -0.17323778 0.9229876 -0.34363426 -0.17323778 0.9229876 0.03220682 0.39220198 0.91932042 0.39234083 0.42865347 0.81383382 0.28642436 0.36809818 0.88457094 -0.18807578 0.30931036 0.93218066 0.72437442 0.24880008 0.64294735 0.72437442 0.24880008 0.64294735 0.37694449 -0.76406122 0.52358311 0.39721953 -0.73012532 0.55600005 0.39721953 -0.73012532 0.55600005 0.41646354 -0.69429425 0.58697384 0.38421266 0.36691071 0.84721325 0.62849179 0.25946372 0.73327286 0.71336234 0.11691181 0.69098041 0.8237112 -0.00378114 0.56699723 0.8237112 -0.00378114 0.56699723 0.85398595 0.00133379 0.52030038 0.7908705 -0.00888431 0.61192778 -0.0994968 0.20906807 0.97283008 -0.19646926 0.48384177 0.85282587 0.15684795 0.27157184 0.94955732 0.6598731 0.09020945 0.74594272 -0.0201463 -0.10296786 0.994491 0.55983692 -0.20808845 0.80205159 -0.51950532 0.23680116 0.82099978 0.22697551 0.43370624 0.87200139 -0.6501942 -0.11220715 0.75144036 -0.11873317 -0.39469151 0.91112085 -0.40639387 -0.01991541 0.91348763 -0.04317053 0.05244731 0.99769237 0.3262804 0.1172442 0.93797417 -0.65095386 -0.33514292 0.68114087 -0.20484316 -0.23060001 0.95125236 -0.20484316 -0.23060001 0.95125236 0.29921811 -0.06081985 0.95225259 0.72227675 0.47003775 -0.5073353 -0.31981237 0.4830234 -0.81511299 -0.60248295 0.79813076 0.00321211 -0.60248295 0.79813076 0.00321211 -0.33690558 -0.94025709 -0.04923462 -0.70983571 0.61279056 -0.34732757 -0.70983571 0.61279056 -0.34732757 0.47559063 0.60075072 -0.64258865 0.26024558 0.81570266 -0.5166285 0.19844635 0.23798817 -0.95078864 0.09859779 -0.98430659 -0.14640082 0.21993268 -0.96656521 -0.13186426 0.23847652 -0.96495672 -0.10955741 0.23847652 -0.96495672 -0.10955741 -0.30711986 -0.00794706 -0.95164367 0.47094621 0.60774174 -0.63943294 0.47094621 0.60774174 -0.63943294 -0.93487992 0.35138102 0.05038724 -0.93487992 0.35138102 0.05038724 -0.64115438 -0.04304308 -0.76620735 -0.25114256 -0.96646084 -0.05375438 -0.53342479 -0.82382403 -0.19180833 0.41512262 0.48996981 -0.7665611 0.5557754 0.73073 -0.39643081 0.43667533 0.69786004 -0.56773573 -0.91631909 -0.01778971 -0.40005787 -0.09110623 -0.21560838 -0.97222491 -0.91631909 -0.01778971 -0.40005787 0.44175871 0.71697868 -0.53926438 0.44175871 0.71697868 -0.53926438 0.42208641 -0.82337181 0.37935467 0.42208641 -0.82337181 0.37935467 0.65928468 -0.70234884 0.26844221 0.44417401 -0.88208024 0.15702214 0.65928468 -0.70234884 0.26844221 0.06081411 -0.18542008 -0.9807814 -0.35323782 -0.14936849 -0.92354025 -0.71606321 0.11156745 -0.68906746 -0.22233608 0.84443544 -0.48734896 -0.31373103 -0.9050022 0.28732499 -0.92735412 -0.24194086 -0.28544786 -0.87922941 -0.33176665 -0.3419096 0.00358448 0.78781159 -0.61591461 0.2421811 0.84529523 -0.47626178 0.67393813 -0.67067966 0.30983664 0.78020579 -0.55707061 0.28452235 0.64226613 -0.73666305 -0.21171505 0.82180063 -0.52936851 -0.21076819 0.82180063 -0.52936851 -0.21076819 0.39147715 0.03016519 -0.91970195 0.33304743 0.92581423 -0.1787483 0.33304743 0.92581423 -0.1787483 -0.90471478 -0.37717177 -0.19812463 -0.90471478 -0.37717177 -0.19812463 -0.12621672 0.16857694 -0.97757681 -0.24253563 0 0.9701425 0.75101758 0.61021266 0.25225034 -0.98050584 -0.04346381 -0.191641 -0.75101776 -0.61021266 -0.25224924 1 0 0 0.95123085 0.26369857 0.16008825 0 0 -1 0 0 1 -0.11688841 0.77179468 0.62505093 -0.66269252 -0.69196859 -0.2863903 -0.96408757 -0.03069877 0.26381242 -0.34299908 0.84794299 0.40418335 0.41527276 0.06469668 0.90739479 0.37166311 0.56545722 0.73629297 0.7037387 0.00784819 0.71042562 0.98363002 -0.17990037 -0.01060518 0.98363002 -0.17990037 -0.01060518 0.98363002 -0.17990037 -0.01060518 0.42480441 -0.39743783 -0.81338666 0.42480441 -0.39743783 -0.81338666 -0.78221453 -0.25546961 -0.56822979 -0.46764468 -0.33017559 -0.81993733 -0.46764468 -0.33017559 -0.81993733 -0.96545865 -0.13787297 -0.22112238 -0.10165618 0.88730697 -0.44985186 -0.09289665 0.86784033 -0.48808246 -0.44283613 -0.15646435 0.88285218 -0.23395228 -0.67159674 0.70301623 -0.73320705 -0.58305561 0.34994043 -0.9036363 -0.14922653 0.40147345 0.59515738 -0.23463272 0.76860113 0.54315692 -0.62281796 0.56311082 0.94970985 -0.21649791 0.22623531 0.80132203 -0.56344604 0.20102871 0.94909187 -0.23640972 -0.20818683 0.68067935 -0.7232383 -0.11665712 0.45757627 -0.45727032 -0.76259071 0.12361244 -0.92606505 -0.35655032 -0.62180755 -0.4798757 -0.61893305 -0.40496971 -0.88056646 -0.24620593 -0.96769323 -0.24527348 -0.05847427 -0.71951193 -0.69312039 -0.04349476 -0.47012167 0.34919508 0.81058626 -0.93856766 0.20463873 0.27788507 0.4868732 0.26783415 0.83140491 0.98551764 0.0814855 0.14874388 0.93327018 0.01984321 -0.35864563 0.54492801 0.10991452 -0.83125327 -0.53257948 0.050273 -0.84489332 -0.97596665 0.09923704 -0.19401824 -0.5680772 0.57847237 0.58537018 -0.91346969 0.36024247 0.18922847 0.49540182 0.61986664 0.60857293 0.94377102 0.2911534 0.15661275 0.91090884 0.33257402 -0.24424591 0.52020567 0.49603351 -0.69522968 -0.27211585 0.53351646 -0.80082713 -0.91773506 0.33130683 -0.21911602 -0.79337121 0.32526608 0.51455569 0.27096002 -0.02057774 0.96237822 0.97676303 0.00176628 0.21432432 0.88394581 -0.22598905 -0.40935766 0.43008794 -0.13410498 -0.89277433 0.01229411 -0.07251557 -0.99729671 -0.90276446 -0.12948523 -0.41019153 -0.01807795 -0.97309937 0.22967864 -0.54880291 0.10549621 0.82927505 -0.98720624 -0.07662565 0.1398299 -0.91632255 0.29133778 0.27473187 -0.29224672 0.49692636 0.81710265 0.80889188 -0.35290606 -0.47027181 0.95964583 -0.27233251 0.07021675 0.98008235 0.06593816 -0.18735715 -0.81624465 -0.15576182 -0.55631745 -0.322603 -0.38748874 -0.8635966 -0.36109631 0.11144872 -0.92584618 -0.87052576 0.11717443 -0.47798168 -0.1362919 0.84493874 -0.51721858 0.77352972 -0.17952419 0.60780838 0.29692044 0.23511191 0.92551168 0.27100571 -0.58330905 -0.7657134 -0.12266693 0.86914699 -0.479111 -0.04890111 0.85714375 -0.51275444 0.33145587 0.49394306 0.80384581 0.81965147 0.30188368 0.48687988 0.40694087 -0.01394764 -0.91335388 0.05705224 0.99078926 -0.12284602 0.21332116 0.88521551 0.41339429 -0.2034299 0.91852625 0.33901129 -0.47434806 0.87902032 -0.04820853 -0.34358148 0.84158586 -0.41676836 -0.0683422 0.81441878 -0.57624179 0.27741458 0.81673293 -0.50595813 0.52013325 0.82782207 -0.21018662 0.46545722 0.86908333 0.16749213 0.06985248 0.42236175 0.90373703 0.11283786 0.62793329 0.77005274 0.11165275 0.19435681 -0.97456242 -0.030002 0.83394782 -0.55103707 0.08644841 -0.87908803 -0.46876528 0.051612 -0.85150509 0.52181577 0.05110496 -0.59814578 0.79976476 -0.00492715 0.97904684 0.20358556 0.83689283 -0.14007256 0.5291537 0.03435981 -0.46304484 0.88567583 -0.14998295 -0.19640062 0.96898611 0.08199091 0.48956426 -0.86810814 0.10663287 0.11593321 -0.98752298 -0.0430625 0.59594846 -0.80187391 -0.02903216 0.10911438 -0.99361124 0.15297687 -0.40450769 -0.90165146 0.44417711 -0.2531788 -0.85942595 -0.08198885 0.48956241 -0.86810724 -0.10663549 0.11592934 -0.98752089 0.02923063 0.3143921 -0.94884433 -0.04299563 0.57697385 -0.81563334 -0.12904299 -0.04332376 -0.99069687 -0.26278424 -0.39629264 -0.87972156 -0.44418134 -0.25318488 -0.85942082 -0.16850399 0.01958649 -0.98551114 -0.87038736 -0.01610957 0.49211486 -0.8397641 -0.13601224 0.52565151 -0.03435628 -0.46304243 0.8856784 0.1499817 -0.19639528 0.96899184 -0.30003024 0.37476028 0.87724219 0.37626682 0.32751114 0.86670564 0.30346177 0.29041591 0.90751245 -0.35193248 0.23489695 0.90607275 -0.2905927 0.58630865 0.75617612 0.2217106 0.55586749 0.80116705 -0.72577382 0.46114569 0.51049882 -0.78961004 0.12504115 0.60073599 -0.76456077 0.1103131 0.63505188 0.29704645 0.37444497 0.87839417 -0.3034641 0.29041245 0.90751566 -0.37626682 0.32750396 0.8666998 0.35193639 0.23490425 0.90607919 0.28527194 0.58683037 0.75779451 -0.2217106 0.55586749 0.80116705 0.71812285 0.46529757 0.51749902 0.78746284 0.12376124 0.60381696 0.75997014 0.1076967 0.64098135 0.05105778 -0.99284001 0.10811253 0.90947254 -0.34844296 0.22682559 0.96108856 -0.1758263 0.21309347 0.91062148 -0.26579811 0.31642972 0.84227501 -0.30439763 0.44487803 -0.05095818 -0.99283024 0.10813766</float_array>
          
            <technique_common>
              <accessor source="#asterix_geom_normals_array" count="1950" stride="3">
                <param name="X" type="float"/>
                <param name="Y" type="float"/>
                <param name="Z" type="float"/>
              </accessor>
            </technique_common>
          </source>
        
          <source id="asterix_geom_tangents" name="tangents">
            <float_array id="asterix_geom_tangents_array" count="5850">0.84098254 -0.25112166 -0.47926812 0.87452762 0.01807665 -0.4846447 0.99994447 0.01055255 -0.00343451 0.99635514 0.082906 -0.02024128 0.9454173 -0.07902659 -0.31615577 0.94249239 -0.07799433 -0.32501618 0.94419291 -0.04948866 -0.32567616 0.93982192 -0.08286893 -0.33147482 0.94055953 -0.09076588 -0.32729147 0.93079974 0.09137379 -0.35392861 -0.25233402 0.25104671 0.93451097 -0.46289845 0.13742139 0.87569914 -0.61955801 0.05419837 0.78308643 -0.6214501 0.0473534 0.78202386 -0.65382818 -0.09025133 0.75124461 -0.62714383 -0.1690755 0.76033468 -0.40491213 -0.17576917 -0.89730995 -0.23642638 -0.07573772 -0.96869411 -0.08932998 0.01249475 -0.99593075 -0.06808766 0.02277515 -0.99742689 -0.09803773 0.14624696 -0.98438533 -0.11057086 0.1663797 -0.97984924 0.75808359 0.15371716 0.63378254 0.7931806 0.03180236 0.60816684 0.6909273 -0.0357171 0.72204418 0.67283204 -0.16976684 0.72005952 0.6704993 -0.1276336 0.73085309 -0.99800941 -0.05890888 -0.02282675 -0.99799558 -0.0533557 -0.03407866 -0.98469557 0.00081723 -0.17428752 -0.98333599 -0.00014013 -0.18182846 -0.98359837 0.05575428 -0.17155924 -0.98336281 0.04932224 -0.17487004 -0.84446595 -0.23949987 -0.47909619 -0.87423222 0.03069939 -0.48454364 -0.94423779 -0.04631766 -0.32599576 -0.92771526 0.10314676 -0.35877542 0.2373733 0.25424873 0.93756141 0.46406182 0.1380207 0.87499253 0.61495867 0.02268902 0.78823418 0.61831936 0.03216206 0.78527046 0.63639054 -0.07875368 0.76733685 0.626928 -0.15961732 0.76256067 0.41828798 -0.17349786 -0.89159636 0.25962135 -0.07047522 -0.96314128 0.10385328 0.00750211 -0.9945698 0.1353263 0.01829725 -0.99063792 0.09928026 0.1380425 -0.98544027 0.12649069 0.16224659 -0.97861381 -0.76071365 0.1496154 0.63161102 -0.79255606 0.03425744 0.60884252 -0.68291036 -0.0356794 0.72963364 -0.65826747 -0.16565629 0.73433156 -0.65679023 -0.12506057 0.74363399 -0.96709188 -0.25077652 0.04301793 -0.99993595 -0.00307661 -0.01105048 -0.85249804 -0.51965856 0.05667365 -0.12479552 -0.71281118 -0.69016669 0.80360345 -0.57504516 0.15347053 0.32178809 -0.55809676 -0.76484347 0.99818566 0.00697224 0.05991041 0.85283052 0.5055204 -0.13092504 -0.84435879 0.49682411 -0.20055949 -0.99660452 -0.07462812 -0.0349989 -0.98671313 -0.15256521 -0.05599735 -0.99945756 -0.03016805 0.0137381 -0.99066594 0.13068918 -0.03883749 0.99773821 -0.0524875 -0.04216821 0.97845342 0.18046082 -0.10037513 0.998351 0.00911709 -0.05670636 0.96253272 -0.24941123 0.1064952 0.99994387 0.01112845 -0.00132816 -0.98965551 -0.02684125 -0.1409777 -0.95089634 -0.30946637 0.00607434 0.12782257 0.23056003 -0.96462669 -0.20320351 0.16215197 -0.96561994 -0.98172756 0.11157934 -0.15416427 -0.85905026 0.48831837 0.15359455 -0.74197955 0.44846409 0.49835064 -0.76452643 0.22133351 0.60540685 -0.88915275 0.06244494 0.4533441 -0.99541434 -0.03950994 -0.08717274 0.89571111 -0.30454372 0.3239672 0.69542519 -0.37909974 0.6104649 0.76211435 0.49585872 0.4163109 0.81359993 0.58127355 0.01383346 0.11392114 -0.18129338 -0.97681482 0.20613285 -0.24946626 -0.94619222 0.36944122 -0.48263912 -0.79408826 0.31260691 -0.67023191 -0.67311379 0.54770004 -0.71069504 -0.44151707 -0.38744642 -0.57725465 -0.71879668 -0.16763082 0.49138921 -0.85465823 0.01331653 0.29302275 -0.95601918 -0.16707658 0.6115776 -0.77335025 0.04242102 0.12436719 -0.99133464 0.30477039 0.19447195 -0.93236645 0.45476105 0.54087811 -0.70757265 0.43627988 0.40815406 -0.80191783 0.1077578 0.15758042 -0.98161056 -0.07544488 -0.25063622 -0.96514012 -0.05944926 -0.23175254 -0.97096445 0.78760458 -0.29983055 -0.53831446 0.92256256 -0.17158447 -0.34559746 0.92694016 -0.16573011 -0.3366297 0.78235925 -0.29299751 -0.54961419 0.39745747 -0.31400339 -0.86222593 -0.05366656 -0.44766461 -0.89259784 0.09126902 -0.40567904 -0.90945401 0.4191833 -0.31014995 -0.85328411 -0.44431232 -0.46334018 -0.76675577 -0.3038788 -0.43935587 -0.84535555 -0.75228281 -0.25748774 -0.60644695 -0.85633175 -0.29742172 -0.42218142 -0.95167019 -0.08044639 -0.29641661 -0.93708112 -0.13781878 -0.32079054 0.84662942 0.24558195 0.47214459 0.71727497 0.34705679 0.60421494 0.92664136 0.1600838 0.34017055 0.92256321 0.17158455 0.3455977 0.04089052 0.45007434 0.89206247 0.40392442 0.32815693 0.85391037 0.04824726 0.44766866 0.89290457 0.37701146 0.34473209 0.85966639 -0.3172753 0.42718716 0.84666841 -0.46070712 0.42237829 0.780612 -0.76110507 0.22050192 0.61000416 -0.84321235 0.34473757 0.41249521 -0.95086773 0.08152101 0.29867267 -0.93708112 0.13781878 0.32079054 0.15793477 0.10215124 0.98215624 0.30732097 -0.0576838 0.94986006 0.17845691 -0.32272328 0.92952188 0.5545662 -0.37787695 0.7413962 0.23538525 -0.23161484 0.94390573 0.27070519 -0.79463894 0.54339492 0.28933182 -0.71183998 0.63998041 0.33681656 -0.41147535 0.84690814 0.64196828 -0.61577335 -0.45683842 0.08717245 -0.3841363 0.91915788 0.25617969 -0.40798979 0.8763154 0.3029959 0.04795047 0.95178523 0.24508428 -0.24849141 0.9371207 0.24508228 -0.24849106 0.93712129 0.2565639 -0.19948974 0.94572314 0.23096653 -0.30640541 0.92346336 -0.39287047 -0.87894617 0.27040335 -0.14983877 -0.98048528 -0.12727732 -0.36358388 -0.93145021 0.0145458 0.20481799 -0.13338214 0.96967365 0.03227478 0.29479956 0.95501854 0.25593614 0.10958866 0.96046551 0.01558867 0.03483693 0.9992741 0.72225953 0.16496281 0.67166862 0.22088585 -0.07449006 0.97245188 0.24401649 -0.31786723 0.91620417 0.36671351 -0.21117581 0.90605434 0.24464905 0.21969373 0.94440325 0.24269151 -0.07663827 0.96708014 0.09635359 -0.93794431 -0.33313839 0.05068382 -0.99841257 -0.02472627 -0.15359103 -0.98141875 -0.11504684 0.25051492 -0.0688246 0.96566673 0.25163665 -0.07194559 0.96514954 0.18850007 0.04195375 0.98117813 0.09148369 -0.94566389 0.31201984 -0.09111691 -0.9436452 0.31818105 0.21920689 -0.25284588 0.94234689 0.41608824 -0.55094528 0.72342242 0.40522562 -0.31373595 0.85870497 0.39087843 -0.46112307 0.7966146 0.32182114 -0.35701369 0.87691609 -0.03410916 -0.9268799 0.37380646 0.16275554 -0.78121079 0.60267899 0.19575463 -0.13104505 0.97186055 -0.31996985 0.20603389 0.92475363 0.07662461 0.38980301 0.91771169 0.07662461 0.38980301 0.91771169 0.698791 0.6935992 -0.17498808 0.2359662 0.96445378 -0.11902838 0.2359662 0.96445378 -0.11902838 0.06868144 0.20527258 -0.97630181 0.06868144 0.20527258 -0.97630181 -0.19057628 -0.82884542 -0.52602422 -0.19057628 -0.82884542 -0.52602422 -0.19183162 -0.74010671 0.64455024 -0.19183162 -0.74010671 0.64455024 -0.15793421 0.10215145 0.98215457 -0.17845608 -0.32272331 0.92951848 -0.30732043 -0.05768394 0.94985833 -0.55594259 -0.37537236 0.7416426 -0.23545929 -0.22874541 0.94458439 -0.25617974 -0.40798979 0.8763154 -0.27883222 0.27779125 0.91929682 -0.64197377 -0.61577258 -0.45683771 -0.33681656 -0.41147541 0.84690808 -0.28933182 -0.71183998 0.63998041 -0.27070519 -0.79463894 0.54339492 -0.30299593 0.04795048 0.95178511 -0.24508437 -0.24849144 0.93712081 -0.24508234 -0.24849109 0.93712141 -0.25334298 -0.2135723 0.94350805 -0.23573252 -0.28918152 0.92779883 0.14983802 -0.98048504 -0.12728051 0.39287116 -0.87894521 0.27040478 0.36358391 -0.93145021 0.01454654 -0.2048179 -0.13338166 0.96967377 -0.0322747 0.29480001 0.9550183 0.00687971 -0.06439231 0.99790742 -0.25593626 0.10958857 0.96046551 -0.67863008 -0.19438122 0.70829881 -0.22077268 -0.07392332 0.97252079 -0.24401613 -0.3178667 0.91620262 0.23121621 -0.97207047 -0.04032019 -0.24460822 0.22098925 0.94410857 -0.24036912 -0.12405922 0.96272536 -0.05068382 -0.99841257 -0.02472627 0.1988957 -0.89022277 0.40981852 0.15359103 -0.98141887 -0.11504684 -0.18850071 0.04195425 0.98118277 -0.09148415 -0.94566395 0.31201966 0.09111734 -0.94364514 0.3181812 -0.22143594 -0.19948913 0.95455875 -0.41608824 -0.55094534 0.72342242 -0.39087843 -0.46112307 0.7966146 -0.40522562 -0.31373595 0.85870497 -0.31455557 -0.34154226 0.8856663 0.03410914 -0.92687978 0.37380646 -0.1627555 -0.78121061 0.60267904 -0.18747776 -0.06385796 0.98019203 -0.3181013 -0.20206185 -0.92628248 -0.3181013 -0.20206185 -0.92628248 0.07901999 -0.38647456 -0.91891463 -0.69879076 0.69359962 -0.17498816 -0.2359662 0.96445378 -0.11902838 -0.52689039 0.7857917 -0.32393519 -0.47347336 -0.14921276 -0.86809109 0.19057607 -0.82884542 -0.52602422 0.19057607 -0.82884542 -0.52602422 -0.19464655 0.73775697 -0.64639726 0.99994501 0.00273269 0.01013393 0.78960938 0.60091445 -0.12419889 0.67444524 0.68500903 -0.2755008 0.99216857 -0.11454891 -0.04984693 0.64036134 0.71418709 -0.28262424 0.67073163 0.68419108 -0.28637492 0.78927589 0.54267996 -0.28730803 0.97598143 0.08284559 -0.20150518 0.69990895 -0.56649661 0.43498882 0.85899584 -0.45099663 0.24235908 0.63140866 -0.67499957 0.38171504 0.63961026 -0.66392246 0.3874497 0.73216421 -0.54787242 0.40468787 -0.24252992 -0.07948569 0.96688422 -0.24261601 -0.07948796 0.96686246 0.23929555 -0.14302712 0.96035798 0.24260364 -0.07785975 0.9670095 -0.01488997 0.33333112 -0.9426929 0 0.36241151 -0.93203016 -0.00089912 0.21908086 -0.9757085 0.24607945 -0.07708287 -0.96618422 0.10053022 -0.47459858 -0.87445114 0.06231066 -0.4783897 -0.87593834 0.28937485 -0.28989481 -0.9122652 -0.3343506 -0.45387795 -0.82595907 -0.1851319 -0.68212369 -0.7074228 0.02240203 -0.85107379 -0.52456796 0.00050119 -0.95227101 -0.3052677 0.02159152 -0.93538823 -0.35296591 -0.09721688 -0.36682005 -0.92520418 -0.34167127 0.14665342 -0.92830809 -0.22075117 -0.06895797 -0.97289242 -0.17867237 -0.51623851 -0.83760361 -0.34473987 -0.35349532 -0.86959712 -0.13279522 -0.53303968 -0.83561133 0.32604323 -0.44875627 -0.83205514 0.24728168 -0.71716834 -0.65156362 0.27839827 -0.86377381 -0.41999953 0.90654137 -0.26705661 -0.32691224 0.8827443 -0.19159649 -0.42901831 0.73224176 -0.58230704 -0.3531916 -0.77985848 0.23809687 -0.57890933 -0.93732967 0.06330228 -0.34264706 0.99990179 0.01289167 -0.00597298 0.66256383 -0.25822606 -0.70309687 0.91120513 0.40580927 0.07089688 0.45409202 -0.42934241 -0.78068752 -0.53316295 -0.33770506 -0.77569593 -0.69350043 -0.26763301 -0.66891185 -0.99991222 -0.01234374 0.00563189 -0.9393086 -0.19498548 0.28228154 0.89553361 -0.35227259 -0.27190225 0.37032093 -0.57856076 -0.72672916 -0.80314551 0.10570949 -0.58633643 -0.7293169 -0.32078172 -0.60432533 0.80694847 0.54378098 0.23051823 -0.75218905 -0.14885842 0.64192549 0.71648938 0.20382106 0.66717032 0.45155119 0.35686509 0.81777827 -0.52778154 0.24949624 0.81191884 -0.6778563 0.18671761 0.71109075 0.40793391 0.54342228 0.73368371 -0.46365576 0.26287597 0.84612195 0.86101542 -0.49961468 0.09512629 0.86003177 -0.50022763 0.10060033 0.83886896 -0.44722592 0.31032739 0.67992428 -0.57631713 0.45340153 -0.52315092 0.30558868 0.79556961 -0.4572564 0.16635334 0.87363855 -0.44121249 -0.0397268 0.89652376 -0.80455915 -0.39727436 0.44143303 -0.09733508 -0.03114681 0.99476954 -0.17810678 0.00038861 0.98401131 0.67508748 -0.38861845 0.62709418 0.72191942 -0.14598609 0.67640618 0.93556108 -0.34879933 0.05542873 0.90725352 0.07645165 0.41359066 0.99484738 0.09331437 0.03970384 0.84911345 -0.16078324 0.5031498 0.6579074 0.446918 0.60616478 0.57566702 0.06813959 0.81484787 0.55242032 -0.03504795 0.83282898 0.74331421 -0.38632132 0.54611539 0.82739101 -0.07806633 0.55618334 0.16173905 -0.15689906 0.97428175 -0.26347389 -0.13368904 0.95536395 -0.37672804 -0.0928431 0.9216608 -0.02555395 -0.27015775 0.96247955 0.57878136 0.27091407 0.76916689 0.40401115 -0.17314714 0.89822321 0.226095 -0.2293325 0.94673159 0.61711815 0.05260566 0.78511209 -0.06180492 -0.10270291 0.99279042 0.23094033 -0.5652188 0.79197187 0.2364463 -0.01772066 0.97148504 -0.32311521 0.86631749 -0.38090788 -0.32428367 0.91544469 -0.23833003 -0.26806235 0.85560273 -0.44282319 0.39235456 -0.81384079 -0.4286428 -0.11364008 -0.96296116 0.24454322 -0.11364008 -0.96296116 0.24454322 0.92559173 -0.28941237 0.24402627 0.91757436 -0.30455966 0.25556641 0.91757436 -0.30455966 0.25556641 0.89889716 -0.21762488 0.38030992 0.20357529 -0.75352658 0.62510833 0.73539431 -0.14914056 0.66102776 0.79828788 -0.21963901 0.56080126 0.58742785 0.03739235 0.80841802 0.64153424 0.1760596 0.74662716 0.86486731 0.3536451 0.35629033 0.80745248 0.29940831 0.50831371 0.92835404 -0.33428447 0.16252009 0.10642105 0.17823083 0.97822388 0.45902096 0.04983266 0.88703148 0.5541268 -0.24511444 0.79553182 0.57793021 0.12998483 0.80567185 0.72870517 -0.14554896 0.66918454 0.2925696 -0.11815309 0.94891699 0.67691621 0.00629395 0.73603982 0.43538012 -0.10057718 0.89461802 -0.02993532 -0.40213438 0.91509898 -0.15360675 -0.15285454 0.97624584 -0.42190962 -0.30754541 0.85288273 0.2876946 -0.12305479 0.94979187 0.04707892 -0.53881859 0.84111391 0.87848316 0.13567598 0.45811471 0.92747416 0.30335913 0.2185578 0.77726114 -0.03702307 0.62809792 0.99301573 0.10898387 0.04527317 0.9996151 0.02721797 0.00559567 0.81993632 -0.1531355 0.55159819 0.73215837 -0.18153944 0.65649918 0.1217375 0.20432437 0.97131701 0.27694856 0.06842117 0.95845034 0.20941085 0.0262673 0.97748186 -0.16485781 -0.20915516 0.96389331 0 -0.261276 0.96526833 0 -0.27171867 0.96238103 -0.12460209 -0.18525455 -0.97476377 -0.25918567 -0.18534885 -0.94788202 -0.24704773 -0.18575656 -0.95104077 -0.02650412 -0.38725905 -0.92159327 -0.15490692 -0.41417043 -0.89692383 0.06226851 -0.41768112 -0.9064646 0.33168034 -0.42795213 -0.84074388 -0.25783291 -0.36641045 -0.8940249 -0.27980932 -0.52659326 -0.8027498 0 -0.48761575 -0.8730611 0.60735145 0.77643473 0.16815786 0.6969314 0.68116483 0.22429804 0.95624109 0.2534883 0.1461448 0.94516494 -0.20901937 -0.25097674 -0.82722299 -0.4362584 -0.35410465 -0.94583448 -0.2212122 -0.23762725 0.89415763 0.44756957 -0.0128861 0.90405698 0.426333 0.03036675 0.94917269 0.23058426 0.21426669 0.68019119 0.35249038 -0.64272103 0.94793572 0.02781105 -0.31726818 0.94793572 0.02781105 -0.31726818 0.96773626 0.2406529 0.07472166 -0.95811304 0.07093281 0.27749338 -0.68055043 0.65009842 0.33799584 -0.94986953 0.15705366 0.2703554 -0.91972436 0.04860284 0.38955884 0.77951486 -0.58335769 -0.22817361 0.93782719 0.23680858 0.25378587 0.96547397 -0.20389458 -0.16213391 0.72766895 -0.36826639 -0.57868957 -0.04180663 -0.41396155 0.90934046 0.41777416 -0.31113739 0.85361807 0.6349102 -0.45547341 0.62405291 0.76848681 -0.63954887 -0.02026305 0.69206039 -0.72159631 -0.01911218 0.51217824 -0.72801996 -0.45571154 -0.35198446 0.63470724 0.68793872 0.76594008 0.52467215 0.37156327 0.44864195 -0.87677805 0.17318627 -0.46964287 0.27576565 -0.83868317 -0.08052998 -0.37967427 -0.9216121 0.22552357 -0.88349317 0.41059708 0.83515619 -0.51193386 0.20110173 -0.11664169 -0.95511671 0.2723517 0.17744511 -0.59656346 0.78271014 0.21680174 -0.47864126 0.85082398 0.22477897 -0.39318179 0.89156483 -0.7019285 -0.03907741 0.7111795 -0.98334827 0.17230111 0.05778746 -0.71749312 -0.01478302 0.69641772 -0.98946782 0.1411164 0.03240403 -0.49861222 -0.16917815 0.85015915 -0.0520276 -0.28905549 0.95590248 0.21751284 -0.60725895 0.76416285 0.69178936 -0.38211943 0.61271742 0.67116073 -0.67856476 0.2984876 0.96783259 -0.25108459 -0.01628984 0.93046864 -0.36529435 -0.02817125 -0.01261316 -0.07675231 0.99697682 -0.24525747 -0.13330341 0.96025028 -0.18888647 -0.09708477 0.97719284 0.32552178 -0.2573592 0.90983744 -0.67839083 -0.35787384 0.64165375 -0.56329226 -0.64184627 0.52032434 -0.53550475 -0.58797538 0.60624537 0.00435261 -0.22782557 0.97369869 0.28219327 0.94867053 -0.14282908 0.27376755 0.95157912 -0.13985982 -0.2913784 0.11913617 0.94916745 -0.62556538 0.27150764 0.73140914 0.47749316 0.35956593 0.80169825 0.66892228 -0.09665123 0.73702211 0.55327219 0.1959704 0.80962871 0.92260476 -0.292777 0.25117319 -0.98424902 0.17483006 -0.02649175 -0.99214663 0.1148776 0.04961479 -0.97961743 0.20090296 0 -0.97489854 0.22218124 -0.01445593 -0.94729825 -0.31103574 0.07671101 -0.96871754 -0.13492217 0.20829958 -0.95752063 -0.21564104 0.19148604 -0.98808279 0.15392102 -0.00185759 -0.99924257 0.03225231 0.02191294 -0.99754383 0.05309931 0.04578341 -0.98005434 0.15795442 0.12063457 -0.97834112 0.15350401 0.13892291 -0.98965599 -0.01962725 -0.14211919 -0.99672248 -0.07584969 -0.02820614 -0.98220303 0.10065991 -0.1585949 -0.95996507 -0.01468534 -0.2797464 -0.95930841 -0.27795877 -0.04974926 -0.98615106 -0.14304557 -0.08394435 -0.99587145 -0.06194076 -0.06642112 -0.99879446 0.03736761 0.03185058 -0.99095043 -0.11144073 -0.07489483 -0.99922099 0.03811365 -0.01074024 -0.9993731 0.03536419 -0.00176371 -0.9865575 0.16234415 -0.01901377 -0.99485757 0.09751426 0.02751462 -0.99860599 0.0498749 -0.01744637 -0.98904904 -0.14185035 0.04076892 -0.99831393 -0.05148435 0.02699677 -0.99256917 -0.01902992 0.12023413 -0.95409831 -0.06224452 -0.29299441 -0.9776441 0.1619545 -0.13414648 -0.97847678 -0.14685334 -0.14502704 -0.98931923 0.01079555 -0.14539442 -0.98618557 -0.05348557 -0.15682001 -0.99721881 -0.00464661 -0.07440057 -0.99377348 -0.11145572 0 -0.99113449 -0.12959448 0.02933122 -0.99707308 -0.0732498 -0.02209381 -0.99124493 -0.00328529 0.13201992 -0.9788272 0.20189194 -0.03392068 -0.97628452 0.21391428 0.03337306 -0.83827196 0.36139111 0.40830003 -0.96492108 0.26167768 0.02151936 -0.01945669 -0.97923692 -0.20180643 -0.00089852 -0.98942353 -0.14512258 -0.07184952 -0.93390759 -0.35023375 -0.29389175 -0.8442965 -0.44810911 0.18238995 0.96275087 0.19962668 0.19454533 0.95819446 0.20981894 0.1893299 -0.37794293 -0.90626856 -0.2149722 -0.20304648 -0.95528736 -0.27457216 0.03236885 -0.96102895 -0.19878734 -0.02260064 -0.97978838 0.27536821 -0.03474411 0.96072116 0.27457382 -0.03236903 0.96103474 0.27565931 0.07761958 0.9581218 0 -0.13308691 0.99111893 0.09397311 0.07838673 0.99249139 0.0931821 0.2726058 0.95760991 0.08103798 0.30934368 0.9474919 0.04189583 0.60388115 0.79597403 -0.37706782 0.52458226 0.76330651 -0.38123898 0.55142408 0.74202914 0.52687293 -0.04737533 0.84862523 0.52187812 -0.21229836 0.82618569 0.38820253 -0.381061 0.83911274 0.38256468 -0.50412994 0.77427412 0.41273939 -0.4401026 0.79747082 0 -0.64751056 0.76206596 0 -0.25086992 -0.96802189 -0.83027999 -0.46361192 0.30936111 -0.6739817 -0.58395034 0.45250597 0.45418646 -0.05823282 0.88900469 0.44872441 0.11567462 0.88616054 0.08650314 -0.03500252 0.99564322 -0.72191937 -0.14598606 0.67640618 -0.9072534 0.07645171 0.41359063 -0.84911363 -0.16078327 0.5031498 -0.55242038 -0.03504799 0.83282898 -0.74331421 -0.38632132 0.54611545 -0.1617392 -0.15689912 0.97428175 0.48799049 -0.21581989 0.84575067 0.40005707 -0.12427428 0.90802993 -0.06237645 -0.02878951 0.99764552 -0.57878142 0.27091407 0.76916683 -0.40400552 -0.17314804 0.8982238 -0.24229536 -0.25140079 0.93707212 -0.13924707 -0.44512676 0.8845769 0.06716096 -0.10411981 0.99230065 -0.23643995 -0.01772183 0.97149219 -0.19656881 -0.76034833 0.6190584 -0.7597738 0.1448235 0.63385502 -0.64718154 0.16770134 0.74366189 -0.68772844 0.19282281 0.6998953 -0.80922924 -0.29852855 0.50599825 -0.74844284 -0.06746929 0.65975878 -0.88816987 0.24335565 0.38980381 -0.47186135 0.05817016 0.87975393 -0.10578371 0.2243491 0.96875622 -0.61261389 -0.01138953 0.79030294 -0.58189261 0.14790703 0.79970736 -0.72095824 -0.17681845 0.67004517 -0.27940088 -0.07048658 0.95759126 -0.41480263 -0.060295 0.90791877 -0.6686891 0.05403955 0.74158067 0.06065044 -0.38195871 0.92219146 0.16962431 -0.12750433 0.97723033 0.36003883 -0.33839212 0.86941086 -0.15565721 0.00533305 0.98780235 -0.02884345 -0.52151036 0.85275917 -0.8809952 0.12638683 0.45593189 -0.78104574 -0.04556484 0.62281308 -0.819939 -0.15313851 0.55159485 -0.67855325 -0.1568865 0.71760935 -0.66077408 -0.12509628 0.74009294 -0.07992087 0.04736171 0.99567958 -0.20400704 0.01550816 0.97884901 -0.21060706 -0.02429777 0.97727587 -0.58942347 0.04797191 0.80640135 -0.58417594 0.04875197 0.8101664 -0.58073514 0.04925956 0.81260757 -0.66264037 0.21483172 0.71746821 -0.64977953 0.21791101 0.72822208 -0.71600104 0.2053194 0.66723398 -0.65673152 0.46003266 0.59756279 0.17989551 -0.25750046 0.94938769 0 -0.31305553 0.94974234 0 -0.31305556 0.94974234 0.15144226 0.12757889 -0.9802021 0.16277006 0.12696407 -0.97846194 0.18844307 0.12709256 -0.97382988 -0.08606437 -0.24481037 -0.9657497 0.12620562 -0.24267196 -0.96186556 -0.01527494 -0.22536125 -0.97415574 -0.33167516 -0.42796494 -0.84074549 0.25810232 -0.36637784 -0.89395236 0.28560101 -0.63597235 -0.71692616 0.03201535 -0.26305535 -0.9642547 0.7336982 -0.62342402 -0.27025332 0.73802621 -0.58451599 -0.33713828 0.43815606 -0.75044567 -0.49483978 -0.88463835 -0.38181667 -0.26766836 -0.92105498 -0.3892325 0.01342399 -0.90930845 -0.15672549 0.38550232 -0.44900315 -0.42207493 0.78756148 -0.23344279 -0.34697913 0.90836008 -0.2275596 -0.43065472 0.87335954 -0.22628511 -0.40616621 0.8853396 0.69472215 0.03584564 0.71839488 0.71748961 -0.01477834 0.69641528 0.49862736 -0.16917402 0.85014819 0.05203744 -0.2890577 0.95590313 -0.21750893 -0.60726556 0.76414896 -0.69179729 -0.38210957 0.61270782 -0.67115983 -0.67856666 0.29849037 0.01021222 -0.0895052 0.99593451 0.10455552 -0.12365077 0.98680218 0.1888518 -0.13040986 0.97330858 0.69352285 -0.35038637 0.62948904 -0.93871881 -0.05368693 0.3404995 -0.88216643 0.46338608 0.08402569 -0.90882691 0.40161227 -0.11290497 -0.77739645 0.21240192 -0.59206539 -0.70036579 0.60651401 -0.37634738 -0.91013851 -0.27384873 -0.31091781 -0.75018633 -0.03746242 0.66017208 -0.82580934 -0.22275221 0.51809716 -0.4344901 0.1034554 0.89471923 0.4919871 -0.33558662 0.8033279 0.18687687 -0.51018762 0.83951907 -0.0017729 -0.31709258 0.94840594 -0.46550717 0.22225911 0.85669051 -0.49925347 -0.16922311 0.84977178 0.02935842 -0.37115593 0.92811074 0.15108274 -0.43219485 0.88903813 -0.04098319 -0.63814691 0.7688312 0.01575243 -0.11967032 0.99269529 -0.80165718 0.53501904 0.26666322 -0.97965385 -0.00500037 -0.20067523 -0.98114433 -0.17702396 0.07760669 -0.98178931 -0.15394582 0.11132217 -0.89085303 0.02332829 -0.45370378 -0.93253763 -0.06624292 -0.3549576 -0.99704828 -0.07576535 -0.01244172 -0.9160076 -0.39713247 -0.05678483 0.99664464 0.07811587 -0.02456134 0.99682 0.06857603 -0.04068175 0.98208549 -0.00113915 -0.18843995 0.74079067 -0.22091248 -0.63437775 0.86640648 -0.19472263 -0.45980834 0.99192312 0.1250206 -0.02143177 0.70710791 0.00024094 -0.70711053 1.00000011 0.00023001 0.00000138 0.94023194 0.29347455 0.17273855 0.93988885 0.28992107 0.18046905 0.16642868 -0.33289815 -0.92816188 0.70710785 0 -0.70710749 0.1183112 0.01968504 -0.9927844 0.27176335 0.04212553 -0.96144976 -0.45601278 0.27853607 -0.84527235 -0.47104811 0.20744664 -0.85737388 -0.1150271 0.54222798 -0.83232747 -0.57321333 -0.52313119 -0.63068465 -0.16808514 0.97400822 0.15188814 -0.29589003 0.8441091 0.4471473 -0.21856753 0.92957278 0.29686945 -0.00112004 0.98941614 0.14512123 -0.13961912 -0.46732443 -0.87299321 -0.39665099 -0.55647921 -0.73007578 -0.12086559 0.9556972 0.26840746 0.21501794 -0.2030076 -0.95527836 0.04784733 0.26148545 -0.96402522 0.27459597 0.03236855 -0.96102025 0.08103814 -0.30934371 -0.9474919 0.09318225 -0.27260586 -0.95760991 -0.38224877 -0.55083424 -0.74194998 0.7113148 0.07809132 -0.69852743 0.34029008 -0.22939163 -0.91191967 0.9952847 0.09470834 -0.02122307 0 -0.19144787 -0.98150834 -0.99936797 -0.0338268 -0.01106258 -0.84068768 0.157963 -0.51798254 -0.36285405 0.19396041 -0.91143789 -0.98507275 -0.1594446 -0.06497162 -0.52667629 -0.27333223 0.80492823 -0.64151177 -0.11489202 0.75846494 0.51372391 -0.35202731 0.7824126 0.56956213 -0.16560107 0.80509399 0.96717175 -0.12354409 0.22209082 0.77896441 -0.24849822 0.57573866 -0.1245212 0.01271111 0.99213722 -0.50481241 -0.33231865 0.7967077 -0.56864476 -0.01690122 0.82241599 0.58940202 0.04792853 0.80641936 0.58072722 0.0492143 0.81261597 0.58416593 0.04870696 0.81017618 0.66477469 0.10424163 0.73974378 0.71848846 0.09520151 0.6890004 0.65126434 0.10725698 0.75123341 0.64923903 0.48689677 0.58432334 0.86689411 0.18446189 0.46310901 0.88218985 0.47028913 0.02401753 0.77679325 0.61651465 0.12846651 0.84769933 -0.01238975 -0.53033346 0.90596308 -0.24517352 -0.34516097 0.88960932 -0.20809605 0.40657182 -0.58719372 -0.37635796 0.71663821 -0.18813212 -0.08667693 0.9783134 -0.23607071 -0.4209991 0.87580715 0.15722127 -0.04490013 0.98654391 0.40926029 0.08380122 0.90856524 0.50481611 -0.33229945 0.79671223 0.56864422 -0.01690116 0.82241468 0.68320254 0.6938549 0.22759736 0.77442223 0.59425127 0.21712678 0.91725387 0.22282509 0.33016746 0.77442223 0.59425127 0.21712678 0.72767068 -0.36826725 -0.57869094 0.72767068 -0.36826725 -0.57869094 -0.96235224 -0.19577026 0.18857669 -0.96235224 -0.19577026 0.18857669 -0.77575201 -0.37642108 0.5064817 -0.76725674 -0.30144335 0.56608265 0.74099607 -0.64667067 -0.18099036 0.85204809 -0.33849822 -0.39929225 0.74099607 -0.64667067 -0.18099036 0.97299214 -0.22602145 -0.04691542 0.98210867 -0.00660826 0.18820887 0.9097922 0.41295128 -0.04197377 0.54855984 0.76527131 -0.33682094 0.54855984 0.76527131 -0.33682094 -0.87359284 -0.29637265 0.38600774 -0.87359284 -0.29637265 0.38600774 -0.79376216 -0.5905844 0.14544764 -0.88127218 -0.28806105 0.37467359 -0.88031642 -0.30820875 0.36063416 -0.81989954 -0.14394009 0.5541234 -0.60647449 -0.01480718 0.79497315 -0.60647449 -0.01480718 0.79497315 0.91423126 0.00964848 0.40507917 0.8654962 -0.48669012 0.11856186 0.99952915 0.00594011 0.03015505 0.95489599 -0.27334516 -0.11605545 0.67206785 -0.64615408 -0.36167811 0.99394383 -0.00417597 0.10982293 0.86549376 0.48668875 -0.1185615 0.67207316 0.64615914 0.36168121 0.96785506 0.00051879 0.25153455 0.81841402 -0.52135515 0.24165732 0.81841247 0.52135413 -0.24165682 0.63576493 -0.36074944 0.68240592 0.19879581 -0.02261261 -0.97978486 0.27459659 0.03236863 -0.9610224 -0.54742759 -0.00344636 0.83685194 -0.55671453 -0.16894352 0.81334375 -0.41274427 -0.44009997 0.79747255 -0.63575551 -0.36074479 0.68241552 0.83067809 -0.10550658 0.54667246 0.93999286 -0.14449776 0.30911229 0.8321334 -0.06809309 0.55039096 0.86621611 -0.09263123 0.49101424 0.64292988 0.4210309 0.63982746 0.62372551 0.41213672 0.66416666 0.66055069 0.40304362 0.63343081 0.70212222 0.34519054 0.6227952 0.31909464 0.94339224 0.09049901 0.29678264 0.95106878 0.08596548 0.302438 0.94912197 0.08775325 0.14182986 0.95811476 0.24882545 0.02436055 0.96791627 -0.25010216 0.02436055 0.96791627 -0.25010216 0.35782476 0.93317356 0.03409872 0.33190797 0.94283505 0.03018814 -0.20367143 0.74329115 -0.63721827 -0.20794668 0.88741015 -0.41141485 0.82889704 0.10791506 -0.54890501 0.83027975 0.06973867 -0.5529747 0.82422672 0.08818169 -0.55935192 0.86621611 0.09263123 -0.49101424 0.66357884 -0.40687962 -0.62778416 0.68887177 -0.39636602 -0.60692039 0.64886257 -0.40092235 -0.6467143 0.67029187 -0.35455863 -0.65192131 0.31420092 -0.94501408 -0.09072837 0.29216829 -0.95010092 -0.10932031 0.29723304 -0.94831236 -0.11121813 0.15210457 -0.94389977 -0.29311788 -0.00113704 -0.96374204 0.26687997 -0.00113704 -0.96374204 0.26687997 0.34351928 -0.93867924 -0.02985259 0.32170291 -0.94641109 -0.0287391 -0.2094825 -0.90144439 0.37883688 -0.2094825 -0.90144439 0.37883688 -0.19927433 -0.77114148 0.60467473 -0.94283034 0.16286411 0.29078635 0.74461944 0.34581257 -0.57093542 0.74461944 0.34581257 -0.57093542 0.741978 0.34625132 -0.57409793 0.76271922 0.20202246 -0.61437592 0.30861236 -0.12926466 -0.94237306 0.76545966 0.36341633 -0.53104853 0.85473071 0.51013666 -0.09592452 0.83208786 -0.52446204 0.18048118 0.65578261 0.07234939 -0.75147761 -0.43766274 0.28267693 -0.85355626 -0.72564311 0.63425014 -0.26679539 -0.80687801 0.54351538 -0.23141325 -0.33597879 0.54784649 -0.76615817 -0.36820806 0.7053547 -0.60572162 -0.14796125 0.69864986 -0.7000047 0.00685671 0.5795415 -0.81492971 -0.87629692 0.37632231 -0.30080797 -0.73104215 0.02544256 -0.68186292 -0.5346471 -0.80437843 -0.2591184 -0.98001226 0.04098685 0.19473231 -0.73801733 0.37588389 -0.56041294 -0.73496736 0.37636874 -0.56406772 -0.73871578 0.37574742 -0.55958473 -0.75326092 0.2640396 -0.60241607 -0.8320878 -0.52446192 0.18048168 -0.76545949 0.3634163 -0.53104931 -0.961109 0.27619602 0.00061626 0.89085381 0.02333048 -0.45370164 0.89984088 -0.08018926 -0.42879086 -0.98095312 -0.00248393 -0.19424669 -0.81540505 -0.24798142 -0.52309042 -0.8671184 -0.22138288 -0.44620274 -0.11265121 0.05914362 -0.99188008 -0.26963448 0.07968114 -0.9596686 0.45601626 0.27853551 -0.84526227 0.46782367 0.20638483 -0.8593965 0.57280766 0.02030382 -0.81943856 -0.21757533 -0.12341988 -0.96821417 0.0237219 0.57867622 -0.81522105 -0.10152896 0.78733719 -0.60811368 -0.01757641 0.64636585 -0.76283968 -0.36067246 0.48762321 -0.79508186 -0.83382927 -0.10918115 -0.54112619 0.16346664 -0.19648136 -0.96679129 0.03725186 0.08578986 -0.99562182 0.91410901 -0.27030783 -0.30223311 -0.71746547 0.07625973 -0.69241772 -0.33442668 -0.23216281 -0.91338493 0.83810632 0.1575188 -0.52228403 0.35884751 0.18457816 -0.91496654 0.59466559 0.29385525 0.74835093 0.60743645 0.35480638 0.71073855 -0.64053151 -0.55703789 0.52862548 -0.62398699 -0.42673974 0.65464214 -0.90410616 -0.41211723 0.11302722 -0.93340488 -0.32715915 0.1474336 0.87562941 0.36743687 0.3134705 0.92374947 0.19900198 0.32726128 -0.13281036 -0.93005832 0.34257616 -0.03688931 -0.99088027 0.12961461 -0.12538494 -0.96419044 0.23371192 0.09554231 -0.9866028 0.13225357 0.08388202 -0.98656567 0.14026215 0.09554231 -0.9866028 0.13225357 0.18936921 -0.95437797 0.23088904 -0.34452496 0.92444922 -0.16342447 -0.35841118 0.8450198 -0.39686276 0.93657096 0.0638904 -0.34461559 0.93173655 0.08187181 -0.35378666 0.94421854 -0.00532331 -0.32928671 0.96263053 0 -0.27083557 0.64548668 0.06924256 -0.76063509 0.69762549 0.14590589 -0.70145024 0.0151157 0.17549621 -0.98436405 -0.80453996 0.08091588 -0.58836311 -0.80249803 0.07955296 -0.59132832 -0.98481753 0.03978579 -0.16901265 -0.99135657 0.06046574 -0.11647842 -0.93657096 0.06388884 -0.34461512 -0.94421818 -0.0053233 -0.32928653 -0.93173655 0.08187012 -0.35378631 -0.96262636 0 -0.27083432 -0.6461837 0.06675959 -0.76026435 -0.69853607 0.14242434 -0.70126641 -0.01550876 0.16654415 -0.9859164 0.8025503 0.08966074 -0.58981168 0.80089538 0.08526286 -0.59271324 0.98481544 0.03978528 -0.16900993 0.99135932 0.0604659 -0.11647875 -0.92105402 -0.38923214 0.01342392 -0.92105402 -0.38923214 0.01342392 -0.91842367 -0.04912356 -0.39254202 0.06969 0.09490074 0.99304744 0.43025376 -0.43038016 -0.79351164 0.43025376 -0.43038016 -0.79351164 0.48896404 0.65774456 0.57296407 0.48896404 0.65774456 0.57296407 0.96751912 0.12493315 0.21977238 -0.98080595 -0.00112181 0.19499288 -0.70565201 0.2649238 0.65717325 0.05042146 -0.97723343 0.20614015 0.01384596 -0.99984571 0.01085396 -0.08960989 -0.93802645 0.33478464 -0.42945834 -0.52439105 -0.73524804 0.98754867 0.15183058 -0.04134251 0.97962334 0.20090424 0 0.99214496 0.11487761 0.04961462 0.97490384 0.2221848 -0.01445752 0.94729861 -0.31103609 0.07671087 0.95752098 -0.21564122 0.19148619 0.96871765 -0.13492195 0.20830008 0.98808446 0.15391998 -0.00185806 0.99911316 0.02556035 0.03347776 0.98969324 0.14323167 0 0.98005351 0.15795396 0.12063545 0.97992541 0.14397837 0.13793714 0.98965665 -0.01962588 -0.14212103 0.9967232 -0.07584928 -0.02820635 0.9822038 0.10065846 -0.15859681 0.95996471 -0.01468835 -0.27974882 0.98615011 -0.1430428 -0.08394532 0.95930674 -0.27796244 -0.0497481 0.96954038 0.10553498 0.22104273 0.92179926 -0.33882336 0.18841269 0.92547228 -0.19566653 0.3243867 0.99714091 0.02812788 -0.07014982 0.99697616 0.07742283 -0.00690907 0.99583503 0.02419284 -0.08796056 0.99759933 -0.02181101 -0.06573107 0.97950973 -0.16707159 -0.11248556 0.98905124 -0.14185418 0.04076742 0.99830987 -0.0514843 0.02699649 0.98712071 -0.02792627 0.15752671 0.94872548 -0.01416172 -0.31579189 0.97494413 0.18273036 -0.12690745 0.97643198 -0.15329873 -0.15194386 0.98483088 0.16951931 -0.03719535 0.97805973 0.20533328 -0.03534165 0.95693072 0.08391937 -0.27794199 0.99845835 -0.04457742 -0.0331089 0.9965299 -0.06952798 -0.04585044 0.9986833 -0.04352703 0.02740884 0.99707016 -0.07152398 -0.02725392 0.98223319 0.16493955 -0.08956576 0.99961468 0.02711844 -0.00642387 0.82647942 0.37511347 0.41980349 0.99079313 -0.0718957 -0.11475179 0.98915293 -0.01553654 -0.14607646 0.99756178 -0.00666724 -0.06952348 0.97270777 -0.12332399 -0.19658008 0.99420705 0.06587045 -0.08493589 0.99063709 -0.13652752 0.00232693 0.99695148 0.02159744 0.07503269 0.98823865 0.05174717 0.14392664 0.99015947 -0.07624927 0.11736995 0.99684688 0.07040566 -0.03675219 0.9898118 -0.11668323 0.08163047 0.9986222 0.04609884 -0.02506886 0.72252739 -0.3523937 0.59478909 0.99113163 -0.10345655 -0.0834198 -0.57280784 0.02030391 -0.81943826 0.21710538 -0.12395824 -0.96825244 -0.02372699 0.57867473 -0.81522171 0.01757315 0.64636579 -0.76283974 0.10152967 0.78733761 -0.60811088 0.36066367 0.48762103 -0.79508264 0.83370302 -0.1117953 -0.54077953 -0.16346803 -0.19648175 -0.96679213 -0.03725394 0.08578622 -0.9956217 0.96681758 0.2231878 -0.12431255 0.94882884 0.178923 0.26022082 0.60040578 -0.78162594 -0.1690714 0.92383726 -0.38279484 0.0027476 0.94974693 -0.20163543 -0.23942684 0.83116762 -0.54801029 -0.09412063 -0.12050413 0.12233088 0.98514708 -0.68655148 0.02191621 0.72676051 -0.89450573 0.17592316 0.4110121 0.75246836 -0.65641138 -0.05417864 0.73128033 -0.67999944 -0.05324985 0.65011242 -0.75984467 -0.00041475 0.76461799 -0.09427182 0.63755652 -0.6303961 -0.22598823 -0.74265487 -0.79686309 -0.1660915 -0.58088708 -0.67629358 0.0097549 -0.73657221 0.59434146 0.80083738 -0.07364053 0.57035642 0.81538312 -0.09928609 0.58144343 0.80768506 -0.09788314 -0.91278811 0.07015719 -0.40237819 -0.91971852 -0.04860426 -0.38957126 -0.930393 -0.1709385 -0.32426859 -0.89924167 0.11146748 0.42302792 -0.976168 -0.13844986 -0.16718158 -0.27949335 0.59694224 -0.75203938 0.30328037 -0.25927612 -0.91695817 0.58916336 -0.45242821 -0.66948155 0.30328037 -0.25927612 -0.91695817 0.17723484 0.04771217 -0.98301812 0.48094492 0.8762791 0.02891063 0.72548038 0.68672416 -0.04572314 0.13085693 0.98928394 0.06476423 0.05071738 -0.65183446 -0.75666697 -0.25678497 -0.65930805 -0.70667726 -0.17723414 -0.04771198 0.98301437 -0.17723414 -0.04771198 0.98301437 0.86903612 0.48261978 -0.10894498 0.66487149 0.73880101 -0.1101459 -0.99809816 -0.0406178 0.04637165 -0.93733193 -0.3448974 -0.04962735 -0.94171109 0.2630828 0.20971361 0.41048067 0.75303854 0.51425415 -0.37549285 0.77935213 0.50162714 -0.32856987 0.74457503 -0.58108854 -0.12271946 -0.34110866 0.93198021 0.67942795 -0.65672937 -0.32725663 0.67942795 -0.65672937 -0.32725663 0.75263418 -0.51755976 -0.4070317 0.59189665 -0.67845628 0.43516292 0.81126492 -0.45673992 0.36504303 0.28438198 -0.88207261 0.3756191 -0.30236463 -0.5655111 0.76732291 0.57804399 0.62956187 0.51916587 0.57804399 0.62956187 0.51916587 -0.96922042 -0.09629289 -0.22660496 -0.96922042 -0.09629289 -0.22660496 -0.00598388 0.67879048 0.73432047 -0.00598388 0.67879048 0.73432047 0.02953847 0.71244676 0.7011065 -0.05153639 0.75350113 0.65543387 -0.00598391 0.67879108 0.73432107 -0.05824213 0.78609056 0.61537191 0.32884206 0.66387651 0.67167017 0.37008713 -0.84524898 0.38547738 0.37008713 -0.84524898 0.38547738 -0.35238434 0.35777669 -0.8647766 -0.35238434 0.35777669 -0.8647766 -0.52431148 -0.31172482 -0.79242713 -0.74164505 0.22054221 -0.63350871 -0.74164505 0.22054221 -0.63350871 -0.35238178 0.35777401 -0.86477028 -0.99384352 0.06585912 0.08913689 -0.99013212 0.0175833 0.13907459 -0.99384352 0.06585912 0.08913689 -0.1268566 -0.64071056 -0.75723429 -0.14836113 0.9366171 0.31739761 -0.14836113 0.9366171 0.31739761 0.52083849 0.60112986 0.60611823 0.52083849 0.60112986 0.60611823 0.53546971 -0.58336311 -0.61071912 0.53546971 -0.58336311 -0.61071912 0.67862448 0.67077604 0.2992253 0.63960269 -0.74666376 0.18276733 0.63960269 -0.74666376 0.18276733 -0.93312206 0.27896785 0.22686435 -0.8697456 -0.46349957 0.16947348 -0.98160096 -0.13048955 0.1394014 0.72588921 0.58874738 -0.35563003 -0.936125 0.24415892 -0.25311806 -0.936125 0.24415892 -0.25311806 -0.936125 0.24415887 -0.25311809 -0.88250779 -0.41937204 -0.21287676 -0.70448864 -0.65409986 0.27541955 -0.94363554 -0.05729373 0.32599334 0.47903182 -0.27849751 -0.83246069 0.32893844 -0.30130072 -0.89500152 0.32893844 -0.30130072 -0.89500152 0.22479046 -0.08494264 -0.9707001 0.4977402 0.7094099 -0.49900006 0.82920567 0.41406806 -0.37545852 -0.85612182 -0.45883378 0.23776636 0.6162751 0.40967979 0.6725857 0.65938011 0.37365941 0.65238873 0.89923762 -0.063134 0.43288808 0.89097129 0.09007533 -0.44505494 0.59420806 -0.42671235 -0.6817948 0.6560165 -0.38115235 -0.65144131 0.99958696 0.02600947 0.01256215 0.88952862 -0.14005866 0.43489634 0.9501892 -0.11311834 0.29044428 0.99990787 0.0116523 0.00770836 0.99877336 0.03889415 -0.03076583 0.99709954 -0.04882812 -0.05846669 0.87650035 0.2608357 0.40461444 0.99223759 0.12216997 -0.02348444 0 0.2202825 0.97543754 0.63475737 0.36603771 0.68051479 -0.99674513 -0.08061681 0 -0.99964001 -0.00893846 -0.02534959 -0.98112985 0.08976969 -0.17126817 -0.99968585 -0.01202605 -0.02220185 -0.99095842 0.09948984 0.09009547 -0.93936499 -0.09894353 0.32833917 -0.86675958 -0.0589011 0.49523836 -0.99981745 0.01921065 0.00227247 -0.9097807 -0.02596717 0.41428246 -0.99993243 0.0120016 0.0005106 0.25465935 -0.11604045 0.96005138 -0.49122562 -0.00082392 0.87103335 -0.45208435 -0.03047696 0.89146291 0.31487427 0.01311964 0.9490452 0.51693207 0.02790356 0.85557292 -0.44209461 -0.059843 0.89497517 0.8050013 -0.29467785 -0.51492702 0.94857218 0.12898178 0.28910198 0.32734264 0.02669143 0.94453349 -0.54773795 0.06348817 0.83424435 -0.98072394 0.10438977 0.16521115 -0.67120662 -0.03301677 -0.74054355 -0.26438677 -0.18195946 -0.94709976 -0.18013581 -0.21315476 -0.96027656 0.3527277 0.08300218 -0.93203749 -0.17693754 0.06879914 -0.98181488 -0.63786861 -0.00419092 -0.77013851 -0.94650318 0.27639677 0.16659264 -0.59163052 -0.14260485 0.79349966 0.07837777 -0.10288651 0.99160709 0.73070771 -0.44203099 0.52027314 0.74294055 -0.1483549 -0.65272001 0.25358605 0.1943438 -0.94759359 -0.3878534 -0.25484666 -0.8857988 -0.32492442 -0.26569521 -0.90765824 -0.58908492 -0.21166011 -0.77986521 -0.72439355 -0.21588454 -0.65471843 -0.97558369 -0.20894395 0.06769932 -0.9669161 0.20413832 0.15302789 -0.51315301 0.53396862 0.67198703 -0.68099562 0.53965675 0.49500819 0.06386286 0.28872883 0.95528497 0.16159519 0.38590614 0.90828051 0.67107305 0.07923282 0.73715086 0.87154452 -0.0595852 0.48670205 0.89742313 0.2761706 -0.34404765 0.92783697 0.26055815 -0.26689952 0.41153832 0.04910591 -0.91007163 0.38837732 0.12463559 -0.91304167 0.55953455 0.28428765 0.77853442 0.18333852 -0.06408615 0.98096194 0.21335226 0.27206843 0.93833502 0.853249 0.40452283 -0.32914738 0.38893269 0.04754597 -0.92004414 0.26262292 0.12867925 -0.95628276 -0.53664815 -0.13471999 0.83299212 -0.52336001 0.21877649 0.82355033 -0.9136525 -0.310084 0.26286282 -0.98857578 0.0710437 0.13300086 -0.66174987 -0.50988888 -0.54964703 -0.64652613 -0.06695454 -0.75995464 -0.29181814 -0.33501603 -0.89588307 -0.14700937 -0.42107277 -0.89503597 -0.28823518 -0.2417107 -0.92655458 -0.46970906 0.1744597 -0.8654146 -0.0921803 0.40497144 0.9096752 -0.43326308 -0.13635593 0.89090024 0.69154862 0.16948378 0.70217038 0.90012814 0.42260151 -0.10579896 0.41475542 0.0128271 -0.90985062 0.99885818 0.04722054 0.00795398 0.85599224 -0.00197672 0.51699888 -0.87518756 -0.1601503 0.45651232 -0.99049272 0.12802491 0.05043839 -0.9128808 0.35728331 -0.19748294 -0.94958969 -0.11397442 0.29204833 -0.88908134 -0.14037829 0.43569915 -0.87813495 0.24601477 0.41033225 -0.99710246 -0.04882885 -0.05846782 -0.63476119 0.36603893 0.68051264 0.99674859 -0.08060785 0 0.98040476 0.09230983 -0.17403639 0.9400753 -0.09805508 0.32656877 0.86676304 -0.05890119 0.49523529 0.90978386 -0.02596542 0.41427945 -0.25465932 -0.11604042 0.96005132 0.45208859 -0.0304745 0.89146058 0.49123176 -0.00082275 0.87103776 -0.315055 0.01358787 0.94898202 -0.5129171 0.04244946 0.85739343 0.44131543 -0.04711561 0.89612417 -0.80500136 -0.29467794 -0.5149272 -0.9485723 0.12898181 0.28910201 -0.32734264 0.02669142 0.94453349 0.5488348 0.06437437 0.83345227 0.98463782 0.08587576 0.15208044 0.67214677 -0.01428548 -0.74028707 0.26438677 -0.18195943 -0.94709971 0.18013587 -0.21315479 -0.9602765 -0.35272773 0.08300218 -0.93203749 0.17694835 0.06879829 -0.9818128 0.63785431 -0.00420411 -0.77014751 0.94687726 0.27632864 0.16457404 0.59285712 -0.14587162 0.79199023 -0.07836311 -0.10289909 0.99160238 -0.73070902 -0.44203435 0.52027243 -0.74294055 -0.14834619 -0.65272239 -0.25358602 0.1943438 -0.94759359 0.38783853 -0.25484669 -0.8857988 0.55408674 -0.21916219 -0.80309413 0.32490603 -0.26569577 -0.90765806 0.71606112 -0.19393739 -0.67056003 0.99379047 -0.10156523 0.04545119 0.95997234 0.253614 0.11891221 0.51658046 0.47106918 0.71502019 0.63159189 0.50126594 0.59146786 -0.06386634 0.28873044 0.95528402 -0.16159534 0.38590865 0.90827878 -0.67108104 0.07922987 0.73714466 -0.87154118 -0.0595817 0.48669486 -0.89742409 0.27617838 -0.34405531 -0.92783292 0.2605583 -0.26690575 -0.41152366 0.04910543 -0.91007837 -0.38836487 0.12463558 -0.91304173 -0.5595265 0.28428208 0.77853364 -0.21335226 0.27206223 0.93833574 -0.18335112 -0.06408219 0.98096409 -0.85325109 0.40451344 -0.32914866 -0.38892849 0.04754585 -0.92004694 -0.26262596 0.1286811 -0.95628389 0.5233823 0.21875241 0.82354359 0.5366491 -0.13471983 0.83299039 0.9885694 0.07103738 0.13298429 0.91365387 -0.31008498 0.26286679 0.64654365 -0.06697443 -0.75993718 0.66176024 -0.50988769 -0.54963207 0.14704058 -0.42108162 -0.89503108 0.29178515 -0.33501829 -0.89589529 0.28822415 -0.24170903 -0.92656155 0.46971031 0.17446222 -0.86541609 0.09217449 0.40497275 0.90967383 0.43325092 -0.13636372 0.89090668 -0.69154767 0.16948178 0.7021758 -0.90012636 0.42260258 -0.10579507 -0.41473918 0.0128253 -0.90985056 -0.85599308 -0.00197702 0.51699841 0.87519084 -0.16015028 0.45650875 0.91289159 0.35727336 -0.19748136 0.83579795 0.49268817 -0.24229541 0.76435322 0.5871998 -0.26639741 0.33770288 0.54469472 -0.76763684 0.36821987 0.70535303 -0.60572234 0.14798451 0.69863877 -0.70000852 -0.00685741 0.5795415 -0.81492971 0.87629799 0.37632446 -0.30080734 0.73104645 0.0254462 -0.68185506 0.98001196 0.04098686 0.19473232 0.95092233 0.30120088 0.07092244 0.83813678 0.54404199 0.03931512 0.70969886 0.40093066 0.5793038 0.76679165 0.23682617 0.59661776 0.8526315 -0.08077929 -0.5162453 0.96488812 0.22168302 0.14089865 0.75567109 0.19772073 -0.6244044 0.86548345 0.49089821 0.09981489 -0.06593129 0.9965231 0.0510708 -0.07062447 0.99628957 -0.0493081 -0.06528726 0.98712029 -0.14608797 0.75307698 0.39771672 -0.52413767 0.93605037 0.33020349 -0.12157979 0.93605037 0.33020349 -0.12157979 0.68557057 0.68042919 0.25886258 -0.08220504 0.48522203 -0.87052075 -0.00398389 -0.05971243 -0.99821224 -0.05574293 0.30090578 -0.95203163 0.37629781 -0.3211583 -0.86905841 0.20781144 0.54220879 -0.81414698 0.09093613 0.15562754 -0.98362782 0.13190995 0.43070625 -0.89280681 0.72300125 0.65861884 -0.20856277 0.4133481 0.61611536 -0.67049268 0.10972855 -0.37192367 -0.92175927 -0.35474588 -0.24670491 -0.90183212 0.24410602 -0.9697084 0.00896726 -0.31626041 -0.94576188 0.07425735 0.09721168 0.34864895 -0.93220266 0.18525083 0.30961637 -0.93264582 0.24092772 0.37917913 -0.89340906 0.40965732 0.3099169 -0.85798244 -0.30625121 -0.40201895 0.86289768 -0.59308028 0.00697493 0.80511532 -0.58952868 -0.7146811 0.37642045 -0.69719503 -0.48733973 -0.52576375 0.0332793 0.22299746 -0.97425129 0.04882403 0.56551748 -0.82329433 -0.20950561 0.92547842 -0.31559704 0.28101333 -0.63898239 -0.71605671 0.76225359 -0.43088486 -0.4830402 0.07141578 0.30204944 -0.95061364 -0.05329111 -0.10261031 -0.9933001 0.54481214 -0.83481942 -0.07921952 0.65852091 -0.6941239 0.29080721 0.80594109 -0.55834448 -0.19677005 -0.29437282 -0.0637899 0.95356622 -0.27649059 -0.06327021 0.95893153 -0.27649059 -0.06327021 0.95893153 -0.2562772 0.14525046 0.95562818 0.56868898 0.22134986 -0.79221464 0.45980447 -0.09557638 -0.88286869 -0.38521658 -0.75963719 -0.52400726 0.99682792 -0.04245177 -0.06732721 -0.05355021 -0.02971207 -0.99812957 -0.05583481 -0.05819981 -0.99674394 -0.27050137 0.27256661 -0.92333253 0.20757291 0.70540614 -0.67774007 -0.42993312 0.7544759 0.49592244 -0.01920737 -0.21453332 -0.97652854 0.26759794 -0.60406247 -0.75067926 -0.07278967 0.01314801 -0.99726131 -0.02743028 -0.01636912 -0.9994904 -0.00874423 -0.12285911 -0.99238958 0.2928937 -0.39014737 -0.87292646 0.30193446 -0.27144419 -0.91387178 0.31435998 -0.12489414 -0.94105806 -0.355415 -0.37235953 -0.85734056 0.1319458 0.19704394 -0.97147639 0.13136601 0.2002776 -0.97089507 -0.09954083 0.39311625 -0.91409101 0.30616598 0.37566627 -0.87472866 0.13178829 0.62681595 -0.76795531 0.28029778 -0.27634909 -0.91927798 0.14942783 0.90810587 -0.39118205 0.04606444 -0.78130109 -0.62247172 0.03571468 -0.49330237 -0.86913274 0.31819759 0.50103193 -0.80481086 0.21903751 0.95032313 0.22115334 0.16871714 -0.33125956 -0.92833992 0.13251437 -0.14702221 -0.98022248 0.13194125 -0.35537584 -0.92536457 0.22366679 -0.11095811 -0.96832981 0.12488758 -0.06036252 -0.99033841 -0.03192449 0.02487184 -0.99918618 0.04341874 -0.96730365 -0.24989425 0.04826312 -0.96746602 -0.24837735 0.05279073 -0.96641841 -0.25149595 0.16189418 -0.95850351 -0.23469175 -0.22257053 0 0.97492673 -0.22257143 0.00106999 0.97492536 -0.22257104 0.00151579 0.97492428 -0.10034119 0.00045266 0.99495741 -0.10034117 0.00041884 0.99495747 -0.10034087 0.00023109 0.99495747 -0.05953435 0.00134924 0.99823286 -0.04482065 -0.0001204 0.99900391 -0.07943721 -0.00000316 0.99684265 0.08269741 0.03904967 -0.99581518 0.13166145 -0.1067723 -0.98553397 0.1291263 -0.06195825 -0.98969497 0.16743048 -0.10378993 -0.98041233 0.13310001 0.14676262 -0.98017814 0.37804512 -0.06430169 -0.9235514 0.04655424 0.00917033 -0.99887713 0.28896358 -0.03820752 -0.95658012 -0.12029055 0.05186924 -0.99138363 0.26328798 -0.02168873 -0.96447804 -0.48446419 -0.0059364 0.87479339 -0.47543966 -0.008436 0.87971608 -0.19763367 -0.96654203 -0.16354931 -0.1151861 -0.9832045 -0.14157192 -0.19763367 -0.96654203 -0.16354931 -0.33022158 -0.9401206 0.08454419 -0.11518605 -0.9832045 -0.14157189 -0.1048217 -0.98597743 -0.12988516 -0.01997981 -0.19074031 -0.98144396 0.15551823 0.05448308 -0.98633309 -0.21589743 0.00127753 0.97641631 -0.06041178 0.00206478 0.99817463 -0.13396657 0.00492423 0.99097427 -0.18721626 -0.06135843 0.9804078 0.16280078 -0.98318245 -0.0828035 0.12024541 -0.99012496 -0.07214724 0.16280078 -0.98318245 -0.0828035 0.16189418 -0.95850351 -0.23469175 0.99919047 -0.04033413 -0.00250338 0.9280233 -0.37245156 0.00781074 0.99893459 -0.03174169 -0.03359945 0.89384394 -0.4244309 0.14461207 0.98041316 -0.1460732 0.13214139 0.96439423 0.18013867 -0.19364282 0.94207646 0.33451371 -0.02439413 0.95960732 0.2810339 -0.01371239 -0.01269016 0.00133688 0.99992432 -0.19883696 0.00190537 0.98003956 -0.13303911 0.00347294 0.99110772 -0.21824186 0.29511186 -0.93021204 -0.22926203 0.39135851 -0.89122956 -0.16672071 0.19877623 -0.96576365 0.00085276 0.40391748 -0.91479578 -0.21494625 0.18523699 -0.95890447 0.51829206 -0.05775227 0.85325842 0.51046764 -0.03192113 0.85931288 -0.91272869 0.04802445 -0.40573468 -0.99691709 0.07733429 -0.01363863 0.74137742 -0.0260123 -0.67058489 0.73034538 0.06769375 -0.67972615 -0.19658053 0.00668728 0.98046865 -0.19396974 0 0.98101266 0.35238181 -0.35777409 0.86477034 0.35238181 -0.35777409 0.86477034 -0.36069412 0.58210104 0.72874368 -0.42513095 0.6477696 0.63219544 0.96235981 0.19577178 -0.18857818 -0.4806998 -0.8154078 0.32255705 -0.4806998 -0.8154078 0.32255705 -0.48094743 -0.87628363 -0.02891076 -0.16871698 -0.33125953 -0.92833992 -0.13194096 -0.35537504 -0.92536487 -0.13251429 -0.14702714 -0.98022177 -0.22366708 -0.11095632 -0.96832957 -0.12489804 -0.06036681 -0.99033829 0.0319256 0.02487279 -0.99918582 -0.04341885 -0.96730359 -0.24989439 -0.05279092 -0.96641841 -0.25149589 -0.04826332 -0.96746602 -0.24837732 -0.16189418 -0.95850351 -0.23469173 0.22257041 0 0.97492673 0.22257092 0.00151579 0.97492428 0.22257131 0.00106999 0.97492536 0.10035636 0.00045265 0.99495729 0.10035604 0.00023107 0.99495735 0.10035635 0.00041883 0.99495735 0.05954765 0.00134922 0.99822523 0.04482041 -0.00012041 0.99900391 0.07943724 -0.00000316 0.99684265 -0.08268898 0.03904478 -0.99581548 -0.1291165 -0.06195598 -0.98969509 -0.1316519 -0.10677546 -0.98553356 -0.16742391 -0.10379438 -0.98041131 -0.13310937 0.14676614 -0.9801782 -0.38307162 -0.04373086 -0.92269071 -0.29319554 -0.01771877 -0.95589539 -0.05039209 0.03000298 -0.99828049 0.12029919 0.05187069 -0.99138858 -0.26329782 -0.02168599 -0.96447476 0.4837672 -0.00288553 0.87519811 0.47479724 -0.00536895 0.88008295 0.19763361 -0.96654209 -0.16354931 0.19763361 -0.96654209 -0.16354931 0.11518607 -0.9832045 -0.1415719 0.33022155 -0.9401206 0.08454419 0.10482179 -0.98597737 -0.12988526 0.11518605 -0.9832045 -0.14157189 0.01997931 -0.19074191 -0.98144372 -0.15552348 0.05447836 -0.98633363 0.21590415 0.00127762 0.97641792 0.13397456 0.00492254 0.9909757 0.06041725 0.00206153 0.9981763 0.18721625 -0.06135841 0.9804078 -0.16280078 -0.98318251 -0.0828035 -0.16280078 -0.98318251 -0.0828035 -0.12024544 -0.99012496 -0.07214724 -0.16189415 -0.95850351 -0.23469175 0.01267786 0.00133689 0.99992426 0.19883892 0.00190537 0.98003956 0.13305382 0.00347294 0.99110772 0.21825636 0.29511115 -0.93020447 0.16673552 0.19877194 -0.96576502 0.22927665 0.39135613 -0.89122211 -0.00085203 0.40391635 -0.91479607 0.2149597 0.18523533 -0.95889588 -0.52091419 -0.04127022 0.85261117 -0.51046818 -0.0319198 0.85931246 0.9127266 0.04802696 -0.40573822 0.99416973 0.10637437 -0.01777148 -0.74137522 -0.02600837 -0.67059848 -0.73033489 0.06769942 -0.67973307 0.19657877 0.00668399 0.98046704 0.19396974 0 0.98101266 -0.99808951 -0.05677885 0.02464143 -0.99810102 -0.05650596 0.02462671 -0.99862643 -0.04454605 0.02767514 -0.99337538 -0.01277327 -0.11425819 -0.99957176 -0.02903997 -0.00498995 -0.99819245 0.00771425 -0.05970132 0.99861302 0.03969959 0.03458729 0.99919327 -0.00819285 0.03942507 0.99534818 0.02101952 0.0940268 0.98949417 0.08010694 -0.12037228 -0.63686225 0.76802773 -0.06741846 -0.64806464 0.69679711 -0.30740262 -0.56275093 0.80514048 -0.18725685 -0.96183695 0.22626469 -0.15390908 -0.99632468 0.02598333 -0.08169908 -0.99562909 0.01745093 -0.09178088 -0.99542328 0.0236885 -0.09264882 -0.99115243 0.0732759 -0.1107335 0.99400302 -0.04600461 0.09923502 0.95395728 -0.29284072 0.0649049 -0.99457081 -0.08430726 0.06106581 -0.99729707 -0.03605164 0.06406823 0.97004725 -0.02437112 -0.24171435 0.98697837 0.04703197 -0.15382695 0.96995558 -0.00763479 -0.2431662 0.96280052 -0.23919862 0.12571386 -0.97334154 0.21983061 0.06544993 -0.98080065 0.10245425 0.1659682 -0.97478982 0.2104949 0.07407142 -0.72990269 0.39352204 -0.55892497 -0.94166519 -0.21591485 -0.25817462 -0.9311954 -0.33885963 -0.13438911 0.99199226 0.03018239 0.12266832 0.98195817 0.02437949 0.18755644 0.99268772 -0.00388089 0.12066541 0.99736109 0.01897424 0.07013133 -0.99804457 -0.05751126 0.02454055 -0.99906763 -0.03876161 0.01939001 0.99350359 0.08504595 -0.07569014 0.99791636 0.04914189 -0.04198 -0.99358758 -0.10306287 -0.04655054 -0.97989084 -0.1936877 -0.04805307 -0.98762234 -0.14959567 -0.04725587 -0.99482229 -0.09673449 0.0313894 -0.97215172 -0.22869234 -0.05124882 -0.9706098 -0.2351374 -0.05132677 -0.77702118 0.56742382 -0.27254303 -0.68848178 0.69910542 -0.19302509 -0.99029013 -0.09514811 0.10137174 -0.9948416 -0.01598916 0.10020619 0.97517546 -0.03264246 -0.21902496 0.98931797 -0.01846774 -0.14464068 0.97742196 -0.03668344 -0.2081178 0.96726342 0.03856798 0.25086426 -0.99829992 -0.00534211 0.05814606 -0.9948239 -0.09432901 0.03790177 0.98321166 0.09970076 -0.15283922 0.99595549 0.03547522 -0.08255272 0.9888791 0.13942108 -0.05184299 0.97702958 0.04809589 0.20762218 -0.98679634 -0.14356809 -0.07502883 -0.98509874 -0.15492993 -0.07475283 -0.98646774 -0.14585201 -0.07494691 -0.98888417 -0.13050475 0.07137052 -0.98051496 -0.16257676 -0.11035191 -0.98147543 -0.15660542 -0.11042193 -0.80737059 0.57414674 -0.13612122 -0.63022331 0.77589137 -0.0286296 -0.50624555 0.84476249 0.17347056 -0.86864851 0.39889957 0.29382893 -0.99966713 -0.00674937 -0.02494058 -0.99391171 -0.05239527 -0.09695651 -0.99598899 0.03151143 0.08380787 -0.99724617 0.00652012 -0.07400117 0.93859412 -0.18348787 -0.29220691 0.96465643 -0.15745587 -0.21129804 0.94020279 -0.18978033 -0.28286111 0.96190675 -0.12736989 0.2419078 -0.9966118 0.07404443 -0.03590498 -0.99850049 0.02541014 0.04853497 -0.99304577 -0.09224111 -0.07321073 -0.98485579 -0.14429886 -0.09613145 0.97857531 -0.01365181 0.20544267 0.96190675 -0.12736992 0.24190777 0.99078962 -0.10371328 -0.08713682 0.99589362 -0.07385882 -0.05245897 0.99405976 -0.05474786 -0.09413155 0.97090407 -0.19541241 -0.13844783 -0.99434718 0.03041154 0.10177158 -0.9942685 0.03078819 0.10239136 -0.99245306 0.06210446 0.10577781 -0.98847069 0.11048527 0.10359623 -0.83993904 0.48366221 0.24613941 -0.75956471 0.3552468 0.54486411 0.99868353 0.03284631 -0.03942052 0.98776229 0.07163704 0.13858741 -0.99654784 -0.06577141 -0.05066871 -0.99461963 -0.09548114 -0.04029651 -0.99610873 -0.07445076 -0.04730964 -0.99581816 0.02480299 0.08795316 -0.99299874 -0.10212579 -0.05948234 -0.99318071 -0.0999242 -0.06013485 -0.96026268 0.26181572 -0.09676792 -0.99797019 0.03819037 -0.0510421 -0.99156036 0.11392648 -0.06198078 0.97066225 -0.21795224 -0.10157412 0.9548746 -0.25842723 0.14638972 -0.54156339 0.83961974 0.04190651 -0.93618317 -0.34124024 -0.084419 -0.99354126 -0.09501764 -0.06206982 0.99015727 0.01666836 0.13901007 0.95241853 -0.2588163 0.160996 -0.99260815 -0.02723354 0.11829075 -0.99614873 -0.01213401 0.08688239 -0.92211391 -0.3658091 0.12607288 -0.89384185 -0.42443003 0.14461204 -0.98041495 -0.14607752 0.13214152 -0.96439346 0.18013907 -0.19364246 -0.94207581 0.33451359 -0.02439411 -0.95786896 0.28684863 -0.01434588 0.06327972 -0.01742808 0.99784758 0.06272528 -0.03116615 0.99754461 0.05669307 0.03349837 0.99783208 0 0 1.00000345 0.61057165 -0.04812782 0.79050643 0.93359586 0.02815599 -0.35722573 0.93233355 0.03520644 0.35989232 0.93019654 0.0357868 -0.36532693 0.77962918 0.2665466 -0.5666899 0.47680928 -0.37003131 0.79733015 0.62407556 -0.20275333 0.75460536 0.99168291 -0.09920227 0.08206286 0.98996605 -0.11781219 0.07808265 0.98958202 -0.12150949 0.07728557 0.99611982 -0.05817287 -0.06604498 0.99570694 -0.08041297 0.04589017 0.99711146 -0.07196465 -0.02452987 0.99839082 -0.05061852 -0.02575304 0.99985661 -0.00763999 -0.01523188 0.81539474 0.26716893 -0.51357853 0.4719107 -0.447522 -0.75962413 0.78839541 0.18515251 -0.5866543 0.88125293 0.08008936 0.46581306 0.80395572 0.16974274 -0.5699504 0.44079875 -0.1717848 -0.88101856 0.99774542 0.0023208 0.0671226 0.99789908 -0.00907353 0.06419336 0.99945446 0.01654248 0.02868784 0.99878439 0.04640083 0.01697973 -0.97047659 -0.2256516 -0.08523629 0.58046394 0.80476855 0.12416872 0.57331335 0.81818865 0.04344017 0.70957244 0.69502697 -0.11601275 0.91182377 0.33320863 0.23994004 0.99347701 -0.10069087 -0.05356724 0.99969693 -0.02115147 -0.01302173 0.98257174 -0.17439703 -0.06442532 0.99821814 -0.04765901 -0.03608331 0.01685947 -0.99986043 -0.00060897 -0.10757875 -0.97927983 0.17157704 0.76321799 -0.48036473 -0.43215253 0.21379585 0 0.97688063 0.10864712 0 0.99408927 0.10864712 0 0.99408927 0.30888109 0.17921264 0.93406667 0.41266556 -0.00003305 0.91088583 0.40765672 0.0411373 0.91221215 0.51002252 -0.40258177 0.76014603 -0.08934041 -0.01746367 0.99585339 -0.12960684 -0.08860819 0.98760094 0.85486148 0.18360661 -0.4852876 0.85604541 0.17956992 -0.48471366 0.85830282 0.16995079 -0.48418294 0.69120953 0.20106471 0.69413004 0.92502888 0.1473249 0.35020612 0.99280014 -0.09490441 0.07317049 0.99942013 -0.01559023 0.0303701 0.98113074 0.13659578 0.13687583 -0.13838738 -0.22264118 0.9650385 -0.17594128 -0.05933436 0.98261126 0.0616623 0.16386935 0.98456051 0.62262496 0.75330241 -0.21183827 0.63467476 0.64507982 -0.42551347 0.99263152 -0.1146651 -0.03919632 0.98197087 0.08047619 -0.17105404 0.99428733 -0.08924781 -0.05859293 0.69180301 0.36066534 -0.62557116 0.97200556 -0.13213415 -0.19429187 0.95978417 -0.25885045 -0.10869715 0.09279454 -0.99146458 -0.09163535 0.9879423 -0.13885389 0.06848363 0.99690833 -0.04545282 0.0641901 0.99481668 -0.09657769 0.03196001 0.99637558 -0.07866974 0.03258607 0.99640092 -0.0781286 0.03298662 0.99391588 -0.09509647 -0.05570406 0.98762681 -0.14952422 -0.04731013 0.97989627 -0.19362403 -0.04816314 0.97003223 -0.23475494 -0.06273099 0.97153218 -0.22851375 -0.06264949 0.79936106 0.57886034 -0.16106958 0.68345985 0.72640157 -0.07231654 0.99275806 -0.09244028 0.0768127 0.99863824 0.02855392 0.04383202 0.94889774 0.25695294 0.18321664 0.97848542 0.20026538 0.04971334 0.02250028 0.96207275 0.27188649 0.99477109 -0.09522439 0.03703999 0.99397668 -0.03637421 -0.1033821 0.99392571 -0.0258226 -0.10700025 0.99028405 0.01948288 -0.13770404 0.99866041 -0.05105367 -0.00894617 0.99757113 -0.06834366 -0.01358221 0.99929174 -0.03485113 -0.0142446 0.99697455 -0.07664223 -0.01341377 0.94494541 -0.02834152 -0.32601468 0.99808475 -0.04013614 -0.04724963 -0.02860026 0.03038518 0.99913564 -0.02574344 0.0027356 0.9996688 0.99161335 -0.10953311 0.06868603 0.99046376 -0.12661984 -0.05433938 0.98814227 -0.14596624 -0.04766533 0.98676451 -0.15509085 -0.04743473 0.98018619 -0.1568499 -0.12101114 0.97928866 -0.1624211 -0.12093397 0.74290688 0.62836114 -0.23080207 0.55980134 0.82763122 0.04063147 0.58227354 0.80701606 -0.0984358 0.72983021 0.49342915 0.47317221 0.99665036 -0.06459378 0.05022081 0.9958268 -0.04930129 -0.07686701 0.98890456 0.14039269 0.04859305 0.99073323 0.06223927 -0.12075091 0.89413016 0.35664179 0.27082535 0.99390414 -0.10181283 0.04245273 0.9931738 0.06071427 0.09967081 0.01436576 0.99004462 0.14004832 0.93334415 0.34889312 0.08453089 0.98458 -0.13787661 -0.10769407 0.65925268 0.71881515 -0.22066037 0.96843727 0.22143065 -0.11445402 0.99245294 0.06504212 0.10398734 0.99435338 0.03216707 0.1011809 0.85130249 0.47994395 0.21202541 0.7836631 0.55336201 0.28226917 0.99615612 -0.00025447 0.08768171 0.99410453 -0.08920215 -0.06171823 0.99586006 -0.07794409 -0.04679777 0.99449643 -0.09692195 -0.03991706 0.99146964 -0.10740091 -0.07399408 0.99155458 -0.1063857 -0.0743298 0.95702322 0.26299559 -0.12223736 0.99781229 0.02818826 -0.05992517 0.98389127 0.15599092 -0.08736188 0.52410036 0.85145711 -0.01873891 0.91219016 0.40796633 -0.03850534 0.99393567 -0.0977847 -0.05040056 -0.89719986 -0.17413358 0.40585004 0.03607117 -0.98455318 -0.17136364 0.03607117 -0.98455318 -0.17136364 -0.03220682 -0.91932042 -0.39220198 -0.39234083 -0.81383382 -0.42865347 -0.28642436 -0.88457094 -0.36809818 0.32428352 0.91544469 -0.23833003 0.11369226 -0.96295377 0.24454135 0.11369226 -0.96295377 0.24454135 -0.92559185 -0.28941234 0.24402625 -0.91756745 -0.30457206 0.2555755 -0.91756745 -0.30457206 0.2555755 -0.89160989 -0.43812444 0.114376 -0.81583218 0.56451076 0.12550149 -0.67307672 0.65390805 0.34551923 0.03684584 -0.99088027 0.12961463 -0.09556877 -0.98660435 0.13225914 -0.09556877 -0.98660435 0.13225914 -0.08391428 -0.98655244 0.14026029 -0.18936911 -0.95437797 0.23088906 0.34445865 0.92446538 -0.1634425 0.35833846 0.84503786 -0.39687129 -0.95092233 0.301201 0.07092237 -0.70968825 0.40093215 0.57931566 -0.83814911 0.54403877 0.03933622 -0.76676387 0.23683856 0.59665203 -0.85263805 -0.08077516 -0.51622748 -0.964888 0.22168297 0.14089859 -0.75570835 0.19770981 -0.62436411 -0.86547027 0.49091133 0.09986275 0.06596158 0.9965231 0.0510708 0.07065128 0.99628838 -0.04931684 0.06525863 0.98712029 -0.14608797 -0.62407437 0.74711967 -0.2288099 -0.70231671 0.71155334 0.02126077 -0.70231671 0.71155334 0.02126077 -0.68554625 0.6804587 0.25887381 0.44736766 -0.87695567 -0.17558215 0.34432049 -0.74223311 -0.57493168 0.66819439 0.50659114 -0.54487621 0.66819439 0.50659114 -0.54487621 -0.8100848 0.26281845 0.52412688 0.69259689 0.51738739 -0.5026229 0.69259689 0.51738739 -0.5026229 0.49552041 -0.78652419 -0.36857177 0.61231265 -0.55313664 -0.56490218 0.46345069 -0.87755732 -0.12292221 -0.94279255 -0.13948002 0.30281399 -0.73491598 -0.25306022 0.62918618 -0.73491634 -0.2530604 0.62918648 -0.73491634 -0.2530604 0.62918648 -0.91412087 -0.27568763 0.2973077 0.49976205 -0.78110612 -0.37431566 0.49976205 -0.78110612 -0.37431566 0.31868936 0.89333801 -0.31686081 0.31868936 0.89333801 -0.31686081 0.73491592 0.25306031 -0.62918618 -0.95425346 0.23789545 0.1811489 -0.83740805 0.48238908 0.25701227 0.87008075 0.03234595 0.49185147 0.68423912 -0.1312367 0.71736277 0.88630883 -0.44191738 0.13850229 0.06032309 0.9814839 -0.18181249 0.0566933 0.97357937 -0.2212218 0.06032309 0.9814839 -0.18181249 0.88630204 -0.44191401 0.13850119 0.88630204 -0.44191401 0.13850119 -0.89483588 -0.44548204 0.0287349 -0.89483588 -0.44548204 0.0287349 -0.74477953 -0.65901789 0.1049184 -0.89483224 -0.44548016 0.02873477 -0.74477953 -0.65901789 0.1049184 0.89483224 0.44548019 -0.02873478 0.82299326 0.41980924 -0.38268413 0.20123952 0.97822889 -0.05073549 0.97404601 0.2142643 -0.0730946 -0.93612488 0.24415887 -0.25311803 -0.20631336 0.96702536 -0.14937068 -0.41467621 0.88627098 0.20637143 0.99832907 -0.03834334 -0.04323173 0.7812689 -0.46096598 -0.42086892 -0.73830975 -0.59627455 0.31521614 -0.62551865 -0.69247959 0.35945605 -0.75577701 -0.65467146 -0.01481842 -0.55307656 -0.83004705 -0.07172761 -0.55307656 -0.83004705 -0.07172761 -0.49197956 -0.83776258 -0.23689509 0.91385384 -0.36363201 -0.18069538 0.91385384 -0.36363201 -0.18069538 -0.41467269 0.88626353 0.2063697 -0.41467269 0.88626353 0.2063697 0.41467624 -0.8862711 -0.20637143 -0.60762951 -0.77955938 -0.15190735 0.63878319 -0.57455366 -0.51172363 0.01505683 0.95575031 -0.29380253 -0.63878277 0.57455444 0.51172745 0 0.84863089 0.5289911 0.30846803 -0.80704741 -0.50351309 0.99293055 -0.11874741 0 0.99816015 0.06066748 0 0.94723775 0.27577784 -0.16337475 0.17341989 -0.51382154 0.84018837 0.23209142 0.38552596 0.89303617 0.82850747 0.07031379 0.55555981 0.90793337 0.03269458 -0.41785135 0.92397644 -0.14820423 -0.35258491 0.70218242 -0.15991374 -0.6938065 0.10335752 0.51495665 0.85096793 0.10335752 0.51495665 0.85096793 0.10335752 0.51495665 0.85096793 -0.90237154 -0.25799453 -0.3452167 -0.90237154 -0.25799453 -0.3452167 -0.61414293 0.16283647 0.77221543 -0.87573246 0.04707364 0.48051121 -0.87573246 0.04707364 0.48051121 -0.26026311 0.55231422 0.79197795 0.9225436 -0.08513508 -0.37639658 0.9255174 -0.10548761 -0.36371683 0.89529239 -0.02366508 0.4448732 0.78052438 0.30141164 0.54767972 0.50695139 -0.1256887 0.85276519 0.39781068 0.05495922 0.91582574 0.53080159 0.83287071 -0.15677659 0.6755949 0.72240461 0.14734238 -0.15412604 0.30571939 0.93956615 -0.10316827 0.20084863 0.97418233 0.2659189 0.24697629 0.93182178 0.29582789 0.12567713 0.94694551 0.74948562 -0.263134 0.60748407 0.50502908 -0.25058457 0.82592659 -0.4618385 -0.41358148 0.78464461 -0.34872408 -0.1001646 0.93186386 -0.09486022 0.13927256 0.98570838 -0.25261592 0.20286842 0.94606777 0.84387873 -0.09121998 0.52872639 0.29346835 0.04959226 0.95468714 0.87345247 -0.14296388 -0.46544968 -0.15035173 0.01396278 0.98853507 0.3583584 0.01670051 0.93343522 0.78741426 0.27363285 0.55236506 -0.84509562 0.02341114 0.53410834 -0.19385546 0.01137074 0.98096671 0.65217546 -0.11740472 0.74893004 0.28210747 0.22552102 0.93250527 0.82107226 -0.56285941 -0.09509025 -0.11815632 -0.14538171 0.98230227 0.22872355 0.08570896 0.96971228 0.68456725 0.2445528 0.68670741 -0.96001621 -0.09364692 0.26382395 -0.24109139 -0.02621327 0.97015347 0.56819969 0.09235874 0.817699 0.95227685 -0.14026047 -0.27112635 -0.21251947 -0.12176773 0.96954151 0.43663516 0.08565609 0.89555763 -0.89536964 0.06319885 -0.44083141 -0.99441203 0.10373729 -0.01979659 -0.42952066 0.22007076 0.87583421 0.73182429 0.14364501 0.66619364 0.83008079 0.18617856 0.5256465 0.12226886 0.1990938 0.97232695 0.36035441 0.30070115 0.88302807 0.85863446 -0.23990438 0.45299988 0.5179249 0.04908448 0.85402082 -0.00473732 0.23400041 0.97222914 0.1780408 0.12647507 0.97586765 -0.57396727 0.32806383 0.75029058 -0.94640549 0.14772446 0.28724586 -0.87488542 0.30317046 0.37771423 -0.46714949 0.10875599 0.87747375 0.82239829 -0.19459615 -0.53460806 -0.40161048 0.60306493 0.68922964 -0.94642623 0.20137327 0.25246977 -0.95766314 -0.08309404 -0.2756465 0.90861066 -0.09584984 -0.40650948 0.5401678 -0.40911977 -0.73541886 0.94050892 -0.24046766 -0.24005029 -0.56574493 0.29291227 0.7708118 0.91074486 0.08330543 0.40449767 -0.00056785 0.12308573 0.99240568 -0.02239247 -0.41859214 0.9079019 -0.05706801 -0.35678788 0.93244692 -0.16110332 -0.03283758 0.98639222 -0.1237825 0.39933194 0.90841814 -0.08107636 0.57114869 0.81683604 -0.09696182 0.54774165 0.83101819 -0.13864917 0.32466917 0.93561329 -0.24682572 -0.05427609 0.96753897 0.1304256 0.89430289 -0.42803397 -0.03374464 0.7769754 -0.62863758 0.0453351 -0.98066553 -0.19037246 0.08992375 -0.54679602 -0.83243112 -0.15673595 0.4526568 -0.87780319 0.17733476 -0.50638556 -0.84387921 0.18188634 -0.78184212 -0.59636444 0.21811067 0.19973808 -0.95527484 0.54347533 0.09742181 -0.83375297 0.9822854 -0.14771442 -0.11533159 0.94839754 -0.3055297 0.08486937 -0.99561002 0.00067208 -0.09365514 -0.99287292 -0.04084276 -0.11200694 0.97878684 0.18610633 0.08575155 0.96848842 0.24909086 -0.00094394 0.96222409 0.26891967 0.04260862 -0.7608446 0.39994203 -0.51104468 0.62769392 -0.65121672 -0.42653253 0.63870838 -0.75318212 -0.15738839 0.63032547 -0.74252117 -0.2266104 -0.97756751 0.14421889 0.15355265 -0.96001383 0.25577822 0.11386216 -0.9434466 0.29655522 0.14822609 0.76084156 0.39994164 -0.5110532 0.84688006 0.51447856 -0.13457447 -0.47651504 -0.22407154 -0.85013382 -0.52197998 -0.06431534 -0.8505377 -0.98228755 -0.14771696 -0.11532781 -0.94839712 -0.30552946 0.08486931 0.50707662 0.84157692 -0.1860882 0.58194244 0.64436838 -0.49613553 0.61048356 0.67201129 -0.41919028 0.92652972 0.2250072 0.30154647 0.81714622 -0.25910454 0.51492536 0.85919379 -0.49989822 0.10907188 0.67986694 0.3674546 0.63463321 0.34008129 -0.72572685 0.59806216 0.37119235 -0.73012532 0.57371926 -0.50835972 0.84071652 -0.18646186 -0.61048868 0.67201135 -0.41918899 -0.58194697 0.64436838 -0.49613553 -0.92652174 0.22501265 0.30155502 -0.81921647 -0.26112112 0.51060622 -0.85919391 -0.49989822 0.10907182 -0.6851078 0.34205754 0.64315674 -0.37344004 -0.68356356 0.62712583 -0.4081619 -0.68840054 0.59959513 0.3281063 0.11891899 0.93713202 -0.32915963 -0.27013775 0.90480914 -0.21836743 -0.0109816 0.97581001 -0.29682976 0.11205243 0.94833853 -0.28742915 0.44457894 0.84837411 -0.32812603 0.11891187 0.9371263</float_array>
          
            <technique_common>
              <accessor source="#asterix_geom_tangents_array" count="1950" stride="3">
                <param name="X" type="float"/>
                <param name="Y" type="float"/>
                <param name="Z" type="float"/>
              </accessor>
            </technique_common>
          </source>
        
          <source id="asterix_geom_uvMap0" name="uvMap0">
            <float_array id="asterix_geom_uvMap0_array" count="3900">0.98412701 0.53968292 0.98412701 0.26984101 0.52381002 0.53968292 0.52381002 0.26984101 0.52381002 0.60317502 0.98412701 0.60317502 0.52381002 0.53968292 0.52381002 0.26984101 0.52381002 0.20634901 0.98412701 0.20634901 0.52381002 0.53968292 0.52381002 0.26984101 0.52381002 0.60317502 0.52381002 0.53968292 0.52381002 0.26984101 0.52381002 0.20634901 0.98412701 0.53968292 0.98412701 0.26984101 0.98412701 0.60317502 0.98412701 0.53968292 0.98412701 0.26984101 0.98412701 0.20634901 0.52381002 0.53968292 0.52381002 0.26984101 0.52381002 0.60317502 0.52381002 0.26984101 0.52381002 0.20634901 0.98412701 0.53968292 0.98412701 0.26984101 0.98412701 0.60317502 0.98412701 0.53968292 0.98412701 0.26984101 0.98412701 0.20634901 0.98412701 0.53968292 0.98412701 0.26984101 0.98412701 0.60317502 0.98412701 0.20634901 0.52381002 0.53968292 0.52381002 0.26984101 0.52381002 0.60317502 0.52381002 0.53968292 0.52381002 0.26984101 0.52381002 0.20634901 0.98164292 0.53968292 0.98164292 0.26984101 0.98164292 0.60317502 0.98164292 0.53968292 0.98164292 0.26984101 0.98412701 0.21257698 0.52381002 0.53968292 0.52381002 0.26984101 0.52381002 0.60317502 0.52381002 0.26984101 0.52381002 0.20634901 0.98412701 0.82214098 0.98412701 0.64403603 0.85714303 0.650794 0.77777798 0.74603201 0.85714303 0.650794 0.77777798 0.74603201 0.98412701 0.99133994 0.85714303 0.98412701 0.85714303 0.98412701 0.98412701 0.81323598 0.98412701 0.90521796 0.92063494 0.88934497 0.87301604 0.85714303 0.92063494 0.888889 0.87301604 0.85714303 0.87301604 0.77777798 0.92063494 0.74603201 0.98412701 0.73015905 0.92063494 0.74648798 0.87301604 0.77823395 0.77777798 0.888889 0.77777798 0.888889 0.98412701 0.95283695 0.888889 0.93650802 0.82539694 0.87301604 0.82539694 0.762361 0.888889 0.69886807 0.98412701 0.68299493 0.888889 0.69841305 0.82539694 0.76190496 0.82539694 0.87301604 0.888889 0.93650802 0.31745998 0.46031701 0.33741502 0.540344 0.365079 0.46031701 0.47800501 0.540344 0.365079 0.31745998 0.47800501 0.20568799 0.014059 0.540344 0.15873 0.46031701 0.11111099 0.46031701 0.15464899 0.540344 0.15464899 0.20568799 0.014059 0.20568799 0.11111099 0.31745998 0.15873 0.31745998 0.351474 0.20568799 0.31745998 0.31745998 0.07264 0.585442 0.012507 0.585442 0.012507 0.73629201 0.07264 0.73629201 0.15873 0.73015905 0.23809501 0.73015905 0.23809501 0.58730203 0.15873 0.58730203 0.31317098 0.73629201 0.31317098 0.585442 0.40336998 0.585442 0.40336998 0.73629201 0.47899102 0.585442 0.47899102 0.73629201 0.40336998 0.585442 0.40336998 0.73629201 0.47899102 0.73629201 0.47899102 0.585442 0.23809501 0.73015905 0.31317098 0.585442 0.23809501 0.58730203 0.31317098 0.73629201 0.15873 0.58730203 0.15873 0.73015905 0.07264 0.585442 0.07264 0.73629201 0.012507 0.585442 0.012507 0.73629201 0.014921 0.92268093 0.25872999 0.92268093 0.27396797 0.82527892 0.57855504 0.92063494 0.57855504 0.87301604 0.70035601 0.92063494 0.70035601 0.98412701 0.73080701 0.92063494 0.73080701 0.84088801 0.73080701 0.77777798 0.62423095 0.84126995 0.258827 0.921016 0.57855504 0.92063494 0.57855504 0.888889 0.59378004 0.85348003 0.62423095 0.84088801 0.57855504 0.98412701 0.62423095 0.92063494 0.62423095 0.98412701 0.258827 0.98412701 0.015225 0.921016 0.258827 0.921016 0.27405202 0.824863 0.57855504 0.92063494 0.57855504 0.87293993 0.61904797 0.84126995 0.73080701 0.84126995 0.258827 0.921016 0.58730203 0.85714303 0.57855504 0.98412701 0.62423095 0.92063494 0.62423095 0.98412701 0.55555606 0.92063494 0.56332999 0.96909298 0.258827 0.96909298 0.66990599 0.92063494 0.66990599 0.98412701 0.59378004 0.85714303 0.70035601 0.98412701 0.73080701 0.92063494 0.70035601 0.92063494 0.62423095 0.84126995 0.66990599 0.98412701 0.66990599 0.92063494 0.59378004 0.85714303 0.22222199 0.12698399 0.333333 0.01587301 0.22222199 0.01587301 0.333333 0.12698399 0.333333 0.01587301 0.22222199 0.01587301 0.333333 0.01587301 0.22222199 0.01587301 0.333333 0.01587301 0.22222199 0.01587301 0.333333 0.01587301 0.22222199 0.01587301 0.014921 0.92268093 0.27396797 0.82527892 0.25872999 0.92268093 0.57855504 0.92063494 0.57855504 0.888889 0.62423095 0.84126995 0.73080701 0.77777798 0.73080701 0.84088801 0.73080701 0.92063494 0.70035601 0.98412701 0.70035601 0.92063494 0.258827 0.921016 0.57855504 0.92063494 0.57855504 0.888889 0.59378004 0.85691397 0.62423095 0.84088801 0.62423095 0.92063494 0.57855504 0.98412701 0.62423095 0.98412701 0.258827 0.98412701 0.015225 0.921016 0.27405202 0.824863 0.258827 0.921016 0.57855504 0.92063494 0.57855504 0.888889 0.62423095 0.84126995 0.73080701 0.84126995 0.25396797 0.92063494 0.58730203 0.85714303 0.62423095 0.92063494 0.57855504 0.98412701 0.62423095 0.98412701 0.258827 0.98412701 0.66990599 0.92063494 0.66990599 0.98412701 0.59378004 0.85714303 0.70035601 0.98412701 0.70035601 0.92063494 0.73080701 0.92063494 0.62423095 0.84126995 0.66990599 0.98412701 0.66990599 0.92063494 0.59378004 0.85714303 0.26984101 0.12698399 0.26984101 0.01587301 0.20634899 0.01632702 0.333333 0.12698399 0.22222199 0.01587301 0.333333 0.01587301 0.333333 0.01587301 0.333333 0.01587301 0.22222199 0.01587301 0.34920598 0.01632702 0.090307 0.05430001 0.056202 0.01659601 0.03917299 0.035178 0.08802 0.01587301 0.036084 0.05361301 0.046672 0.07301497 0.068846 0.08915698 0.099522 0.09563398 0.141293 0.02970999 0.122173 0.01587301 0.141293 0.04738599 0.141293 0.06759899 0.128135 0.08591002 0.57142901 0.92063494 0.57142901 0.888889 0.57142901 0.888889 0.55555606 0.92063494 0.56260997 0.044344 0.52381002 0.15873003 0.61904797 0.15873003 0.65633694 0.073906 0.76568396 0.073906 0.76568396 0.01478099 0.67195794 0.01478099 0.87503199 0.01478099 0.87503199 0.073906 0.87301604 0.15873003 0.98412701 0.15873003 0.953137 0.044344 0.76190496 0.15873003 0.56603098 0.03800398 0.64071503 0.073906 0.75006301 0.073906 0.64071503 0.01478099 0.75006301 0.01478099 0.84378903 0.01478099 0.85941003 0.073906 0.953137 0.044344 0.11825 0.11825001 0.093122 0.15520298 0.13968299 0.139683 0.031746 0.14285701 0.059125 0.11825001 0.08868701 0.088687 0.13303099 0.088687 0.059125 0.11825001 0.15873 0.09523803 0.014781 0.088687 0.044344 0.088687 0.08868701 0.088687 0.10346899 0.11825001 0.08868701 0.01478099 0.15873 0.04761898 0.08868701 0.044344 0.029562 0.044344 0.031746 0.14285701 0.13968299 0.139683 0.044344 0.088687 0.014781 0.088687 0.15873 0.09523803 0.11825 0.088687 0.029562 0.044344 0.15873 0.04761898 0.58837497 0.90722104 0.58942604 0.87401603 0.55730206 0.88228391 0.56766003 0.85111301 0.64229497 0.87401603 0.63641998 0.84252004 0.58355206 0.81102399 0.58942604 0.84252004 0.67754003 0.850394 0.70103694 0.88188998 0.73628295 0.84252004 0.71278597 0.81102399 0.74215699 0.77952803 0.71866 0.77165396 0.74215699 0.74015702 0.71278597 0.74015702 0.71278597 0.70078696 0.68341503 0.68503896 0.68928895 0.71653498 0.65404299 0.69291297 0.65404299 0.66929099 0.61879799 0.69291297 0.56592899 0.77952803 0.63054601 0.80315004 0.671666 0.81889801 0.69516305 0.77952803 0.67754003 0.74015702 0.63641998 0.72440899 0.58742505 0.71248294 0.63054601 0.75590498 0.58355206 0.75590498 0.671666 0.77165396 0.86614202 0.65376804 0.82677196 0.65376804 0.82677196 0.70866103 0.86614202 0.65376804 0.86614202 0.68503896 0.84252004 0.65376804 0.86614202 0.65376804 0.82677196 0.65376804 0.86614202 0.67716506 0.82677196 0.68503896 0.57180398 0.82677196 0.53658694 0.82617597 0.54830604 0.79527594 0.515872 0.78876997 0.507187 0.81889801 0.54243201 0.89763795 0.52622991 0.94462701 0.58837497 0.99450102 0.47194101 0.78740204 0.47194101 0.80315004 0.47194101 0.85826801 0.47444202 0.91968997 0.53140795 0.86358105 0.51893496 0.637795 0.56766003 0.63291291 0.54694497 0.58927393 0.50551503 0.59550804 0.47781505 0.637795 0.46926301 0.61421099 0.54694497 0.56433695 0.515872 0.53939998 0.59530103 0.62204692 0.61426798 0.570571 0.58319604 0.58303898 0.629805 0.61421099 0.63641998 0.66929099 0.60704902 0.67716506 0.56766003 0.54563397 0.47962104 0.72642697 0.51069295 0.76383299 0.51069295 0.72642697 0.433012 0.75759907 0.433012 0.78876997 0.433012 0.83241002 0.47411104 0.13075601 0.409449 0.12598401 0.47411104 0.09902203 0.51109498 0.20329302 0.48150798 0.16249102 0.59985703 0.13982295 0.61464998 0.20329302 0.38535 0.20329302 0.38535 0.15795701 0.51849204 0.11715602 0.25984302 0.29133904 0.25984302 0.36220501 0.309494 0.31566398 0.267717 0.25984299 0.25984302 0.36220501 0.28910299 0.27902698 0.30708699 0.32283507 0.36220501 0.25984299 0.25984302 0.25984299 0.25984302 0.36220501 0.12553398 0.36310498 0.23711999 0.13298296 0.00697399 0.13295799 0.25984302 0.36220501 0.36220501 0.36220501 0.314961 0.25984299 0.25984302 0.25984299 0.36220501 0.29921305 0.314961 0.30708699 0.314961 0.36220501 0.36220501 0.36220501 0.25984302 0.36220501 0.25984302 0.25984299 0.36220501 0.36220501 0.00697399 0.13298296 0.12553398 0.36310498 0.23711999 0.13298296 0.23711999 0.13298296 0.314961 0.27559101 0.36220501 0.25984299 0.23711999 0.13298296 0.00697399 0.13298296 0.25984302 0.25984299 0.36220501 0.25984299 0.25984302 0.36220501 0.38382702 0.64566901 0.41747599 0.58927393 0.381225 0.56433695 0.42494701 0.62992099 0.63846901 0.99154397 0.66281602 0.99154397 0.63846901 0.91544398 0.66281602 0.91544398 0.68716303 0.99154397 0.68716303 0.91544398 0.71759701 0.99154397 0.71759701 0.91544398 0.74194498 0.99154397 0.74194498 0.91544398 0.47781505 0.67716506 0.41747599 0.67031899 0.41319795 0.71653498 0.51893496 0.70078696 0.433012 0.55810207 0.453727 0.53316503 0.48480003 0.51446205 0.53658694 0.51446205 0.25984302 0.25984299 0.26321199 0.29555797 0.381225 0.80123894 0.381225 0.70772505 0.42494701 0.92125996 0.41319795 0.889764 0.42355399 0.87929396 0.40321501 0.90606501 0.012565 0.07268297 0.012565 0.08479702 0.002513 0.07268297 0.002513 0.08479702 0.007539 0.02422797 0.007539 0.03634202 0.002513 0.02422797 0.002513 0.03634202 0.007539 0.048455 0.002513 0.048455 0.012565 0.06056898 0.007539 0.06056898 0.007539 0.09691101 0.012565 0.09691101 0.012565 0.02422797 0.012565 0.03634202 0.012565 0.048455 0.01759099 0.048455 0.030156 0.08479702 0.032669 0.07268297 0.035182 0.07268297 0.022617 0.08176899 0.022617 0.06662601 0.030156 0.09691101 0.022617 0.09085399 0.022617 0.09993899 0.01759099 0.03634202 0.022617 0.02422797 0.022617 0.04239899 0.030156 0.04542702 0.030156 0.03331297 0.022617 0.05754101 0.040208 0.05754101 0.040208 0.07268297 0.035182 0.05754101 0.040208 0.08479702 0.040208 0.09691101 0.030156 0.02422797 0.040208 0.02422797 0.040208 0.030285 0.040208 0.03937 0.035182 0.048455 0.040208 0.048455 0.36292101 0.00369101 0.36292101 0.11441898 0.25577899 0.11430001 0.25577899 0.00380998 0.53543293 0.23621999 0.61417297 0.23621999 0.53328597 0.23956101 0.44452398 0.23956101 0.38535 0.23956101 0.38535 0.22142702 0.36292101 0.00369101 0.25554797 0.00369101 0.25554797 0.11441898 0.36292101 0.11441898 0.36292101 0.11441898 0.36292101 0.00369101 0.25554797 0.00369101 0.25554797 0.11441898 0.36292101 0.11441898 0.36292101 0.00369101 0.47444202 0.95709505 0.47444202 0.99450102 0.25554797 0.00369101 0.25554797 0.11441898 0.30565502 0.025837 0.36292101 0.11441898 0.57026994 0.10355502 0.56005501 0.88188998 0.56592899 0.850394 0.58355206 0.81102399 0.63641998 0.84252004 0.67754003 0.850394 0.71278597 0.81102399 0.71866 0.77165396 0.71278597 0.74015702 0.68928895 0.71653498 0.65404299 0.69291297 0.61879799 0.69291297 0.56592899 0.77952803 0.63054601 0.80315004 0.671666 0.81889801 0.69516305 0.77952803 0.67754003 0.74015702 0.63641998 0.72440899 0.58355206 0.75590498 0.63054601 0.75590498 0.671666 0.77165396 0.57180398 0.82677196 0.53655797 0.82677196 0.507187 0.81889801 0.51306104 0.78740204 0.54830604 0.79527594 0.524809 0.94488205 0.54243201 0.89763795 0.47194101 0.80315004 0.47194101 0.78740204 0.47194101 0.85826801 0.47194101 0.92125996 0.53068393 0.86614202 0.51893496 0.637795 0.54830604 0.59055108 0.56592899 0.62992099 0.507187 0.59842509 0.47781505 0.637795 0.47194101 0.61417297 0.54830604 0.56692898 0.51306104 0.543307 0.59530103 0.62204692 0.58355206 0.58267688 0.60704902 0.67716506 0.59044105 0.71142603 0.56802702 0.54157698 0.47781505 0.72440899 0.51306104 0.72440899 0.51306104 0.76378001 0.66167996 0.57007896 0.67401603 0.52047199 0.67401603 0.61141697 0.72908694 0.611496 0.72952802 0.51220494 0.74438501 0.57578694 0.74186403 0.53700798 0.43082102 0.75590498 0.43082102 0.78740204 0.43082102 0.83464603 0.47244104 0.13309597 0.47244104 0.09931397 0.409449 0.12344401 0.59842509 0.13792198 0.48031502 0.16205197 0.51181101 0.20548599 0.61417297 0.20548599 0.38582702 0.20548599 0.38582702 0.15722602 0.51968497 0.118618 0.35433103 0.25984299 0.36220501 0.36220501 0.36220501 0.29133904 0.25984302 0.25984299 0.25984302 0.36220501 0.32283504 0.36220501 0.36220501 0.25984299 0.38382702 0.56692898 0.419073 0.59055108 0.38382702 0.64566901 0.42494701 0.62992099 0.66281602 0.99154397 0.66281602 0.91544398 0.68716303 0.99154397 0.68716303 0.91544398 0.71759701 0.99154397 0.71759701 0.91544398 0.47781505 0.67716506 0.41319795 0.71653498 0.419073 0.66929099 0.43082102 0.55905503 0.40841101 0.96416404 0.40145 0.92913397 0.40145 0.97637792 0.38983904 0.93581303 0.40145 0.90551205 0.394426 0.89406 0.41307299 0.89072202 0.40841101 0.88070695 0.42472701 0.884046 0.44256999 0.97637792 0.44256999 0.94488205 0.43669503 0.96850403 0.42494701 0.92125996 0.42494701 0.97637792 0.38382702 0.70866103 0.38382702 0.64566901 0.419073 0.59055108 0.38382702 0.80315004 0.29038798 0.63561496 0.290369 0.70393694 0.36438499 0.63561496 0.36438499 0.70393694 0.30746399 0.73809803 0.318837 0.84627496 0.36438699 0.74379206 0.36438499 0.90321 0.005694 0.86335604 0.005694 0.94306507 0.03985499 0.95445206 0.074016 0.88612996 0.079709 0.755179 0.005694 0.76087201 0.074016 0.70393694 0.074084 0.63561496 0.005694 0.70393694 0.005694 0.63561496 0.142338 0.70393694 0.14239001 0.63561496 0.15941901 0.84058104 0.148082 0.74379206 0.239128 0.82919399 0.23346602 0.73809803 0.21635399 0.70393694 0.21638901 0.63561496 0.25577899 0.00380998 0.36292101 0.00369101 0.36245902 0.11430001 0.25554797 0.11441898 0.53543293 0.239268 0.61417297 0.239268 0.51968497 0.23621999 0.44094499 0.239268 0.25554797 0.00369101 0.36292101 0.00369101 0.36292101 0.00369101 0.25554797 0.00369101 0.25554797 0.00369101 0.08540301 0.698243 0.14803199 0.698243 0.005694 0.698243 0.56692898 0.10413998 0.36438499 0.698243 0.30745001 0.698243 0.233434 0.698243 0.030156 0.05754101 0.54243201 0.75590498 0.54243201 0.72440899 0.54243201 0.72440899 0.54243201 0.75590498 0.57180398 0.72440899 0.56005501 0.67716506 0.42494701 0.984252 0.68635199 0.51220494 0.70485604 0.61968497 0.66129396 0.57059502 0.67362997 0.61193392 0.67362997 0.52098894 0.72914202 0.61193392 0.74147797 0.57886302 0.72914202 0.512721 0.74147797 0.53752505 0.40931599 0.96295198 0.40145 0.97637792 0.40018098 0.93280001 0.38959502 0.93721606 0.395079 0.896026 0.40732398 0.88188998 0.44185998 0.97299095 0.43625702 0.96695497 0.439826 0.94287397 0.42355399 0.98302998 0.42355399 0.97299095 0.68596599 0.512721 0.70446999 0.62020198 0.25984302 0.36220501 0.00697399 0.13298296 0.12553398 0.36310498 0.23711999 0.13298296 0.23711999 0.13298296 0.00697399 0.13298296 0.23711999 0.13298296 0.00697399 0.13298296 0.36220501 0.36220501 0.36220501 0.25984299 0.00697399 0.13298296 0.12553398 0.36310498 0.23711999 0.13298296 0.36220501 0.36220501 0.36220501 0.25984299 0.32283504 0.32283507 0.00697399 0.13298296 0.23711999 0.13298296 0.00697399 0.13298296 0.23711999 0.13298296 0.29454702 0.365288 0.36220501 0.36220501 0.36220501 0.25984299 0.54830604 0.77952803 0.54830604 0.77952803 0.54830604 0.79527594 0.54694497 0.78253598 0.14173199 0.11023598 0.18897601 0.11023598 0.16535398 0.06299197 0.13385799 0.06299197 0.20472398 0.06299197 0.228346 0.11023598 0.23621999 0.06299197 0.18897601 0.01574802 0.14173199 0.01574802 0.220472 0.01574802 0.54176604 0.99450102 0.38582702 0.21996402 0.38582702 0.239268 0.47194101 0.96062996 0.47194101 0.99212601 0.30565502 0.025837 0.54243201 0.99212601 0.76378001 0.77165396 0.78740204 0.77165396 0.76378001 0.65354303 0.78740204 0.65354303 0.78740204 0.65354303 0.76378001 0.65354303 0.76378001 0.77165396 0.78740204 0.77165396 0.78740204 0.77165396 0.78740204 0.65354303 0.76378001 0.77165396 0.76378001 0.65354303 0.78740204 0.65354303 0.77952803 0.77165396 0.78740204 0.65354303 0.76378001 0.65354303 0.78740204 0.65354303 0.76378001 0.65354303 0.78740204 0.77165396 0.78740204 0.65354303 0.76378001 0.77165396 0.76378001 0.65354303 0.76378001 0.65354303 0.78740204 0.77165396 0.78740204 0.65354303 0.76378001 0.77165396 0.76378001 0.77165396 0.78740204 0.77165396 0.76378001 0.65354303 0.78740204 0.65354303 0.76378001 0.65354303 0.76557101 0.773381 0.76378001 0.65354303 0.78740204 0.65354303 0.77952803 0.77165396 0.78740204 0.65354303 0.76378001 0.65354303 0.58355206 0.53543293 0.28807398 0.15084999 0.32914798 0.13220101 0.349685 0.15084999 0.349685 0.18193101 0.26069101 0.18193101 0.349685 0.21301299 0.27438199 0.23787802 0.25984302 0.21259802 0.349685 0.23787802 0.34719597 0.23621999 0.29118499 0.23621999 0.29118499 0.20472395 0.32914798 0.20218401 0.32852499 0.15748 0.34283902 0.17170399 0.349685 0.20218401 0.30197899 0.15819603 0.30708699 0.13385796 0.26317995 0.18897604 0.27447402 0.15819603 0.28686001 0.15308499 0.346422 0.15176403 0.32914798 0.13220101 0.349685 0.18193101 0.25984302 0.21259802 0.349685 0.21301299 0.26317995 0.23621999 0.30746399 0.73809803 0.318837 0.84627496 0.03985499 0.95445206 0.074016 0.88612996 0.079709 0.755179 0.15941901 0.84058104 0.148082 0.74379206 0.239128 0.82919399 0.23346602 0.73809803 0.239158 0.89182298 0.170851 0.89182298 0.19358 0.94306507 0.142338 0.99430599 0.142338 0.93737103 0.19358 0.99430599 0.09679 0.95445206 0.25051501 0.94306507 0.25054198 0.99430599 0.36438499 0.99430599 0.08540301 0.698243 0.14803199 0.698243 0.30745001 0.698243 0.233434 0.698243 0.29606303 0.63561496 0.29606303 0.70393694 0.079709 0.70393694 0.079709 0.63561496 0.15372501 0.70393694 0.15372501 0.63561496 0.22774098 0.70393694 0.22774098 0.63561496 0.86614202 0.70866103 0.86614202 0.65376804 0.82677196 0.65376804 0.82677196 0.68503896 0.86614202 0.68503896 0.86614202 0.65376804 0.82677196 0.65376804 0.85826801 0.65376804 0.82677196 0.68503896 0.10348799 0.80591397 0.10348799 0.77795298 0.061289 0.80591397 0.061289 0.77795298 0.15506501 0.80591397 0.15506501 0.77795298 0.21133 0.77795298 0.28166198 0.80591397 0.28166198 0.77795298 0.34730498 0.80591397 0.34730498 0.77795298 0.08687199 0.76915503 0.053446 0.76915503 0.09522901 0.73809803 0.053446 0.73809803 0.13283298 0.76915503 0.13283298 0.73809803 0.19550799 0.73809803 0.25818297 0.77359206 0.25818297 0.73809803 0.29578799 0.77359206 0.29578799 0.73809803 0.23711999 0.13298296 0.00697399 0.13298296 0.12553398 0.36310498 0.36220501 0.36220501 0.23711999 0.13298296 0.00697399 0.13298296 0.23711999 0.13298296 0.00697399 0.13298296 0.36220501 0.36220501 0.36220501 0.25984299 0.25984302 0.25984299 0.00697399 0.13298296 0.12553398 0.36310498 0.23711999 0.13298296 0.25984302 0.36220501 0.006733 0.07867002 0.00151199 0.07867002 0.006733 0.09248501 0.00151199 0.09248501 0.006733 0.02341198 0.00151199 0.02341198 0.006733 0.03722602 0.00151199 0.03722602 0.006733 0.051041 0.00151199 0.051041 0.011955 0.06485599 0.006733 0.06485599 0.006733 0.10629898 0.011955 0.10629898 0.011955 0.02341198 0.011955 0.03722602 0.017176 0.051041 0.011955 0.051041 0.03284099 0.09248501 0.038063 0.07867002 0.032669 0.08040899 0.020104 0.08391201 0.022617 0.07340198 0.03023 0.10629898 0.022617 0.09442198 0.022617 0.104932 0.017176 0.03722602 0.022398 0.02341198 0.022617 0.045376 0.030156 0.04887902 0.03023 0.033773 0.021895 0.06441402 0.03973 0.06441402 0.035182 0.06289202 0.040674 0.07867002 0.043284 0.09248501 0.043284 0.10629898 0.040674 0.02341198 0.03023 0.02341198 0.040674 0.03031897 0.040674 0.04067999 0.035182 0.05238199 0.040674 0.051041 0.053728 0.03722602 0.053728 0.02341198 0.064171 0.06485599 0.064171 0.051041 0.053728 0.051041 0.047374 0.06441402 0.048506 0.07867002 0.064171 0.07867002 0.053728 0.10629898 0.064171 0.09248501 0.053728 0.09248501 0.064171 0.10629898 0.030156 0.06289202 0.239158 0.89182298 0.170851 0.89182298 0.19358 0.94306507 0.142338 0.93737103 0.142338 0.99430599 0.19358 0.99430599 0.09679 0.95445206 0.25051501 0.94306507 0.25054198 0.99430599 0.064171 0.03722602 0.064171 0.02341198 0.36220501 0.28346502 0.33858298 0.25984299 0.314961 0.32283507 0.36220501 0.36220501 0.36220501 0.25984299 0.33858298 0.25984299 0.36220501 0.36220501 0.36220501 0.314961 0.331419 0.262434 0.34645702 0.36220501 0.30164797 0.30402802 0.23711999 0.13298296 0.00697399 0.13298296 0.12553398 0.36310498 0.25984302 0.37007902 0.25984302 0.30708699 0.36220501 0.33858298 0.36220501 0.36220501 0.36220501 0.25984299 0.314961 0.25984299 0.27797799 0.28344201 0.30708699 0.33070896 0.30708699 0.25984299 0.25984302 0.36220501 0.25984302 0.30708699 0.36220501 0.30708699 0.36220501 0.36220501 0.23711999 0.13298296 0.00697399 0.13298296 0.12553398 0.36310498 0.23711999 0.13298296 0.00697399 0.13298296 0.23711999 0.13298296 0.00697399 0.13298296 0.25984302 0.25984299 0.25984302 0.36220501 0.314961 0.25984299 0.25984302 0.36220501 0.36220501 0.36220501 0.23711999 0.13298296 0.00697399 0.13298296 0.25984302 0.36220501 0.25984302 0.25984299 0.23711999 0.13298296 0.00697399 0.13298296 0.12553398 0.36310498 0.30708699 0.25984299 0.25984302 0.36220501 0.36220501 0.36220501 0.36220501 0.25984299 0.23711999 0.13298296 0.00697399 0.13298296 0.23711999 0.13298296 0.00697399 0.13298296 0.23711999 0.13298296 0.00697399 0.13298296 0.12553398 0.36310498 0.30708699 0.36220501 0.36220501 0.36220501 0.36220501 0.25984299 0.25984302 0.29133904 0.23711999 0.13298296 0.00697399 0.13298296 0.23711999 0.13298296 0.00697399 0.13298296 0.25984302 0.29921305 0.25984302 0.36220501 0.36220501 0.29921305 0.36220501 0.36220501 0.00697399 0.13298296 0.12553398 0.36310498 0.23711999 0.13298296 0.25984302 0.25984299 0.27559101 0.25984299 0.26317697 0.29361504 0.00697399 0.13298296 0.23711999 0.13298296 0.00697399 0.13298296 0.23711999 0.13298296 0.25984302 0.25984299 0.00697399 0.13298296 0.23711999 0.13298296 0.36220501 0.25984299 0.25984302 0.25984299 0.25984302 0.36220501 0.25984302 0.36220501 0.25984302 0.25984299 0.36220501 0.25984299 0.36220501 0.36220501 0.36220501 0.25984299 0.25984302 0.25984299 0.27559101 0.36220501 0.25984302 0.25984299 0.36220501 0.25984299 0.25984302 0.36220501 0.36220501 0.36220501 0.36220501 0.25984299 0.25984302 0.25984299 0.56005501 0.67716506 0.76378001 0.65354303 0.78740204 0.65354303 0.76378001 0.65354303 0.78740204 0.65354303 0.76378001 0.65354303 0.78740204 0.65354303 0.00787399 0.60127291 0.070866 0.60127291 0.070866 0.61685398 0.00787399 0.61685398 0.00787399 0.53895098 0.03937 0.52337098 0.07874 0.54414504 0.00787399 0.55972504 0.00787399 0.51817697 0.00787399 0.51817697 0.33070899 0.52856403 0.36220501 0.52856403 0.32283504 0.54414504 0.36220501 0.54414504 0.36220501 0.56491899 0.267717 0.56491899 0.267717 0.60127291 0.36220501 0.60127291 0.267717 0.61685398 0.36220501 0.61685398 0.14173199 0.57530599 0.20472398 0.57530599 0.20472398 0.60127291 0.14173199 0.60127291 0.14173199 0.61685398 0.20472398 0.61685398 0.03937 0.50779002 0.086614 0.51817697 0.14173199 0.52856403 0.20472398 0.52856403 0.267717 0.52337098 0.30708699 0.51817697 0.36220501 0.53375798 0.36220501 0.51817697 0.00787399 0.50779002 0.36220501 0.48182302 0.30708699 0.47662901 0.267717 0.47662901 0.212598 0.48182302 0.149606 0.48701601 0.094488 0.48182302 0.047244 0.48182302 0.00787399 0.48182302 0.36220501 0.38314597 0.36220501 0.40911399 0.30708699 0.38314597 0.30708699 0.41430699 0.267717 0.38314597 0.267717 0.419501 0.220472 0.41430699 0.220472 0.38314597 0.16535398 0.38314597 0.15748001 0.40911399 0.10236199 0.38314597 0.10236199 0.40391998 0.047244 0.38314597 0.047244 0.39872699 0.00787399 0.40911399 0.00787399 0.38314597 0.10236199 0.455855 0.16535398 0.455855 0.15748001 0.47143601 0.055118 0.455855 0.00787399 0.46104895 0.00787399 0.47143601 0.220472 0.455855 0.212598 0.47143601 0.267717 0.455855 0.25984302 0.46624201 0.30708699 0.455855 0.30708699 0.46624201 0.36220501 0.46104895 0.36220501 0.47143601 0.36220501 0.43508099 0.30708699 0.43508099 0.16535398 0.43508099 0.220472 0.43508099 0.10236199 0.43508099 0.055118 0.43508099 0.00787399 0.43508099 0.00787399 0.58049899 0.07874 0.57530599 0.267717 0.58569294 0.36220501 0.58049899 0.267717 0.43508099 0.070866 0.61685398 0.070866 0.60127291 0.07874 0.54414504 0.03937 0.52337098 0.00787399 0.51817697 0.33070899 0.52856403 0.32283504 0.54414504 0.267717 0.56491899 0.267717 0.60127291 0.267717 0.61685398 0.14173199 0.57530599 0.20472398 0.60127291 0.20472398 0.57530599 0.14173199 0.60127291 0.14173199 0.61685398 0.20472398 0.61685398 0.03937 0.50779002 0.086614 0.51817697 0.14173199 0.52856403 0.20472398 0.52856403 0.267717 0.52337098 0.30708699 0.51817697 0.36220501 0.53375798 0.36220501 0.51817697 0.00787399 0.50779002 0.36220501 0.48182302 0.30708699 0.47662901 0.267717 0.47662901 0.212598 0.48182302 0.149606 0.48701601 0.094488 0.48182302 0.047244 0.48182302 0.00787399 0.48182302 0.36220501 0.38314597 0.30708699 0.38314597 0.36220501 0.40911399 0.30708699 0.41430699 0.267717 0.38314597 0.267717 0.419501 0.220472 0.41430699 0.220472 0.38314597 0.16535398 0.38314597 0.15748001 0.40911399 0.10236199 0.38314597 0.10236199 0.40391998 0.047244 0.38314597 0.047244 0.39872699 0.00787399 0.40911399 0.00787399 0.38314597 0.10236199 0.455855 0.15748001 0.47143601 0.16535398 0.455855 0.055118 0.455855 0.00787399 0.46104895 0.00787399 0.47143601 0.212598 0.47143601 0.220472 0.455855 0.25984302 0.46624201 0.267717 0.455855 0.30708699 0.46624201 0.30708699 0.455855 0.36220501 0.47143601 0.36220501 0.46104895 0.36220501 0.43508099 0.30708699 0.43508099 0.16535398 0.43508099 0.220472 0.43508099 0.10236199 0.43508099 0.055118 0.43508099 0.00787399 0.43508099 0.07874 0.57530599 0.267717 0.58569294 0.267717 0.43508099 0.29118499 0.20472395 0.29118499 0.23621999 0.32914798 0.20218401 0.32852499 0.15748 0.34283902 0.17170399 0.349685 0.20218401 0.30197899 0.15819603 0.30708699 0.13385796 0.27447402 0.15819603 0.81889801 0.59055108 0.81889801 0.53543293 0.76378001 0.59842509 0.78740204 0.52755904 0.850394 0.59842509 0.80315004 0.61417297 0.86614202 0.51968497 0.81102399 0.51181101 0.86614202 0.68503896 0.82677196 0.68503896 0.82677196 0.65376804 0.82677196 0.67716506 0.86614202 0.68503896 0.82677196 0.65376804 0.86614202 0.65376804 0.52092397 0.40535598 0.43053101 0.40777301 0.50647693 0.386999 0.44805699 0.371419 0.38379501 0.41815995 0.44805699 0.41296696 0.45389902 0.381806 0.38379501 0.36622499 0.38379501 0.39219301 0.50647693 0.386999 0.50393694 0.40157496 0.55118102 0.40944897 0.553213 0.386999 0.88607095 0.73489804 0.94262995 0.73489804 0.88607095 0.69981108 0.94262995 0.69981108 0.048498 0.04701101 0.040208 0.06662601 0.059057 0.073179 0.057302 0.06652599 0.43053101 0.49086999 0.38379501 0.45451503 0.38379501 0.49086999 0.40132098 0.45451503 0.40132098 0.49086999 0.94262995 0.76998396 0.889764 0.77165396 0.070403 0.06017601 0.06774599 0.04253697 0.070403 0.06938201 0.61417297 0.00787401 0.57480299 0.00787401 0.61417297 0.07874 0.57480299 0.07874 0.88607095 0.66472504 0.94262995 0.66472504 0.40132098 0.42335402 0.082928 0.05148399 0.94262995 0.63665596 0.88607095 0.63665596 0.42468901 0.49086999 0.51816105 0.49086999 0.55118102 0.48818897 0.51181101 0.48818897 0.53543293 0.40944897 0.47726702 0.49086999 0.50063496 0.49086999 0.45974102 0.49086999 0.93700804 0.22047197 0.91338601 0.16816401 0.91338601 0.22047197 0.93700804 0.16535401 0.84659301 0.16535401 0.850394 0.22047197 0.82677196 0.22047197 0.82677196 0.16535401 0.44221502 0.31429098 0.50647693 0.32467805 0.38379501 0.30909703 0.42468901 0.30909703 0.47142502 0.30909703 0.51816105 0.30390398 0.553213 0.31429098 0.96467396 0.37998698 0.91266992 0.40740703 0.96292098 0.42957102 0.92564495 0.35367201 0.85639297 0.38989101 0.85639297 0.36093502 0.57480299 0.38582705 0.64566901 0.38582705 0.57480299 0.29164099 0.64566901 0.29164099 0.64166996 0.06095099 0.66516701 0.088656 0.65341804 0.01108199 0.72978396 0.11081898 0.78852607 0.13298296 0.77677793 0.01662302 0.71803499 0.00554102 0.87663994 0.14406502 0.89426296 0.00554102 0.77352805 0.43815099 0.85639297 0.42849897 0.78904695 0.388759 0.84008603 0.49052202 0.77840299 0.49123704 0.979804 0.61792401 0.889764 0.61417297 0.97637792 0.543307 0.889764 0.543307 0.89033596 0.47944002 0.88635693 0.61742905 0.889764 0.543307 0.64566901 0.487886 0.64566901 0.393701 0.57480299 0.393701 0.57480299 0.487886 0.57480299 0.29164099 0.64566901 0.29164099 0.94616999 0.473899 0.75001902 0.35367201 0.889764 0.543307 0.97637792 0.543307 0.97637792 0.61417297 0.889764 0.61417297 0.64566901 0.38582705 0.64566901 0.487886 0.57480299 0.487886 0.57480299 0.38582705 0.320922 0.90024896 0.35409401 0.88720398 0.327956 0.86035798 0.36165599 0.85532801 0.34408398 0.82999597 0.30178197 0.82836298 0.28479 0.85726999 0.28723999 0.89279692 0.95888003 0.12190103 0.970629 0.02216398 0.99412604 0.07203298 0.70528693 0.40436899 0.66629198 0.42849897 0.70611203 0.428232 0.66708401 0.37560104 0.70528693 0.47675906 0.979804 0.61692599 0.97637792 0.543307 0.889764 0.543307 0.889764 0.61417297 0.97637792 0.543307 0.97637792 0.61417297 0.889764 0.61417297 0.889764 0.543307 0.25984302 0.36220501 0.314961 0.32283507 0.25984302 0.25984299 0.25984302 0.36220501 0.30708699 0.33070896 0.25984302 0.25984299 0.36220501 0.36220501 0.25984302 0.36220501 0.96467396 0.37998698 0.96292098 0.42957102 0.91266992 0.40740703 0.92564495 0.35367201 0.85639297 0.38989101 0.85639297 0.36093502 0.57480299 0.38582705 0.57480299 0.29164099 0.64566901 0.38582705 0.64566901 0.29164099 0.64166996 0.06095099 0.65341804 0.01108199 0.66516701 0.088656 0.72978396 0.11081898 0.77677793 0.01662302 0.78852607 0.13298296 0.71803499 0.00554102 0.87663994 0.14406502 0.89426296 0.00554102 0.77352805 0.43815099 0.78904695 0.388759 0.85639297 0.42849897 0.84008603 0.49052202 0.77840299 0.49123704 0.97637792 0.61417297 0.97637792 0.543307 0.889764 0.61417297 0.889764 0.543307 0.89033596 0.47944002 0.889764 0.61417297 0.889764 0.543307 0.64566901 0.487886 0.57480299 0.393701 0.64566901 0.393701 0.57480299 0.487886 0.64566901 0.29164099 0.57480299 0.29164099 0.94616999 0.473899 0.75001902 0.35367201 0.889764 0.543307 0.97637792 0.61417297 0.97637792 0.543307 0.889764 0.61417297 0.64566901 0.38582705 0.57480299 0.487886 0.64566901 0.487886 0.57480299 0.38582705 0.95888003 0.12190103 0.970629 0.02216398 0.99412604 0.07203298 0.70528693 0.40436899 0.70611203 0.428232 0.66629198 0.42849897 0.66708401 0.37560104 0.70528693 0.47675906 0.97637792 0.61417297 0.97637792 0.543307 0.889764 0.543307 0.889764 0.61417297 0.97637792 0.543307 0.97637792 0.61417297 0.889764 0.61417297 0.889764 0.543307 0.56692898 0.07874 0.61311302 0.01083499 0.61417297 0.07874 0.56692898 0.00787401 0.50393694 0.07874 0.50393694 0.00787401 0.94441702 0.72332603 0.94441702 0.65976403 0.88785104 0.65930298 0.88785104 0.72416002 0.115597 0.06359803 0.11385399 0.05436802 0.115597 0.05148399 0.11385399 0.05811798 0.11058599 0.06449699 0.108534 0.05811798 0.105308 0.06449699 0.10534199 0.05811798 0.97637792 0.637795 0.89354102 0.63498095 0.108534 0.05436802 0.10534199 0.05436802 0.97489103 0.76959104 0.97176601 0.74667496 0.89354102 0.74667496 0.88785104 0.77099693 0.11066199 0.04874402 0.10847499 0.04570502 0.11385399 0.04312002 0.115597 0.048455 0.10534199 0.04499399 0.10534199 0.04874402 0.97637792 0.77165396 0.88827895 0.77206898 0.89354102 0.74727602 0.94441702 0.7471611 0.10534199 0.050619 0.11066199 0.050619 0.89354102 0.68241897 0.94441702 0.68359998 0.50393694 0.00787401 0.56692898 0.00787401 0.56692898 0.07874 0.50393694 0.07874 0.61417297 0.00902199 0.61311302 0.081707 0.11385399 0.03937 0.115597 0.03634202 0.108534 0.03937 0.10534199 0.03937 0.97637792 0.637795 0.97176601 0.658097 0.89354102 0.658097 0.88827895 0.63415298 0.10534199 0.03562098 0.11066199 0.03562098 0.89354102 0.68241897 0.94441702 0.68359998 0.94441702 0.7471611 0.889764 0.74803103 0.50393694 0.00787401 0.56692898 0.00787401 0.56692898 0.07874 0.50393694 0.07874 0.61417297 0.00902199 0.61311302 0.08022403 0.11375299 0.02565997 0.115597 0.02119898 0.115597 0.03331297 0.11375299 0.03067201 0.108534 0.02437198 0.10847499 0.03067201 0.10534199 0.02437198 0.105308 0.03067201 0.974503 0.63515797 0.97176601 0.658097 0.89354102 0.658097 0.89006399 0.63515797 0.11058599 0.02064901 0.105308 0.02064901 0.11066199 0.033746 0.10534199 0.033746 0.974503 0.77280296 0.89006399 0.77280296 0.97201898 0.7471611 0.94441702 0.72332603 0.88921396 0.72332603 0.88921396 0.7471611 0.10303199 0.00380998 0.108058 0.00380998 0.108534 0.00749897 0.10534199 0.00749897 0.11278999 0.00749897 0.115597 0.00380998 0.94441702 0.65976403 0.89354102 0.65930298 0.50393694 0.00787401 0.56692898 0.00787401 0.56692898 0.07874 0.50393694 0.07874 0.61417297 0.00902199 0.61311302 0.076927 0.11278999 0.01312297 0.108534 0.01312297 0.10534199 0.01312297 0.97637792 0.77165396 0.88921396 0.77099693 0.115597 0.01817101 0.11066199 0.016873 0.10534199 0.016873 0.97660692 0.63607392 0.88921396 0.63592896 0.320922 0.90024896 0.327956 0.86035798 0.35409401 0.88720398 0.36165599 0.85532801 0.34408398 0.82999597 0.30178197 0.82836298 0.28479 0.85726999 0.28723999 0.89279692 0.66929099 0.24409401 0.74015702 0.19685 0.74015702 0.25196897 0.66929099 0.19685 0.067851 0.02119898 0.07539001 0.05148399 0.07539001 0.03634202 0.07539001 0.069655 0.07539001 0.08176899 0.070364 0.11205297 0.07539001 0.10599601 0.56692898 0.07874 0.61417297 0.07874 0.61685398 0.00971698 0.56491899 0.00971698 0.51181101 0.07874 0.51298391 0.00971698 0.47244104 0.07874 0.472086 0.00884401 0.077902 0.02422797 0.07539001 0.01227402 0.070468 0.01227402 0.070468 0.01782101 0.070468 0.00672698 0.07539001 0.00605702 0.42035799 0.00884401 0.38582702 0.07874 0.087954 0.02422797 0.090467 0.030285 0.077902 0.02422797 0.115597 0.02725601 0.115597 0.03889697 0.11111199 0.037153 0.11057099 0.030285 0.105545 0.02725601 0.10303199 0.030285 0.09910501 0.02773499 0.098006 0.030285 0.080311 0.01227402 0.080311 0.00672698 0.07539001 0.00302797 0.57480299 0.07874 0.61417297 0.07874 0.61417297 0.00787401 0.57480299 0.00787401 0.48031502 0.07874 0.48031502 0.00787401 0.07539001 0.11508202 0.80315004 0.23621999 0.80315004 0.29133904 0.080415 0.11508202 0.087954 0.11508202 0.087954 0.10599601 0.080415 0.11205297 0.082928 0.09993899 0.103637 0.037153 0.099152 0.037153 0.093172 0.037153 0.80315004 0.33070896 0.77165396 0.33070896 0.74015702 0.33070896 0.09298 0.08176899 0.09298 0.08479702 0.106627 0.04238301 0.11057099 0.04542702 0.10303199 0.04542702 0.115597 0.04239899 0.099152 0.04586899 0.099152 0.04238301 0.093172 0.04054898 0.099152 0.04063999 0.106627 0.04063999 0.51298391 0.08175599 0.47244104 0.00787401 0.473702 0.081685 0.51181101 0.00787401 0.56491899 0.08175599 0.56692898 0.00787401 0.61685398 0.08175599 0.61417297 0.00787401 0.11111199 0.051099 0.115597 0.05451202 0.103637 0.051099 0.099152 0.051099 0.093172 0.05103302 0.099152 0.05458599 0.093172 0.05632901 0.106627 0.05458599 0.47423803 0.07776999 0.38582702 0.00787401 0.38314597 0.07689702 0.47244104 0.00787401 0.47244104 0.00787401 0.38314597 0.080248 0.47143601 0.080248 0.38582702 0.00787401 0.38582702 0.03937 0.69291297 0.33070896 0.66929099 0.33070896 0.51298391 0.080248 0.51181101 0.00787401 0.56491899 0.080248 0.56692898 0.00787401 0.61685398 0.080248 0.61417297 0.00787401 0.11057099 0.06662601 0.115597 0.05807203 0.115597 0.069655 0.11096999 0.05918699 0.10303199 0.06662601 0.103554 0.05918699 0.098006 0.06662601 0.09910501 0.05918699 0.093172 0.06617701 0.10652099 0.068506 0.09910501 0.068506 0.093172 0.070275 0.106627 0.05632901 0.099152 0.05632901 0.09765701 0.08596301 0.099152 0.08073401 0.103637 0.08073401 0.103637 0.08596301 0.109617 0.08073401 0.114643 0.08448201 0.51298391 0.07689702 0.51181101 0.00787401 0.56491899 0.07689702 0.56692898 0.00787401 0.61685398 0.07689702 0.61417297 0.00787401 0.109617 0.075504 0.103899 0.075607 0.099152 0.075504 0.114643 0.073789 0.106627 0.07201802 0.099152 0.07201802 0.57180398 0.72440899 0.57180398 0.72440899 0.58355206 0.75590498 0.86614202 0.65376804 0.86614202 0.65376804 0.82677196 0.70866103 0.82677196 0.65376804 0.84252004 0.65376804 0.86614202 0.68503896 0.86614202 0.65376804 0.86614202 0.68503896 0.82677196 0.65376804 0.82677196 0.67716506 0.86614202 0.70866103 0.82677196 0.65376804 0.86614202 0.65376804 0.82677196 0.68503896 0.86614202 0.65376804 0.86614202 0.68503896 0.82677196 0.65376804 0.85826801 0.65376804 0.82677196 0.68503896 0.81889801 0.59055108 0.76378001 0.59842509 0.81889801 0.53543293 0.78740204 0.52755904 0.850394 0.59842509 0.80315004 0.61417297 0.86614202 0.51968497 0.81102399 0.51181101 0.86614202 0.68503896 0.82677196 0.68503896 0.82677196 0.65376804 0.82677196 0.68503896 0.82677196 0.65376804 0.86614202 0.67716506 0.86614202 0.65376804 0.00697399 0.13298296 0.12553398 0.36310498 0.23711999 0.13298296 0.00697399 0.13298296 0.23711999 0.13298296 0.25984302 0.25984299 0.36220501 0.33070896 0.314961 0.25984299 0.25984302 0.36220501 0.36220501 0.36220501 0.25984302 0.36220501 0.36220501 0.36220501 0.23711999 0.13298296 0.00697399 0.13298296 0.12553398 0.36310498 0.23711999 0.13298296 0.00697399 0.13298296 0.23711999 0.13298296 0.00697399 0.13298296 0.30708699 0.314961 0.36220501 0.36220501 0.25984302 0.25984299 0.36220501 0.36220501 0.36220501 0.29921305 0.25984302 0.36220501 0.00697399 0.13298296 0.12553398 0.36310498 0.23711999 0.13298296 0.23711999 0.13298296 0.00697399 0.13298296 0.23711999 0.13298296 0.00697399 0.13298296 0.25984302 0.36220501 0.36220501 0.36220501 0.36220501 0.29921305 0.30708699 0.33070896 0.25984302 0.36220501 0.33070899 0.36220501 0.36220501 0.25984299 0.314961 0.36220501 0.36220501 0.36220501 0.25984302 0.36220501 0.25984302 0.36220501 0.36220501 0.33858298 0.29921305 0.25984299 0.25984302 0.36220501 0.36220501 0.36220501 0.23711999 0.13298296 0.00697399 0.13298296 0.12553398 0.36310498 0.23711999 0.13298296 0.00697399 0.13298296 0.23711999 0.13298296 0.00697399 0.13298296 0.314961 0.33070896 0.12553398 0.36310498 0.23711999 0.13298296 0.00697399 0.13298296 0.00697399 0.13298296 0.12553398 0.36310498 0.23711999 0.13298296 0.12553398 0.36310498 0.12553398 0.36310498 0.00697399 0.13295799 0.87342302 0.24622201 0.85784404 0.33078395 0.88900201 0.33078395 0.93573799 0.24622201 0.92794897 0.33078395 0.95910605 0.33070896 0.920159 0.25196897 0.920159 0.33070896 0.88900201 0.33070896 0.85784404 0.33078395 0.88900201 0.33078395 0.83447604 0.24622201 0.81889801 0.33078395 0.84226601 0.33078395 0.8266869 0.33078395 0.97468497 0.33078395 0.86563395 0.27499103 0.90709402 0.88346206 0.89649497 0.85227691 0.86881702 0.84534697 0.86881702 0.876532 0.93134799 0.87999694 0.91748901 0.82802205 0.87274597 0.86563395 0.86106203 0.83058207 0.808484 0.86563395 0.83185206 0.83058207 0.76156504 0.86613695 0.80264197 0.82473998 0.78928495 0.86613695 0.82046901 0.83495204 0.83432905 0.873067 0.84125899 0.84188203 0.90709402 0.90771605 0.86881702 0.900786 0.93134799 0.91464599 0.86690395 0.90068598 0.80264197 0.89484398 0.76156504 0.90771605 0.78235496 0.904251 0.83086406 0.89732103 0.89649497 0.93890103 0.86535697 0.93543603 0.91725298 0.94929602 0.86106203 0.93573799 0.80264197 0.93573799 0.76156504 0.93543603 0.78582002 0.93197097 0.83432905 0.93197097 0.85858403 0.970086 0.88611601 0.970086 0.858438 0.970086 0.79095794 0.97078999 0.80308203 0.970086 0.81692098 0.970086 0.83779405 0.970086 0.85511904 0.82455699 0.86551402 0.98394599 0.84818904 0.98394599 0.84805803 0.99434098 0.86551402 0.99434098 0.82600997 0.98247393 0.84459905 0.98394599 0.84459905 0.99434098 0.83432905 0.98394599 0.81692098 0.98394599 0.81692098 0.99434098 0.83432905 0.99434098 0.91236993 0.24622201 0.86881702 0.98048099 0.87573598 0.98048099 0.80308203 0.98394599 0.966895 0.24409401 0.99805298 0.28346502 0.88265596 0.99434098 0.86881702 0.99434098 0.80654202 0.99434098 0.84460799 0.92742505 0.83898501 0.92608692 0.83849005 0.92918499 0.84383504 0.93136301 0.84867398 0.930649 0.85100298 0.92887398 0.85100298 0.92565997 0.84629498 0.92342504 0.84149299 0.92370798 0.38379501 0.25716197 0.43637301 0.25716197 0.553213 0.25716197 0.50647693 0.25716197 0.51816105 0.25716197 0.47142502 0.25716197 0.42468901 0.25716197 0.46558299 0.25716197 0.13382099 0.92313697 0.00151199 0.099392 0.00151199 0.10629898 0.256208 0.928831 0.26190197 0.91459699 0.00151199 0.05794799 0.00151199 0.06485599 0.00151199 0.07176303 0.25051501 0.90321 0.256208 0.928831 0.26190197 0.91459699 0.36438499 0.94875803 0.002513 0.05451202 0.002513 0.06056898 0.002513 0.06662601 0.25051501 0.90321 0.34161101 0.87474297 0.11671699 0.86335604 0.13382099 0.92313697 0.002513 0.09085399 0.002513 0.09691101 0.70218796 0.88302301 0.73116607 0.87642 0.74197794 0.82875202 0.70589698 0.82738797 0.69848004 0.93865802 0.72035397 0.92408695 0.66697291 0.89494597 0.66823998 0.81506 0.66760698 0.85500299 0.70218796 0.88302301 0.74197794 0.82875202 0.73116607 0.87642 0.70589698 0.82738797 0.69848004 0.93865802 0.72035397 0.92408695 0.66697291 0.89494597 0.66823998 0.81506 0.66760698 0.85500299 0.51893496 0.65354303 0.51893496 0.70078696 0.51069295 0.72642697 0.54243201 0.72440899 0.56005501 0.67716506 0.51893496 0.65354303</float_array>
          
            <technique_common>
              <accessor source="#asterix_geom_uvMap0_array" count="1950" stride="2">
                <param name="S" type="float"/>
                <param name="T" type="float"/>
              </accessor>
            </technique_common>
          </source>
        
          <vertices id="asterix_geom_vertices">
            <input semantic="POSITION" source="#asterix_geom_positions"/>
            <input semantic="NORMAL" source="#asterix_geom_normals"/>
            <input semantic="TANGENT" source="#asterix_geom_tangents"/>
            <input semantic="TEXCOORD" source="#asterix_geom_uvMap0" set="0"/>
          </vertices>
        
          <triangles material="asterix" count="1844">
            <input semantic="VERTEX" source="#asterix_geom_vertices" offset="0"/>
            <p>304 303 305 305 306 304 308 307 309 310 309 307 308 311 307 312 307 311 313 312 311 311 314 313 315 313 314 314 316 315 316 317 315 318 317 316 320 319 321 321 322 320 323 320 322 322 324 323 309 325 308 326 308 325 327 311 326 308 326 311 314 311 327 328 314 327 316 314 328 328 318 316 329 318 328 329 330 321 322 321 330 331 324 330 322 330 324 332 326 333 325 333 326 331 332 333 331 330 332 332 327 326 332 334 327 330 329 332 334 332 329 328 334 329 328 327 334 321 319 318 317 318 319 329 321 318 336 335 337 338 337 335 339 337 340 342 341 343 344 342 343 345 310 306 304 306 310 310 345 309 347 346 348 349 348 346 305 303 350 351 350 303 352 351 303 353 348 354 349 354 348 354 349 355 351 356 355 357 351 355 359 358 360 358 361 360 358 362 361 363 361 362 365 364 361 360 361 364 367 366 368 367 369 366 370 366 369 370 371 366 366 371 359 331 359 371 366 359 368 360 368 359 368 360 364 372 368 364 353 373 374 375 374 373 348 353 374 377 376 353 378 377 353 380 379 381 383 382 384 385 384 382 386 382 383 387 386 383 379 380 383 387 383 380 388 379 384 383 384 379 390 389 391 392 391 389 393 392 394 396 395 397 398 397 395 400 399 401 403 402 404 405 404 402 407 406 408 409 408 406 411 410 412 414 413 415 416 414 401 407 417 406 418 411 412 419 414 420 421 403 422 421 423 403 403 404 422 425 424 426 424 425 427 429 428 430 431 429 430 432 429 431 433 432 431 434 432 433 435 434 433 436 434 435 436 435 437 439 438 440 373 440 438 438 441 373 375 373 441 427 362 439 438 439 362 373 353 440 376 440 353 363 362 427 442 363 425 427 425 363 361 443 365 444 365 443 365 444 445 446 417 447 407 447 417 440 448 439 449 439 448 439 449 427 424 427 449 451 450 452 453 450 451 455 454 456 456 457 455 459 458 460 460 461 459 462 459 461 461 463 462 454 464 465 455 466 467 469 468 458 469 458 459 470 464 471 470 462 465 470 465 464 473 472 474 475 473 454 476 454 473 478 477 472 479 477 478 478 455 467 479 478 467 468 480 481 480 482 481 482 483 484 483 482 485 482 480 471 487 486 488 488 474 487 474 472 487 489 487 472 490 489 472 472 477 490 491 484 492 493 492 484 493 484 494 495 484 483 495 494 484 495 488 486 495 486 496 498 497 499 500 499 497 501 385 502 503 502 385 385 382 503 504 503 382 382 386 504 505 504 506 386 506 504 508 507 509 510 509 507 512 511 513 514 513 511 516 515 500 499 500 515 351 517 356 517 351 518 520 519 521 520 521 522 388 384 523 524 303 304 304 525 524 310 307 526 527 526 307 312 528 307 527 307 528 528 312 313 313 529 528 529 313 315 315 530 529 315 317 530 530 317 531 532 319 320 320 533 532 533 320 323 323 534 533 536 535 527 526 527 535 528 537 527 536 527 537 538 537 529 528 529 537 538 529 530 530 531 538 538 531 539 533 540 532 539 532 540 542 541 536 535 536 541 536 537 542 537 543 542 543 539 542 540 542 539 539 543 538 543 537 538 532 531 319 317 319 531 531 532 539 304 310 525 544 525 310 526 544 310 546 545 547 548 547 545 352 303 549 549 303 550 524 550 303 546 547 551 552 551 547 551 553 546 553 554 549 553 549 555 557 556 558 556 557 559 561 560 559 556 559 560 557 562 559 563 559 562 565 564 367 564 369 367 369 564 370 564 566 370 564 558 566 566 558 567 557 558 565 564 565 558 562 557 565 568 562 565 570 569 571 552 571 569 571 552 547 573 572 574 576 575 577 576 577 578 552 579 580 552 580 581 583 582 584 586 585 587 588 587 585 586 587 589 586 589 590 590 584 586 582 586 584 591 585 586 591 586 582 391 592 593 594 593 592 596 595 597 598 597 595 600 599 601 602 600 601 430 428 603 430 603 604 604 603 605 604 605 606 606 605 607 606 607 608 608 607 436 437 608 436 610 609 611 609 610 569 609 560 611 602 611 560 569 610 552 579 552 610 602 560 561 602 561 600 612 600 561 561 559 612 443 612 559 444 443 563 559 563 443 445 444 563 614 613 615 614 615 616 617 614 616 617 616 618 619 617 618 619 618 620 621 619 620 623 622 624 625 614 617 625 613 614 626 613 625 621 625 619 617 619 625 628 627 611 610 611 627 629 628 602 611 602 628 630 610 627 632 631 633 633 634 632 636 635 637 637 638 636 640 639 641 642 641 639 643 642 639 639 644 643 646 645 647 647 648 646 650 649 645 650 645 646 652 651 642 652 642 643 635 636 653 635 653 654 654 653 651 654 651 652 631 632 655 631 655 656 656 655 649 656 649 650 658 657 659 660 659 657 661 588 662 588 661 587 663 662 588 664 587 661 587 664 589 520 665 511 666 511 665 668 667 509 515 509 667 669 658 514 659 514 658 670 652 643 671 652 670 672 643 644 643 672 670 673 585 591 674 635 675 674 637 635 654 675 635 654 676 675 652 676 654 652 671 676 488 495 677 483 677 495 485 677 483 485 471 464 471 485 482 677 474 488 677 473 474 476 473 677 677 485 476 476 464 454 464 476 485 455 478 475 475 454 455 443 361 442 363 442 361 571 678 679 570 571 679 681 680 333 682 333 680 680 681 374 680 374 375 680 683 682 331 682 683 682 331 333 622 626 624 622 684 626 684 613 626 684 615 613 574 685 573 574 686 685 686 576 685 686 575 576 624 625 623 624 626 625 688 687 689 691 690 692 693 691 692 695 694 696 697 695 696 697 696 453 698 697 453 698 453 451 699 698 451 699 451 452 701 700 702 453 696 450 696 694 450 704 703 701 700 701 703 704 694 703 694 695 703 689 705 688 705 706 688 705 692 706 692 690 706 702 450 701 450 704 701 450 694 704 408 707 407 447 407 707 709 708 710 711 709 712 713 709 714 716 715 394 393 394 715 718 717 719 721 720 722 721 722 411 410 411 722 718 723 724 718 725 726 728 727 729 397 729 727 535 541 730 678 730 541 548 535 730 548 526 535 547 730 571 678 571 730 547 731 732 347 325 309 347 733 325 681 333 733 325 733 333 681 733 374 348 374 733 733 347 348 346 357 349 357 355 349 546 555 545 555 546 553 550 555 549 735 734 736 736 734 737 736 738 735 739 735 738 740 739 738 742 741 736 738 736 741 741 743 738 740 738 743 742 736 737 375 441 680 683 680 441 359 331 683 351 744 518 744 351 352 745 664 746 664 745 589 554 747 549 748 549 747 749 665 520 522 749 520 748 750 549 352 549 750 752 751 753 754 752 753 756 755 757 758 757 755 760 759 761 760 761 762 764 763 762 759 765 766 761 759 766 767 752 768 770 769 771 770 771 772 774 773 775 773 774 776 778 777 779 780 778 779 780 781 782 784 783 777 784 777 778 786 785 787 788 565 367 788 568 565 788 368 372 788 367 368 562 568 563 568 445 563 568 788 445 365 372 364 445 372 365 445 788 372 790 789 791 792 791 793 789 793 791 795 794 796 795 797 794 792 793 794 796 794 793 799 798 800 801 800 798 803 802 801 803 801 804 801 805 800 805 801 802 806 805 802 800 805 807 808 807 805 806 808 805 810 809 811 809 810 807 812 807 810 804 801 798 795 813 814 814 798 795 799 813 815 799 800 813 807 813 800 812 814 807 813 807 814 637 816 817 817 638 637 818 639 640 639 818 819 639 819 820 820 644 639 819 821 822 820 819 822 823 817 816 824 823 816 821 823 824 822 821 824 826 825 823 821 826 823 828 827 829 828 830 827 819 818 831 833 832 827 830 833 827 817 823 825 832 833 834 820 822 835 835 822 836 644 820 672 835 672 820 837 816 674 816 637 674 816 837 824 837 838 824 824 838 822 838 836 822 462 469 459 462 470 469 470 480 469 470 471 480 469 480 468 633 839 840 840 634 633 647 841 842 842 648 647 841 843 844 842 841 844 845 840 839 846 845 839 843 845 846 844 843 846 350 351 357 848 847 849 338 849 847 851 850 852 850 853 852 855 854 847 472 475 478 475 472 473 481 484 491 484 481 482 494 495 496 857 856 858 859 857 858 860 856 857 861 860 857 861 862 860 864 863 862 865 863 864 866 865 864 868 867 869 868 869 870 869 867 871 869 871 872 871 873 872 873 874 875 875 874 876 875 876 877 879 878 880 881 597 598 883 882 880 592 391 392 885 884 880 398 395 886 887 402 403 887 888 402 890 889 891 397 727 892 894 893 895 895 896 894 898 897 899 899 900 898 900 899 901 901 902 900 904 903 893 906 905 895 897 907 908 899 897 908 909 903 910 904 901 910 903 904 910 912 911 913 893 913 914 913 893 915 911 916 917 917 916 918 906 895 917 906 917 918 920 919 907 920 921 919 923 922 921 924 921 922 909 919 921 926 925 927 927 912 926 927 911 912 911 927 928 911 928 929 929 916 911 930 923 931 923 930 932 933 923 932 922 923 934 923 933 934 925 926 934 935 925 934 936 930 937 932 930 936 939 938 940 940 938 941 935 941 925 941 935 940 927 925 941 941 942 927 943 941 938 941 943 942 945 944 946 944 945 947 929 928 946 929 946 944 948 934 926 934 948 922 922 948 924 903 909 924 921 924 909 926 912 948 912 913 948 948 913 915 915 924 948 893 903 915 924 915 903 914 917 895 895 893 914 653 949 950 653 950 651 952 951 953 951 954 953 955 641 642 951 956 957 951 957 954 949 653 636 834 957 956 899 908 901 908 910 901 908 919 910 919 909 910 907 919 908 917 914 911 913 911 914 931 923 920 921 920 923 958 939 936 939 940 936 936 933 932 940 935 933 933 936 940 959 958 936 959 936 937 935 934 933 943 945 942 945 946 942 942 946 927 946 928 927 961 960 962 963 962 960 965 964 966 968 967 969 968 969 970 972 971 973 975 974 976 978 977 979 980 979 977 966 964 981 982 981 964 984 983 985 986 985 983 988 987 989 990 989 991 992 989 993 995 994 962 961 962 994 997 996 998 396 998 996 970 595 968 999 973 1000 981 982 1001 1002 1001 982 1004 1003 1005 1007 1006 1008 1009 1008 1006 1010 1005 1011 1012 1005 1013 1002 966 1001 966 1002 965 1015 1014 1016 1018 1017 1019 1019 1017 1020 1022 1021 1016 1024 1023 1016 1026 1025 1027 1028 1026 1027 1030 1029 1031 996 997 1032 1033 995 1034 1030 1035 1036 1030 1037 1038 1020 1039 1019 973 1040 1041 1043 1042 1044 886 1044 1042 595 970 1045 1047 1046 1048 977 1049 974 1049 1050 974 980 977 1051 1006 1007 1032 1053 1052 1054 1055 1053 1054 975 1056 1057 975 976 1056 979 980 1057 1058 567 558 1060 1059 757 758 1060 757 767 1061 751 752 767 751 769 1062 787 771 769 787 1064 1063 776 774 1064 776 1066 1065 1067 1068 1067 1065 1070 1069 1071 1072 1071 1069 1074 1073 1070 1069 1070 1073 1076 1075 1077 1077 1078 1076 1080 1079 1077 1078 1077 1079 1082 1081 1083 1083 1084 1082 1086 1085 1087 1088 1087 1085 1088 1089 1090 1088 1090 1087 1083 1081 1090 1087 1090 1081 1066 1067 1089 1066 1089 1088 1092 1091 1070 1070 1071 1092 1093 1092 1071 1071 1085 1093 1085 1086 1093 1094 1093 1086 1086 1080 1094 1095 1094 1080 1080 1077 1095 1096 1095 1077 1077 1097 1096 1098 1096 1097 1091 1099 1074 1074 1070 1091 1098 1100 1101 1101 1096 1098 1096 1101 1102 1102 1095 1096 1095 1102 1103 1103 1094 1095 1094 1103 1104 1104 1093 1094 1093 1104 1105 1105 1092 1093 1092 1105 1106 1106 1091 1092 1107 1099 1106 1091 1106 1099 1109 1108 1110 1110 1111 1109 1111 1110 1112 1112 1113 1111 1115 1114 1112 1113 1112 1114 1114 1115 1116 1116 1117 1114 1117 1116 1118 1118 1119 1117 1119 1118 1120 1120 1121 1119 1120 1122 1121 1122 1120 1123 1125 1124 1126 1105 1104 1126 1124 1105 1126 1105 1124 1127 1127 1106 1105 1127 1128 1129 1107 1106 1129 1106 1127 1129 1130 1125 1131 1125 1126 1131 1131 1126 1103 1126 1104 1103 1132 1130 1133 1130 1131 1133 1133 1131 1102 1131 1103 1102 1134 1132 1135 1132 1133 1135 1135 1133 1101 1133 1102 1101 1136 1134 1137 1134 1135 1137 1137 1135 1100 1135 1101 1100 1109 1111 1138 1138 1111 1139 1114 1117 1140 1114 1140 1141 1119 1142 1117 1140 1117 1142 1140 1142 1125 1142 1124 1125 1119 1121 1142 1121 1143 1142 1142 1143 1124 1143 1127 1124 1121 1122 1143 1122 1144 1143 1143 1144 1127 1144 1128 1127 1146 1145 1066 1065 1066 1145 1071 1072 1146 1145 1146 1072 1085 1146 1088 1066 1088 1146 1085 1071 1146 1147 1079 1080 1147 1148 1079 1081 1148 1147 1081 1082 1148 1081 1147 1087 1147 1086 1087 1147 1080 1086 1149 1111 1113 1149 1139 1111 1132 1139 1149 1132 1134 1139 1138 1134 1136 1138 1139 1134 1141 1113 1114 1141 1149 1113 1130 1149 1141 1130 1132 1149 1141 1125 1130 1141 1140 1125 1150 1065 1151 1065 1150 1068 1072 1069 1152 1153 1152 1069 1153 1073 1154 1073 1153 1069 1156 1155 1076 1076 1078 1156 1156 1079 1157 1079 1156 1078 1159 1158 1082 1082 1084 1159 1161 1160 1162 1160 1161 1163 1165 1164 1163 1161 1165 1163 1165 1158 1159 1158 1165 1161 1164 1150 1151 1163 1164 1151 1153 1166 1167 1167 1152 1153 1152 1167 1168 1168 1160 1152 1168 1162 1160 1162 1168 1169 1169 1157 1162 1157 1169 1170 1170 1156 1157 1156 1170 1171 1171 1172 1156 1172 1171 1173 1154 1174 1166 1166 1153 1154 1176 1175 1173 1173 1171 1176 1177 1176 1171 1171 1170 1177 1178 1177 1170 1170 1169 1178 1179 1178 1169 1169 1168 1179 1180 1179 1168 1168 1167 1180 1181 1180 1167 1167 1166 1181 1181 1174 1182 1174 1181 1166 1184 1183 1185 1185 1186 1184 1187 1184 1186 1186 1188 1187 1187 1189 1190 1189 1187 1188 1191 1190 1189 1189 1192 1191 1193 1191 1192 1192 1194 1193 1195 1193 1194 1194 1196 1195 1196 1197 1195 1198 1195 1197 1200 1199 1201 1200 1179 1180 1200 1180 1199 1202 1199 1180 1180 1181 1202 1204 1203 1202 1204 1181 1182 1204 1202 1181 1205 1201 1206 1205 1200 1201 1178 1200 1205 1178 1179 1200 1207 1206 1208 1207 1205 1206 1177 1205 1207 1177 1178 1205 1209 1208 1210 1209 1207 1208 1176 1207 1209 1176 1177 1207 1211 1210 1212 1211 1209 1210 1175 1209 1211 1175 1176 1209 1213 1186 1185 1214 1186 1213 1215 1192 1189 1216 1215 1189 1192 1217 1194 1217 1192 1215 1201 1217 1215 1201 1199 1217 1217 1196 1194 1217 1218 1196 1199 1218 1217 1199 1202 1218 1218 1197 1196 1218 1219 1197 1202 1219 1218 1202 1203 1219 1151 1145 1220 1145 1151 1065 1220 1072 1152 1072 1220 1145 1163 1220 1160 1220 1163 1151 1220 1152 1160 1157 1079 1221 1079 1148 1221 1221 1148 1158 1148 1082 1158 1161 1221 1158 1161 1162 1221 1162 1157 1221 1188 1186 1222 1186 1214 1222 1222 1214 1208 1214 1210 1208 1212 1210 1213 1210 1214 1213 1189 1188 1216 1188 1222 1216 1216 1222 1206 1222 1208 1206 1206 1201 1216 1201 1215 1216 1223 797 1224 797 1223 1225 1225 1226 1227 1228 1225 1227 1223 1229 1225 1226 1225 1229 1226 1229 1230 1231 1229 793 1223 793 1229 1229 1231 1230 797 1225 1228 1223 1224 796 1223 796 793 815 796 1224 1233 1232 1234 1235 1233 1234 1232 1236 1237 1234 1232 1237 1238 1236 1233 1232 1233 1236 1235 1239 1233 1238 1233 1239 854 1240 1241 1242 854 1241 1244 1243 1245 1246 1244 1245 1248 1247 1249 1249 1250 1248 1252 1251 1253 1254 1253 1255 1253 1256 1252 1257 1252 1256 1257 1256 1258 1259 1258 1256 1249 1247 1259 1258 1259 1247 1250 1254 1248 1255 1248 1254 1261 1260 1262 1263 1261 1262 1265 1264 1266 1267 1266 1264 1252 1268 1269 1269 1251 1252 1270 1269 1268 1255 1253 1251 1272 1271 1270 1269 1270 1271 1260 1261 1273 1274 1260 1273 1276 1275 1264 1267 1264 1275 1266 1267 1275 1277 1266 1275 1279 1278 1280 1281 1279 1280 1263 1262 1282 1283 1263 1282 1255 1251 1284 1248 1255 1284 1276 1285 1275 1277 1275 1285 1286 1283 1287 1282 1287 1283 1288 1248 1272 1271 1272 1248 1284 1271 1248 1247 1289 1258 1290 1258 1289 1291 1257 1290 1292 1290 1257 1291 1293 1257 1252 1257 1293 1268 1252 1293 1248 1294 1247 1294 1248 1295 1289 1247 1294 1248 1288 1295 1297 1296 1298 1297 1299 1296 1301 1300 1298 1297 1298 1300 1301 1302 1300 1303 1300 1302 1304 1256 1253 1304 1305 1256 1254 1304 1253 1254 1306 1304 1307 1254 1308 1250 1308 1254 1309 1308 1249 1250 1249 1308 1310 1309 1259 1249 1259 1309 1259 1256 1310 1305 1310 1256 1312 1311 1313 1311 1312 1314 1315 1314 1312 1316 1314 1315 1318 1317 1319 1319 1320 1318 1322 1321 1323 1325 1324 1326 1327 1326 1324 1328 1325 1326 1326 1329 1328 1331 1330 1332 1332 1315 1331 1312 1331 1315 1330 1331 1333 1334 1330 1333 1336 1335 1337 1338 1336 1337 1331 1312 1339 1333 1331 1339 1335 1340 1341 1337 1335 1341 1343 1342 1344 1345 1344 1342 1346 1317 1347 1318 1347 1317 1312 1313 1348 1339 1312 1348 1349 1316 1332 1315 1332 1316 1351 1350 1352 1353 1352 1350 1355 1354 1356 1357 1356 1354 1359 1358 1360 1361 1359 1360 1362 1361 1360 1363 1362 1360 1364 1363 1360 1365 1364 1360 1358 1365 1360 1366 1328 1329 1329 1367 1366 1368 1366 1367 1370 1369 1371 1369 1370 1372 1332 1330 1369 1371 1369 1330 1371 1330 1334 1373 1371 1334 1370 1371 1373 1374 1336 1338 1375 1374 1338 1375 1376 1374 1377 1374 1376 1372 1349 1369 1332 1369 1349 1376 1378 1377 1379 1377 1378 1380 1379 1378 1381 1380 1378 1381 1351 1380 1352 1380 1351 1008 1382 1383 995 962 963 969 1045 970 966 981 1001 1385 1384 412 418 412 1384 410 722 720 391 593 390 707 1386 409 1387 1056 1388 1388 1389 1387 1327 1322 1323 1327 1324 1322 1391 1390 1392 1393 1392 1390 1392 1393 1394 1394 1393 1395 1397 1396 1398 1398 1399 1397 1401 1400 1402 1404 1403 1405 1403 1404 1406 1404 1405 1407 1407 1408 1404 1410 1409 1411 1411 1394 1410 1394 1411 1392 1412 1411 1409 1412 1409 1413 1415 1414 1416 1415 1416 1417 1418 1392 1411 1418 1411 1412 1420 1419 1414 1420 1414 1415 1422 1421 1423 1421 1422 1424 1425 1396 1426 1396 1425 1398 1427 1391 1392 1427 1392 1418 1410 1395 1428 1395 1410 1394 1430 1429 1431 1429 1430 1432 1434 1433 1435 1433 1434 1436 1408 1407 1437 1437 1438 1408 1438 1437 1439 1441 1440 1442 1443 1442 1440 1440 1409 1410 1409 1440 1441 1413 1409 1441 1413 1441 1444 1444 1441 1442 1417 1416 1445 1417 1445 1446 1445 1447 1446 1447 1445 1448 1440 1428 1443 1428 1440 1410 1448 1449 1447 1449 1448 1450 1449 1450 1451 1449 1451 1452 1451 1431 1452 1431 1451 1430 1401 1402 1406 1402 1403 1406 1454 1453 1455 1454 1456 1453 1456 1457 1453 1456 1458 1457 1460 1459 1461 1462 1461 1459 1464 1463 1465 1464 1466 1463 1463 1466 1467 1467 1466 1468 1468 1469 1467 1468 1470 1469 1460 1461 1471 1472 1471 1461 1473 1466 1464 1473 1468 1466 1474 1468 1473 1474 1470 1468 1476 1475 1477 1477 1475 1478 1480 1479 1481 1482 1481 1479 1480 1483 1484 1479 1480 1484 1486 1485 1487 1488 1487 1485 1476 1462 1459 1476 1477 1462 1474 1473 1489 1489 1473 1490 1490 1464 1465 1464 1490 1473 1492 1491 1488 1488 1491 1487 1494 1493 1495 1495 1493 1496 1497 1494 1498 1498 1494 1495 1500 1499 1482 1482 1499 1481 1499 1501 1481 1481 1501 1480 1501 1502 1480 1480 1502 1483 1504 1503 1505 1505 1503 1506 1504 1491 1492 1504 1505 1491 1502 1501 1507 1507 1501 1508 1508 1499 1500 1499 1508 1501 1510 1509 1511 1511 1509 1512 1514 1513 1515 1515 1513 1516 1517 1514 1518 1518 1514 1515 1520 1519 1521 1521 1519 1522 1519 1523 1522 1522 1523 1524 1523 1525 1524 1524 1525 1526 1528 1527 1529 1529 1527 1530 1523 1519 1531 1531 1519 1520 1525 1523 1532 1532 1523 1531 1528 1509 1510 1528 1529 1509 1522 1533 1521 1522 1524 1533 1524 1534 1533 1524 1526 1534 1535 1511 1512 1536 1535 1512 1538 1537 1539 1540 1539 1537 1542 1541 1543 1544 1543 1541 1545 1542 1543 1542 1545 1546 1538 1539 1547 1547 1539 1548 1550 1549 1551 1551 1549 1552 1553 1550 1554 1554 1550 1551 1545 1543 1555 1555 1543 1556 1543 1544 1556 1556 1544 1557 1537 1558 1540 1540 1558 1559 1545 1560 1546 1545 1555 1560 1555 1561 1560 1555 1556 1561 1556 1562 1561 1556 1557 1562 1547 1548 1563 1564 1563 1548 1566 1565 1567 1566 1567 1568 1566 1568 1569 1566 1569 1570 1566 1570 1571 1566 1571 1572 1566 1572 1565 1574 1573 1575 1573 1574 1576 1577 958 959 939 958 1578 1579 1578 958 1580 939 1578 938 939 1580 1581 938 1580 938 1581 943 1582 947 1583 945 1583 947 1585 1584 1586 1584 1587 1586 1584 1588 1587 1588 1589 1587 1589 1590 1591 1590 1589 1588 1593 1592 1594 1592 1595 1594 1596 1593 1594 1593 1596 1597 1599 1598 1591 1591 1590 1599 958 1577 1579 1592 1579 1577 1600 1592 1601 1592 1602 1601 1604 1603 1605 1603 1606 1605 1607 1606 1603 1608 1606 1607 1607 1609 1608 1609 1610 1608 1601 1609 1600 1609 1601 1610 1592 1593 1602 1593 1611 1602 1593 1597 1611 1597 1612 1611 1597 1596 1612 1596 1613 1612 1615 1614 1616 1614 1617 1616 1614 1618 1617 1618 1619 1617 1620 1582 1583 1574 1575 1621 1622 1621 1575 1624 1623 1625 1623 1626 1625 1625 1583 1627 1583 1625 1626 1605 1606 1628 1606 1608 1628 1628 1608 1629 1608 1610 1629 1629 1601 1630 1610 1601 1629 1631 1622 1632 1622 1575 1632 1632 1575 1633 1580 1634 1635 1580 1635 1581 1637 1636 1638 1636 1637 1639 1641 1640 1638 1641 1638 1636 1641 1630 1640 1630 1641 1642 1642 1643 1630 1643 1629 1630 1643 1628 1629 1644 1628 1643 1604 1605 1644 1628 1644 1605 1646 1645 1647 1648 1645 1646 1649 1648 1650 1645 1648 1649 1651 1650 1652 1649 1650 1651 1639 1653 1654 1637 1653 1639 1637 1655 1653 1638 1655 1637 1638 1656 1655 1640 1656 1638 1656 1630 1657 1640 1630 1656 1659 1658 1657 1658 1656 1657 1658 1655 1656 1660 1655 1658 1654 1653 1660 1655 1660 1653 1662 1661 1663 1661 1662 1664 1666 1665 1667 1665 1666 1668 1669 1646 1647 1671 1670 1573 1575 1573 1670 1575 1670 1633 1665 1672 1667 1673 1672 1665 1674 1673 1675 1672 1673 1674 1676 1675 1677 1674 1675 1676 1679 1678 1680 1681 1678 1679 1681 1682 1678 1683 1682 1681 1683 1684 1682 1685 1684 1683 1684 1657 1686 1685 1657 1684 1687 1678 1682 1680 1678 1687 1688 1682 1684 1687 1682 1688 1689 1688 1686 1688 1684 1686 1679 1690 1681 1690 1683 1681 1690 1691 1683 1691 1685 1683 1691 1659 1657 1691 1657 1685 1692 1635 1634 1635 1692 1693 1694 1692 1695 1692 1694 1693 1694 1695 1696 1697 1696 1695 1664 1698 1661 1699 1698 1664 1700 1699 1701 1698 1699 1700 1702 1701 1703 1700 1701 1702 1704 1694 1696 1705 1694 1704 1705 1693 1694 1706 1693 1705 1693 1686 1635 1706 1686 1693 1697 1707 1696 1707 1704 1696 1707 1708 1704 1708 1705 1704 1708 1709 1705 1709 1706 1705 1686 1709 1689 1709 1686 1706 1595 1592 1577 540 534 567 534 540 533 541 542 567 542 540 567 541 679 678 679 541 1710 1710 1058 679 1058 1710 567 1711 567 1712 1714 1713 1715 1716 1715 1713 1717 1715 1718 1720 1719 1721 1720 1721 1722 1714 1723 1724 1725 1724 1723 1727 1726 1728 1727 1729 1726 1723 1730 1731 1733 1732 1734 1733 1734 1735 1737 1736 1732 1737 1732 1733 1734 1736 1738 1736 1734 1732 1734 1739 1735 1739 1734 1738 1741 1740 1730 1741 1730 1742 1744 1743 1745 1744 1745 1746 395 396 886 1747 971 1748 1750 1749 1748 1751 1748 1000 1385 1752 1753 598 1753 1752 1755 1754 1756 1754 1755 397 888 887 1757 1758 1757 887 1760 1759 1761 1049 1756 1754 1763 1762 1761 1765 1764 1761 1766 1756 1385 598 1767 1768 1045 1768 1767 1770 1769 1020 1771 1020 1769 1773 1772 1774 1775 1773 1776 1777 1773 1778 1780 1779 1781 1025 1781 1779 1783 1782 1769 1783 1050 1784 1785 1784 1050 1786 1046 1047 888 1042 1787 1787 1788 888 1768 1785 1789 1790 1789 1785 1043 1791 1792 1793 1792 1791 1795 1794 1796 1797 1796 1798 1799 1796 1800 1791 1049 1793 1789 1801 1793 1803 1802 988 1804 415 890 1805 990 1802 1804 416 1806 1807 1806 420 891 1808 1804 1803 1809 1810 1808 1810 1807 1809 1805 891 1812 1811 1813 1813 1814 1815 1815 1814 1816 1818 1817 1819 1820 1811 1821 1823 1822 1824 1825 1822 1812 1813 1826 1827 1815 1826 1813 1829 1828 1830 1831 1830 1828 1833 1832 1829 1828 1829 1832 1835 1834 1833 1832 1833 1834 1837 1836 1835 1834 1835 1836 1839 1838 1837 1836 1837 1838 1841 1840 1839 1838 1839 1840 1842 1840 1843 1841 1843 1840 1831 1842 1830 1843 1830 1842 1828 1844 1831 1845 1831 1844 1832 1846 1828 1844 1828 1846 1834 1847 1832 1846 1832 1847 1848 1847 1836 1834 1836 1847 1838 1849 1836 1848 1836 1849 1840 1850 1838 1849 1838 1850 1842 1851 1840 1850 1840 1851 1831 1845 1842 1851 1842 1845 1844 1852 1845 1853 1845 1852 1846 1854 1844 1852 1844 1854 1855 1854 1847 1846 1847 1854 1848 1856 1847 1855 1847 1856 1849 1857 1848 1856 1848 1857 1850 1858 1849 1857 1849 1858 1851 1859 1850 1858 1850 1859 1845 1853 1851 1859 1851 1853 1853 1852 1860 1861 1860 1854 1852 1854 1860 1855 1862 1854 1861 1854 1862 1863 1862 1856 1855 1856 1862 1865 1864 1857 1858 1865 1857 1856 1857 1863 1859 1866 1858 1865 1858 1866 1853 1860 1859 1866 1859 1860 1830 1867 1829 1829 1867 1833 1833 1867 1835 1835 1867 1837 1837 1867 1839 1839 1867 1841 1841 1867 1843 1843 1867 1830 1869 1868 1870 1871 1870 1868 1873 1872 1874 1876 1875 1877 1878 1877 1875 1875 1869 1878 1870 1878 1869 1879 1827 1826 1862 1873 1880 1881 1861 1880 1862 1880 1861 1861 1881 1868 1860 1861 1868 1868 1869 1860 1866 1860 1869 1866 1869 1875 1866 1875 1876 1865 1866 1876 1865 1876 1882 1865 1882 1864 1863 1872 1873 1862 1863 1873 1882 1872 1863 1883 1879 1826 1884 1883 1826 1881 1885 1871 1868 1881 1871 1886 1885 1881 1880 1886 1881 1874 1872 1887 1882 1887 1872 1876 1877 1887 1882 1876 1887 1889 1888 1890 1890 1888 1891 1891 1888 1892 1892 1888 1893 1893 1888 1894 1894 1888 1895 1896 1895 1888 1896 1888 1889 1873 1874 1886 1880 1873 1886 647 645 646 648 647 646 841 647 648 842 841 648 843 841 842 844 843 842 845 843 844 846 845 844 840 845 846 839 840 846 634 840 839 633 634 839 632 634 633 631 632 633 655 632 631 656 655 631 649 655 656 650 649 656 645 649 650 646 645 650 1306 1897 1304 1304 1897 1898 1899 1310 1900 1305 1900 1310 1310 1899 1901 1901 1309 1310 1308 1902 1903 1307 1308 1903 1898 1904 1304 1904 1900 1305 1305 1304 1904 1901 1308 1309 1901 1902 1308 950 642 651 950 1905 642 1905 955 642 905 896 895 905 1906 896 905 1907 1906 638 1908 1909 834 1908 638 834 956 1908 1910 904 1911 902 901 1910 904 1910 901 904 1912 1911 893 1912 904 893 894 1912 636 1913 949 636 1909 1913 636 638 1909 1915 1914 1916 1914 834 1916 1914 832 834 465 1917 1918 465 463 1917 465 462 463 1918 454 465 1918 1919 454 1919 456 454 1920 817 825 1915 1921 1920 1915 638 1921 1922 826 821 1922 1923 826 819 831 1923 457 466 455 457 1924 466 1924 1925 466 1927 1926 1928 1929 1928 1926 1931 1930 1926 1932 1926 1930 1934 1933 1926 1929 1926 1933 1936 1935 1937 1935 1936 1938 1935 1939 1940 1939 1935 1941 1935 1942 1943 1942 1935 1938 1944 683 441 358 683 1944 358 359 683 358 438 362 358 1944 438 1944 441 438 569 1945 609 1945 569 1946 1947 1945 1946 1945 1947 1948 1945 1948 1949 1949 1948 556 1948 558 556 560 609 556 609 1949 556 609 1945 1949
            </p>
          </triangles>
        
          <triangles material="spec1_asterix" count="340">
            <input semantic="VERTEX" source="#asterix_geom_vertices" offset="0"/>
            <p>1 0 2 3 1 2 5 4 6 0 5 6 1 7 8 9 1 8 11 10 0 1 11 0 13 12 5 0 13 5 14 1 9 15 14 9 17 16 10 11 17 10 18 12 13 19 18 13 20 14 15 21 20 15 23 22 16 17 23 16 24 18 19 22 24 19 26 25 20 21 26 20 28 27 22 23 28 22 29 24 22 30 29 22 32 31 25 26 32 25 2 33 34 2 34 3 6 4 35 6 35 33 8 7 34 8 34 36 33 37 38 33 38 34 35 39 40 35 40 33 36 34 41 36 41 42 37 43 44 37 44 38 40 39 45 40 45 46 42 41 47 42 47 48 43 49 50 43 50 44 46 45 51 46 51 49 47 52 53 47 53 48 49 27 28 49 28 50 49 51 29 49 29 30 52 31 32 52 32 53 55 54 56 56 54 57 55 58 54 59 54 58 61 60 54 62 54 60 64 63 65 65 63 66 67 63 64 68 63 67 69 63 68 70 63 69 71 63 70 72 63 71 72 73 63 73 66 63 74 61 54 59 74 54 62 75 54 57 54 75 76 62 60 76 77 62 77 76 65 64 65 76 77 75 62 77 78 75 65 78 77 65 66 78 79 66 73 79 78 66 57 78 79 57 75 78 79 73 80 72 80 73 80 57 79 80 56 57 81 80 71 72 71 80 81 56 80 81 55 56 81 58 55 81 82 58 71 70 81 82 81 70 69 83 70 82 70 83 83 58 82 83 59 58 83 74 59 83 84 74 69 84 83 69 68 84 67 85 68 84 68 85 85 74 84 85 61 74 61 76 60 61 85 76 85 67 76 64 76 67 87 86 88 88 89 87 89 88 90 90 91 89 93 92 94 93 95 92 86 95 93 86 87 95 97 96 98 99 98 96 94 97 98 94 92 97 101 100 90 91 90 100 99 100 101 99 96 100 103 102 104 105 104 102 107 106 108 109 108 106 105 102 106 109 106 102 110 107 111 108 111 107 111 112 110 112 113 110 112 114 113 114 115 113 117 116 118 119 118 116 121 120 122 121 123 120 116 117 121 123 121 117 122 120 124 125 124 120 125 126 124 125 127 126 127 128 126 127 129 128 131 130 132 134 133 131 136 135 137 139 138 140 132 130 141 141 142 143 144 132 143 141 143 132 132 144 145 145 139 132 139 145 138 146 133 147 148 146 147 131 133 146 149 131 146 149 130 131 151 150 152 154 153 151 154 151 152 139 155 156 152 150 157 157 158 152 155 139 152 159 153 160 161 159 160 151 162 163 164 151 163 164 150 151 148 147 165 166 148 165 166 165 135 136 166 135 134 131 132 167 134 132 140 167 132 169 168 170 156 171 152 139 156 152 139 140 132 160 172 161 160 173 172 173 168 172 173 170 168 174 154 152 171 174 152 176 175 177 179 178 180 182 181 178 184 183 178 186 185 175 188 187 189 189 190 191 193 192 194 196 195 197 198 187 188 200 199 198 198 188 200 201 200 188 202 201 188 188 193 202 194 202 193 203 190 204 203 204 205 204 190 189 204 189 206 189 187 206 208 207 209 209 210 211 208 209 211 213 212 193 214 207 208 212 215 208 208 193 212 216 210 217 216 217 218 217 210 209 217 209 219 209 207 219 220 203 205 220 205 221 197 220 221 197 221 196 188 189 191 188 191 222 188 222 192 224 223 225 213 193 226 208 226 193 188 192 193 218 227 216 227 228 216 227 223 228 223 224 228 208 211 229 208 229 226 231 230 232 234 233 235 233 236 235 233 237 238 230 231 239 241 240 242 243 240 241 242 240 244 240 245 244 240 246 245 247 246 240 248 240 249 249 240 243 250 240 248 250 251 240 251 252 240 240 252 247 254 253 214 215 254 214 214 208 215 255 158 157 256 255 157 155 152 158 258 257 259 260 259 257 262 261 263 261 260 263 263 260 257 264 261 262 261 264 265 267 266 268 265 268 266 264 268 265 261 265 269 266 269 265 269 259 260 269 260 261 271 270 259 258 259 270 273 272 274 273 271 272 270 271 273 274 272 275 276 275 272 266 267 276 277 276 267 276 277 275 266 276 269 272 269 276 271 259 269 272 271 269 279 278 280 279 281 282 278 283 284 278 285 283 286 280 284 278 284 280 281 287 288 281 288 282 289 282 288 282 289 290 283 291 284 284 291 292 284 292 286 293 288 294 288 293 289 287 294 288 285 278 279 295 285 279 290 296 279 282 290 279 297 283 285 298 297 285 295 298 285 300 299 296 290 300 296 289 300 290 297 291 283 301 291 297 298 301 297 299 300 302 293 302 300 289 293 300 302 293 294 291 302 294
            </p>
          </triangles>
        </mesh>
      </geometry>
    </library_geometries>
  
    <library_visual_scenes>
      <visual_scene id="TheVisualScene" name="Asterix">
        <node name="asterix" id="asterix" sid="asterix" type="NODE">
          <rotate sid="rotateX">1 0 0 -0.000</rotate>
        
          <rotate sid="rotateY">0 1 0 -0.000</rotate>
        
          <rotate sid="rotateZ">0 0 1 0.000</rotate>
        
          <translate sid="offset">-0.000000 0.000000 0.000000</translate>
        
          <instance_geometry url="#asterix_geom">
            <bind_material>
              <technique_common>
                <instance_material symbol="asterix" target="#asterix">
                  <bind_vertex_input input_semantic="TEXCOORD" semantic="UVSET0" input_set="0"/>
                </instance_material>
              
                <instance_material symbol="spec1_asterix" target="#spec1_asterix">
                  <bind_vertex_input input_semantic="TEXCOORD" semantic="UVSET0" input_set="0"/>
                </instance_material>
              </technique_common>
            </bind_material>
          </instance_geometry>
        </node>
      </visual_scene>
    </library_visual_scenes>
  
    <scene>
      <instance_visual_scene url="#TheVisualScene"/>
    </scene>
  </COLLADA>
