<?xml version="1.0" encoding="UTF-8"?>

  <COLLADA xmlns="http://www.collada.org/2005/11/COLLADASchema" version="1.4.1">
    <asset>
      <contributor>
        <authoring_tool>ZModeler 3.x Collada filter</authoring_tool>
      </contributor>
    
      <unit meter="1.0" name="meter"/>
      <up_axis>Y_UP
      </up_axis>
    </asset>
  
    <library_images>
      <image id="obelix01_png" name="obelix01_png">
        <init_from>obelix01.png</init_from>
      </image>
    
      <image id="spec1_obelix_png" name="spec1_obelix_png">
        <init_from>spec1_obelix.png</init_from>
      </image>
    </library_images>
  
    <library_materials>
      <material id="obelix01" name="obelix01">
        <instance_effect url="#obelix01_fx"/>
      </material>
    
      <material id="spec1_obelix" name="spec1_obelix">
        <instance_effect url="#spec1_obelix_fx"/>
      </material>
    </library_materials>
  
    <library_effects>
      <effect id="obelix01_fx">
        <profile_COMMON>
          <newparam sid="obelix01_png_img">
            <surface type="2D">
              <init_from>obelix01_png</init_from>
            </surface>
          </newparam>
        
          <newparam sid="obelix01_png_sampler">
            <sampler2D>
              <source>obelix01_png_img</source>
            
              <wrap_s>WRAP</wrap_s>
            
              <wrap_t>WRAP</wrap_t>
            
              <minfilter>LINEAR_MIPMAP_LINEAR</minfilter>
            
              <magfilter>LINEAR_MIPMAP_LINEAR</magfilter>
            
              <mipfilter>LINEAR</mipfilter>
            </sampler2D>
          </newparam>
        
          <technique sid="common">
            <phong>
              <ambient>
                <color>0.2000 0.2000 0.2000 1</color>
              </ambient>
            
              <emission>
                <color>0.0000 0.0000 0.0000 1</color>
              </emission>
            
              <specular>
                <color>1.0000 1.0000 1.0000 1</color>
              </specular>
            
              <diffuse>
                <texture texture="obelix01_png_sampler" texcoord="0"/>
              </diffuse>
            
              <shininess>
                <float>50.0000</float>
              </shininess>
            
              <transparency>
                <float>1.0000</float>
              </transparency>
            </phong>
          </technique>
        </profile_COMMON>
      </effect>
    
      <effect id="spec1_obelix_fx">
        <profile_COMMON>
          <newparam sid="spec1_obelix_png_img">
            <surface type="2D">
              <init_from>spec1_obelix_png</init_from>
            </surface>
          </newparam>
        
          <newparam sid="spec1_obelix_png_sampler">
            <sampler2D>
              <source>spec1_obelix_png_img</source>
            
              <wrap_s>WRAP</wrap_s>
            
              <wrap_t>WRAP</wrap_t>
            
              <minfilter>LINEAR_MIPMAP_LINEAR</minfilter>
            
              <magfilter>LINEAR_MIPMAP_LINEAR</magfilter>
            
              <mipfilter>LINEAR</mipfilter>
            </sampler2D>
          </newparam>
        
          <technique sid="common">
            <phong>
              <ambient>
                <color>0.2000 0.2000 0.2000 1</color>
              </ambient>
            
              <emission>
                <color>0.0000 0.0000 0.0000 1</color>
              </emission>
            
              <specular>
                <color>1.0000 1.0000 1.0000 1</color>
              </specular>
            
              <diffuse>
                <texture texture="spec1_obelix_png_sampler" texcoord="0"/>
              </diffuse>
            
              <shininess>
                <float>50.0000</float>
              </shininess>
            
              <transparency>
                <float>1.0000</float>
              </transparency>
            </phong>
          </technique>
        </profile_COMMON>
      </effect>
    </library_effects>
  
    <library_geometries>
      <geometry id="obelix_geom" name="obelix">
        <mesh>
          <source id="obelix_geom_positions" name="positions">
            <float_array id="obelix_geom_positions_array" count="6327">-0.152621 1.12977194 0.24846102 -0.00297 1.134678 0.27106099 -0.17227902 1.08844804 0.28286501 -0.00297 1.09395397 0.30822597 -0.10173 0.91493293 0.382163 -0.219059 0.95257797 0.31105898 -0.17227902 1.08844804 0.28286501 -0.00297 1.09395397 0.30822597 -0.10173 0.91493293 0.382163 -0.096054 0.86358701 0.36582701 -0.19415198 0.898409 0.31640501 -0.219059 0.95257797 0.31105898 -0.00297 0.84453104 0.38538299 -0.00297 0.89464496 0.40152796 -0.00297 0.89464496 0.40152796 -0.38838898 1.07279705 0.048893 -0.345203 1.11618399 0.026998 -0.28697001 1.11785602 0.16569599 -0.31334297 1.074674 0.19483798 -0.388357 1.08217704 -0.12397999 -0.34517498 1.12627196 -0.122733 -0.345203 1.11618399 0.026998 -0.38838898 1.07279705 0.048893 -0.32225703 1.10066997 -0.26744898 -0.28627103 1.14102303 -0.24194 -0.34517498 1.12627196 -0.122733 -0.388357 1.08217704 -0.12397999 -0.28627103 1.14102303 -0.24194 -0.32225703 1.10066997 -0.26744898 -0.16062298 1.15099597 -0.30713899 -0.181258 1.11186194 -0.340614 -0.16062298 1.15099597 -0.30713899 -0.181258 1.11186194 -0.340614 -0.00297 1.15292096 -0.33065201 -0.00297 1.11402201 -0.366998 -0.39912398 0.96859904 0.052762 -0.40293001 1.01614201 0.05637 -0.33869 0.99350902 0.210182 -0.31956796 0.94523295 0.217303 -0.40293001 1.01614201 0.05637 -0.39912398 0.96859904 0.052762 -0.40679501 1.01677298 -0.12684799 -0.40339597 0.96868499 -0.120337 -0.40679501 1.01677298 -0.12684799 -0.40339597 0.96868499 -0.120337 -0.34157897 1.00526595 -0.29108199 -0.323467 0.955902 -0.27147999 -0.34157897 1.00526595 -0.29108199 -0.323467 0.955902 -0.27147999 -0.19745399 0.99827995 -0.384587 -0.18753799 0.94802906 -0.36535101 -0.19745399 0.99827995 -0.384587 -0.18753799 0.94802906 -0.36535101 -0.00297 0.99416902 -0.42273902 -0.00297 0.9438261 -0.39689203 -0.38838898 1.07279705 0.048893 -0.31334297 1.074674 0.19483798 -0.33869 0.99350902 0.210182 -0.40293001 1.01614201 0.05637 -0.40679501 1.01677298 -0.12684799 -0.38838898 1.07279705 0.048893 -0.40293001 1.01614201 0.05637 -0.388357 1.08217704 -0.12397999 -0.32225703 1.10066997 -0.26744898 -0.388357 1.08217704 -0.12397999 -0.40679501 1.01677298 -0.12684799 -0.34157897 1.00526595 -0.29108199 -0.32225703 1.10066997 -0.26744898 -0.34157897 1.00526595 -0.29108199 -0.19745399 0.99827995 -0.384587 -0.181258 1.11186194 -0.340614 -0.00297 0.99416902 -0.42273902 -0.00297 1.11402201 -0.366998 -0.181258 1.11186194 -0.340614 -0.19745399 0.99827995 -0.384587 -0.31334297 1.074674 0.19483798 -0.17227902 1.08844804 0.28286501 -0.33869 0.99350902 0.210182 -0.219059 0.95257797 0.31105898 -0.28697001 1.11785602 0.16569599 -0.31334297 1.074674 0.19483798 -0.31956796 0.94523295 0.217303 -0.33869 0.99350902 0.210182 0.55804699 1.317286 0.07424101 0.41808297 1.24412798 0.072449 0.43163701 1.33564995 0.08720801 0.54449302 1.22576403 0.059482 0.403659 1.190629 -0.003101 0.53006899 1.17226505 -0.016068 0.53006899 1.17226505 -0.016068 0.39681404 1.20649194 -0.095184 0.403659 1.190629 -0.003101 0.52322399 1.18812799 -0.108151 0.40155797 1.28242599 -0.149861 0.52796798 1.26406192 -0.16282799 0.41511198 1.37394903 -0.13510098 0.54152208 1.35558401 -0.148068 0.432536 1.43644797 -0.059552 0.55894601 1.41808294 -0.072519 0.43937998 1.42058395 0.032532 0.56579101 1.40222 0.01956499 0.42088502 1.39685999 0.021639 0.41703301 1.33100496 0.07560901 0.39956899 1.22634994 0.035406 0.389084 1.21596598 -0.065784 0.39956899 1.22634994 0.035406 0.39019199 1.25932192 -0.11717499 0.40137996 1.35078 -0.12728901 0.415623 1.411489 -0.058299 0.57246601 1.38469706 0.00690299 0.56800001 1.30937098 0.06798199 0.54733699 1.19383704 0.00823099 0.53807896 1.20075702 -0.104758 0.54733699 1.19383704 0.00823099 0.54743903 1.30278705 -0.150706 0.56756609 1.39983307 -0.069755 -0.26741599 0.99371298 0.267652 -0.27129998 1.03840994 0.27427902 -0.23229101 1.01500296 0.28135397 -0.29527801 1.01226997 0.24245701 -0.22502898 1.05185199 0.26985901 -0.25289103 1.06740903 0.24466399 -0.28801598 1.04911804 0.230963 -0.355496 1.02725005 0.15072299 -0.37236698 1.04318702 0.13440999 -0.34804298 1.04843699 0.14830501 -0.35387902 1.05988705 0.12668299 -0.36716898 1.05014801 0.10747899 -0.37462102 1.02896094 0.109897 -0.36878498 1.01751196 0.13151898 -0.39997102 1.03577303 -0.014754 -0.40884598 1.05153 -0.03827 -0.39408399 1.05664801 -0.012528 -0.39084001 1.06900501 -0.036197 -0.393483 1.060485 -0.062092 -0.39937 1.03961002 -0.064319 -0.40261402 1.02725398 -0.04065 -0.37690501 1.03866195 -0.181037 -0.37895398 1.05555296 -0.20623099 -0.37020899 1.06398403 -0.17836102 -0.358622 1.07671296 -0.198284 -0.35373001 1.06411898 -0.22088199 -0.36042501 1.03879702 -0.22355799 -0.37201302 1.02606904 -0.203635 -0.29086503 1.030501 -0.31410698 -0.26785999 1.05540704 -0.34246798 -0.28694701 1.06296301 -0.30307399 -0.253995 1.081249 -0.315491 -0.22496099 1.06707298 -0.33894197 -0.22888 1.03461098 -0.34997599 -0.26183199 1.01632595 -0.33755798 -0.130226 1.03487503 -0.38192101 -0.09483301 1.06214499 -0.40220599 -0.12647201 1.07200002 -0.36613201 -0.087181 1.08991098 -0.365335 -0.051645 1.07069599 -0.380327 -0.055399 1.03357005 -0.39611601 -0.09469001 1.01566004 -0.39691203 -0.080621 1.02797901 0.36170898 -0.08949901 0.97037597 0.35652901 -0.09287 1.01665401 0.33178596 -0.078579 0.98881104 0.38388301 -0.078579 0.98881104 0.38388301 -0.053938 0.93119403 0.37981502 -0.08949901 0.97037597 0.35652901 -0.047949 0.95506205 0.40310397 -0.047949 0.95506205 0.40310397 -0.00297 0.918992 0.390058 -0.053938 0.93119403 0.37981502 -0.00297 0.94456508 0.41180198 -0.00297 1.08256304 0.33992399 -0.061145 1.06044197 0.31535898 -0.00297 1.08001101 0.31436999 -0.053296 1.06569504 0.345053 -0.053296 1.06569504 0.345053 -0.09287 1.01665401 0.33178596 -0.061145 1.06044197 0.31535898 -0.080621 1.02797901 0.36170898 -0.00297 1.01953899 0.39470501 -0.078579 0.98881104 0.38388301 -0.080621 1.02797901 0.36170898 -0.053296 1.06569504 0.345053 -0.047949 0.95506205 0.40310397 -0.00297 0.94456508 0.41180198 -0.00297 1.08256304 0.33992399 -0.03864499 1.70288301 0.055522 -0.03257799 1.72467292 0.028768 -0.00297 1.72994292 0.04137 -0.00297 1.71035004 0.070432 -0.00297 1.69240305 0.08364701 -0.04563999 1.68261096 0.065616 -0.03864499 1.70288301 0.055522 -0.06398099 1.68726394 0.018625 -0.067395 1.66358802 0.026071 -0.06398099 1.68726394 0.018625 -0.05046 1.71107794 -0.002041 -0.069224 1.64496896 -0.014373 -0.066441 1.67202696 -0.01541599 -0.066441 1.67202696 -0.01541599 -0.036884 1.69079206 -0.046986 -0.00297 1.68903992 -0.060997 -0.041866 1.66145203 -0.051674 -0.00297 1.65874908 -0.06555701 -0.03935 1.63617799 -0.052718 -0.041866 1.66145203 -0.051674 -0.00297 1.65874908 -0.06555701 -0.041866 1.66145203 -0.051674 -0.03935 1.63617799 -0.052718 -0.00297 1.62923393 -0.06414 -0.00297 1.71801604 -0.040052 -0.001455 1.73573101 -0.016244 -0.001455 1.73573101 -0.016244 -0.03935 1.63617799 -0.052718 -0.069224 1.64496896 -0.014373 -0.00297 1.62923393 -0.06414 -0.067395 1.66358802 0.026071 -0.04563999 1.68261096 0.065616 -0.00297 1.69240305 0.08364701 0.036741 1.70293093 0.053661 0.026638 1.72467292 0.028768 -0.00297 1.71035004 0.070432 0.036741 1.70293093 0.053661 0.0397 1.68261096 0.065616 0.058041 1.68726394 0.018625 0.061821 1.66358802 0.026071 0.058041 1.68726394 0.018625 0.04452 1.71107794 -0.002041 0.060502 1.67202696 -0.01541599 0.064473 1.64653501 -0.014849 0.060502 1.67202696 -0.01541599 0.030944 1.69079206 -0.046986 0.034832 1.66131804 -0.05212401 0.034832 1.66131804 -0.05212401 0.036132 1.63612101 -0.052711 -0.00297 1.65874908 -0.06555701 -0.00297 1.62923393 -0.06414 0.064473 1.64653501 -0.014849 0.036132 1.63612101 -0.052711 0.061821 1.66358802 0.026071 0.0397 1.68261096 0.065616 0.06641399 1.7186389 -0.020164 0.04452 1.71107794 -0.002041 0.060502 1.67202696 -0.01541599 0.07926701 1.70131398 -0.013306 0.06588 1.72613395 0.000421 0.058041 1.68726394 0.018625 0.073556 1.70872307 0.006535 0.073556 1.70872307 0.006535 0.058041 1.68726394 0.018625 -0.005289 1.76194788 -0.00861399 -0.017986 1.75682307 -0.025748 -0.001023 1.76409603 -0.029088 -0.001023 1.75062204 -0.039459 0.014579 1.75400699 -0.031985 -0.001023 1.76409603 -0.029088 -0.022498 1.74596096 -0.010335 -0.002731 1.74932302 0.000577 -0.023428 1.73868001 -0.02935 -0.002731 1.73486901 -0.03989799 -0.00116399 1.73883296 -0.005748 -0.011598 1.73341704 -0.015029 -0.000447 1.730667 -0.028178 0.019284 1.73909808 -0.029434 0.010007 1.73232699 -0.016547 0.014853 1.75982703 -0.015947 0.020407 1.7457161 -0.00834 0.010007 1.73232699 -0.016547 -0.072353 1.7186389 -0.020164 -0.066441 1.67202696 -0.01541599 -0.05046 1.71107794 -0.002041 -0.08520701 1.70131398 -0.013306 -0.07182 1.72613395 0.000421 -0.06398099 1.68726394 0.018625 -0.07949601 1.70872307 0.006535 -0.07949601 1.70872307 0.006535 -0.06398099 1.68726394 0.018625 0.14668099 1.12977194 0.24846102 0.16633899 1.08844804 0.28286501 0.09579 0.91493293 0.382163 0.16633899 1.08844804 0.28286501 0.21311901 0.95257797 0.31105898 0.09579 0.91493293 0.382163 0.188212 0.898409 0.31640501 0.090114 0.86358701 0.36582701 0.21311901 0.95257797 0.31105898 0.38244902 1.07279705 0.048893 0.28102999 1.11785602 0.16569599 0.33926301 1.11618399 0.026998 0.30740301 1.074674 0.19483798 0.38241704 1.08217704 -0.12397999 0.33926301 1.11618399 0.026998 0.33923502 1.12627196 -0.122733 0.38244902 1.07279705 0.048893 0.31631701 1.10066997 -0.26744898 0.33923502 1.12627196 -0.122733 0.28033101 1.14102303 -0.24194 0.38241704 1.08217704 -0.12397999 0.28033101 1.14102303 -0.24194 0.15468299 1.15099597 -0.30713899 0.31631701 1.10066997 -0.26744898 0.17531801 1.11186194 -0.340614 0.15468299 1.15099597 -0.30713899 0.17531801 1.11186194 -0.340614 0.33275001 0.99350902 0.210182 0.39699103 1.01614201 0.05637 0.31362797 0.94523295 0.217303 0.39318396 0.96859904 0.052762 0.39699103 1.01614201 0.05637 0.40085502 1.01677298 -0.12684799 0.39318396 0.96859904 0.052762 0.39745601 0.96868499 -0.120337 0.40085502 1.01677298 -0.12684799 0.33563901 1.00526595 -0.29108199 0.39745601 0.96868499 -0.120337 0.31752796 0.955902 -0.27147999 0.33563901 1.00526595 -0.29108199 0.19151398 0.99827995 -0.384587 0.31752796 0.955902 -0.27147999 0.181598 0.94802906 -0.36535101 0.19151398 0.99827995 -0.384587 0.181598 0.94802906 -0.36535101 0.38244902 1.07279705 0.048893 0.33275001 0.99350902 0.210182 0.30740301 1.074674 0.19483798 0.39699103 1.01614201 0.05637 0.40085502 1.01677298 -0.12684799 0.39699103 1.01614201 0.05637 0.38244902 1.07279705 0.048893 0.38241704 1.08217704 -0.12397999 0.31631701 1.10066997 -0.26744898 0.40085502 1.01677298 -0.12684799 0.38241704 1.08217704 -0.12397999 0.33563901 1.00526595 -0.29108199 0.31631701 1.10066997 -0.26744898 0.19151398 0.99827995 -0.384587 0.33563901 1.00526595 -0.29108199 0.17531801 1.11186194 -0.340614 0.17531801 1.11186194 -0.340614 0.19151398 0.99827995 -0.384587 0.30740301 1.074674 0.19483798 0.33275001 0.99350902 0.210182 0.16633899 1.08844804 0.28286501 0.21311901 0.95257797 0.31105898 0.28102999 1.11785602 0.16569599 0.30740301 1.074674 0.19483798 0.31362797 0.94523295 0.217303 0.33275001 0.99350902 0.210182 0.25895699 0.99071296 0.26304396 0.22410699 1.01200401 0.27745702 0.26298498 1.03840994 0.26958498 0.28883999 1.00926995 0.23570899 0.216595 1.04885196 0.26612397 0.243934 1.06740903 0.24037802 0.27878397 1.04911804 0.225965 0.34958397 1.02551198 0.151343 0.34244101 1.04680001 0.148877 0.366428 1.04105305 0.13455396 0.34806697 1.05799401 0.12705398 0.36083503 1.047899 0.107698 0.36797799 1.02661097 0.11016499 0.362352 1.01541697 0.131988 0.39403103 1.03577303 -0.014754 0.38814397 1.05664801 -0.012528 0.40290599 1.05153 -0.03827 0.38490002 1.06900501 -0.036197 0.38754301 1.060485 -0.062092 0.39343001 1.03961002 -0.064319 0.39667402 1.02725398 -0.04065 0.372223 1.03866195 -0.17831401 0.36552699 1.06398403 -0.175638 0.37301399 1.05555296 -0.20623099 0.35268201 1.07671296 -0.198284 0.34778999 1.06411898 -0.22088199 0.35448502 1.03879702 -0.22355799 0.36607303 1.02606904 -0.203635 0.282267 1.030501 -0.31549699 0.27834796 1.06296301 -0.30446301 0.26191997 1.05540704 -0.34246798 0.248055 1.081249 -0.315491 0.22167999 1.06707298 -0.33755301 0.22559898 1.03461098 -0.34858595 0.255892 1.01632595 -0.33755798 0.124287 1.03487503 -0.38192598 0.120532 1.07200002 -0.36613701 0.08889301 1.06214499 -0.40220599 0.08124101 1.08991098 -0.365335 0.045704 1.07069599 -0.38032199 0.049459 1.03357005 -0.39611103 0.08875 1.01566004 -0.39691203 0.074681 1.02797901 0.36170898 0.08693 1.01665401 0.33178596 0.08455901 0.97037597 0.35652901 0.07263901 0.98881104 0.38388301 0.07263901 0.98881104 0.38388301 0.08455901 0.97037597 0.35652901 0.048999 0.93119403 0.37981502 0.042009 0.95506205 0.40310397 0.042009 0.95506205 0.40310397 0.048999 0.93119403 0.37981502 0.055206 1.06044197 0.31535898 0.047356 1.06569504 0.345053 0.047356 1.06569504 0.345053 0.055206 1.06044197 0.31535898 0.08693 1.01665401 0.33178596 0.074681 1.02797901 0.36170898 0.074681 1.02797901 0.36170898 0.07263901 0.98881104 0.38388301 0.047356 1.06569504 0.345053 0.042009 0.95506205 0.40310397 -0.11886199 0.33637901 -0.03397099 -0.000439 0.32712899 -0.051156 -0.13669198 0.34133698 -0.14584998 -0.000439 0.35722001 -0.23268 -0.11886199 0.33637901 -0.03397099 -0.127029 0.35610302 0.076495 -0.000439 0.35245602 0.098751 -0.000439 0.32712899 -0.051156 -0.155409 0.436302 0.240647 -0.000434 0.436302 0.26052298 -0.19071799 0.55665296 0.32703103 -0.000434 0.55665296 0.35703902 -0.20529399 0.69042507 0.36463202 -0.000439 0.69042507 0.39798199 -0.368735 0.436302 -0.13328 -0.29530599 0.436302 -0.266952 -0.346029 0.55665201 -0.31295799 -0.43823399 0.55665201 -0.148018 -0.42501103 0.55665201 0.040258 -0.35436501 0.436302 0.018961 -0.46014397 0.69042507 -0.14803399 -0.45013999 0.69042507 0.055143 -0.15388001 0.436302 -0.35436301 -0.222161 0.351447 -0.18308801 -0.303531 0.37150897 -0.10683999 -0.28283503 0.36514397 -0.00684499 -0.27358898 0.436302 0.15484799 -0.19613199 0.34516696 0.04293 -0.45187201 0.83402006 -0.145325 -0.44233399 0.83402108 0.05995 -0.363272 0.69042507 -0.32634 -0.360137 0.82902001 -0.31857197 -0.323467 0.955902 -0.27147999 -0.40339597 0.96868499 -0.120337 -0.39912398 0.96859904 0.052762 -0.19966 0.82402102 0.35552599 -0.096054 0.86358701 0.36582701 -0.00297 0.84453104 0.38538299 0.36258699 0.69042507 -0.32619001 0.206337 0.69542507 -0.42731901 0.33428399 0.55665201 -0.31280799 0.18851399 0.55665201 -0.41306498 -0.000434 0.55665296 0.35703902 -0.000439 0.69042507 0.39798199 0.204362 0.69042507 0.35963203 0.189747 0.55665296 0.32203103 0.418655 0.55665201 0.040558 0.44812195 0.69042507 0.055443 0.447634 0.69042507 -0.14788399 0.42148899 0.55665201 -0.147868 0.44147598 0.83402006 -0.137178 0.43635501 0.83402108 0.062049 0.354304 0.82902001 -0.31023 0.19429399 0.829325 -0.41450899 0.181598 0.94802906 -0.36535101 0.31752796 0.955902 -0.27147999 0.39745601 0.96868499 -0.120337 0.39318396 0.96859904 0.052762 -0.00297 0.84453104 0.38538299 0.090114 0.86358701 0.36582701 0.198767 0.82402102 0.35052599 -0.00297 1.60352013 0.13411298 -0.00297 1.62941501 0.16188399 -0.027769 1.62636098 0.16673798 -0.00297 1.64142797 0.19994999 -0.027633 1.631376 0.199817 -0.00297 1.62585995 0.230785 -0.03194399 1.61031601 0.228025 -0.00297 1.59241009 0.23820399 -0.03300999 1.58054495 0.229765 -0.00297 1.55831599 0.231302 -0.00297 1.51387906 0.12920801 -0.04166799 1.52192091 0.12774099 -0.00297 1.51892209 0.17289502 -0.03582299 1.52817201 0.17299102 -0.051746 1.604866 0.16060999 -0.037351 1.59569096 0.129682 -0.054042 1.61020801 0.19622999 -0.052819 1.58177793 0.21493099 -0.034885 1.55138302 0.21242101 -0.058274 1.54934597 0.18485499 -0.063505 1.57813203 0.18977701 -0.058394 1.54270291 0.14771899 -0.04969299 1.53888297 0.11347999 -0.063091 1.57188796 0.15350601 -0.047725 1.56692004 0.121225 -0.00297 1.53498196 0.210916 -0.036493 1.60413799 0.098307 -0.027283 1.60096499 0.105575 -0.031108 1.59159708 0.11665599 -0.05608 1.586241 0.111003 -0.00297 1.59852815 0.115628 -0.072863 1.59103 0.0807 -0.050308 1.61296293 0.08421701 -0.082615 1.60189995 0.045412 -0.064395 1.66658804 0.026071 -0.04563999 1.67961094 0.059616 -0.050308 1.61296293 0.08421701 -0.00297 1.69540307 0.07464701 -0.00297 1.67705509 0.088483 -0.030169 1.67905101 0.07863501 -0.072863 1.59103 0.0807 -0.104927 1.52281594 -0.00419099 -0.124845 1.53049397 -0.024572 -0.095402 1.580343 0.011888 -0.109487 1.60703799 -0.02405 -0.00297 1.48488401 0.180431 -0.00297 1.467525 0.17087301 -0.025748 1.48233997 0.16885799 -0.02608 1.46988295 0.13967999 -0.00297 1.46175896 0.15221901 -0.07915701 1.55901003 0.10580999 -0.096489 1.55540204 0.059996 -0.036057 1.64942703 0.084028 -0.030169 1.67905101 0.07863501 -0.095402 1.580343 0.011888 -0.091846 1.59996402 -0.004266 -0.076646 1.62446603 -0.012861 -0.03935 1.63517794 -0.052718 -0.066224 1.650969 -0.014373 -0.095402 1.580343 0.011888 -0.11027499 1.51222598 0.021089 -0.096489 1.55540204 0.059996 -0.12373199 1.59837603 -0.041717 -0.109275 1.600301 -0.05185 -0.098662 1.60651705 -0.034412 -0.104927 1.52281594 -0.00419099 -0.087456 1.54778909 -0.026193 -0.122669 1.54567289 -0.048892 -0.124845 1.53049397 -0.024572 -0.122669 1.54567289 -0.048892 -0.13333399 1.54874897 -0.041063 -0.091846 1.59996402 -0.004266 -0.092066 1.49006604 -0.059253 -0.064078 1.52976298 -0.06691199 -0.087456 1.54778909 -0.026193 -0.14597199 1.28097498 -0.23484699 -0.002967 1.29070401 -0.25392898 -0.119104 1.39061497 -0.175602 -0.002967 1.39719795 -0.188738 -0.119104 1.39061497 -0.175602 -0.002967 1.39719795 -0.188738 -0.00297 1.50117099 -0.10427 -0.215199 1.45012402 -0.055733 -0.21259399 1.37036393 -0.13933899 -0.238139 1.23434805 0.15999001 -0.16311199 1.19619095 0.22693398 -0.27552699 1.17864799 0.141329 -0.19316001 1.26782595 0.175084 -0.23649801 1.33907305 0.091772 -0.11088899 1.41183101 0.046551 -0.068858 1.38028799 0.087713 -0.115349 1.4567511 -0.00516699 -0.21234501 1.42610406 0.038249 -0.092066 1.49006604 -0.059253 -0.215199 1.45012402 -0.055733 -0.21259399 1.37036393 -0.13933899 -0.24161501 1.25456595 -0.18381001 -0.00297 1.50117099 -0.10427 -0.00297 1.662464 -0.06347099 -0.03342999 1.68356797 -0.043186 -0.00297 1.69593403 -0.048672 -0.00297 1.62823388 -0.06414 -0.044619 1.69617603 -0.014064 -0.042634 1.70400501 0.020045 -0.02544 1.70461798 0.055933 -0.00297 1.71645201 -0.01470999 -0.00297 1.71785498 0.022641 -0.00297 1.69540307 0.07464701 -0.002933 1.20289897 -0.28854697 -0.15091 1.19999504 -0.26025 -0.115349 1.4567511 -0.00516699 -0.108808 1.43748592 0.071826 -0.11088899 1.41183101 0.046551 -0.09423201 1.52505993 0.088791 -0.104203 1.47222303 0.08789301 -0.104927 1.52281594 -0.00419099 -0.00297 1.52010393 -0.10117 -0.00297 1.50117099 -0.10427 -0.025615 1.50693392 0.152893 -0.036564 1.49027395 0.14294099 -0.02632499 1.50320601 0.11848699 -0.033286 1.49054097 0.123994 -0.28627103 1.14102303 -0.24194 -0.27887102 1.17129599 -0.238089 -0.34226398 1.15425896 -0.128159 -0.34517498 1.12627196 -0.122733 -0.345203 1.11618399 0.026998 -0.34639199 1.14823901 0.021562 -0.31019498 1.17168807 0.013328 -0.30997999 1.17836999 -0.112497 -0.27552699 1.17864799 0.141329 -0.31454499 1.15366602 0.17426502 -0.17063399 1.169142 0.26641502 -0.00297 1.134678 0.27106099 -0.152621 1.12977194 0.24846102 -0.002613 1.17796504 0.28516998 -0.16311199 1.19619095 0.22693398 -0.002933 1.19681 0.25091001 -0.002967 1.27266299 0.189612 -0.002933 1.19681 0.25091001 0.14003699 1.28097498 -0.23484699 0.11316899 1.39061497 -0.175602 0.11316899 1.39061497 -0.175602 0.20925899 1.45012402 -0.055733 0.20665499 1.37036393 -0.13933899 0.29659104 1.21386098 -0.049 0.30792598 1.16683697 0.022964 0.28265702 1.24579 0.076056 0.25841301 1.173797 0.14518299 0.206406 1.42610406 0.038249 0.23055799 1.33907305 0.091772 0.104949 1.41183101 0.046551 0.109409 1.4567511 -0.00516699 0.20665499 1.37036393 -0.13933899 0.235675 1.25456595 -0.18381001 0.18722501 1.26782595 0.175084 0.062918 1.38028799 0.087713 0.086126 1.49006604 -0.059253 0.20925899 1.45012402 -0.055733 0.145998 1.19114303 0.22693398 0.232204 1.23434805 0.15999001 0.14504298 1.19999504 -0.26025 -0.002933 1.20289897 -0.28854697 -0.002933 1.18902099 -0.331623 0.160461 1.18367898 -0.302539 0.14504298 1.19999504 -0.26025 0.33923502 1.12627196 -0.122733 0.330249 1.15930795 -0.117534 0.28033101 1.14102303 -0.24194 0.273425 1.17614698 -0.23853599 0.33949102 1.14763295 0.031197 0.33926301 1.11618399 0.026998 0.30792598 1.16683697 0.022964 0.295199 1.17836999 -0.096083 0.25841301 1.173797 0.14518299 0.29201105 1.15294003 0.17519701 0.16140601 1.170215 0.269055 0.14668099 1.12977194 0.24846102 -0.00297 1.134678 0.27106099 -0.002613 1.17796504 0.28516998 0.145998 1.19114303 0.22693398 -0.002933 1.19681 0.25091001 0.295199 1.17836999 -0.096083 0.23465898 1.19393503 -0.19697199 0.29659104 1.21386098 -0.049 0.295199 1.17836999 -0.096083 -0.28859099 1.24579 0.076056 -0.31019498 1.17168807 0.013328 -0.30252598 1.21386098 -0.049 -0.30997999 1.17836999 -0.112497 -0.30252598 1.21386098 -0.049 -0.30997999 1.17836999 -0.112497 -0.248973 1.18989801 -0.20243701 -0.248973 1.18989801 -0.20243701 -0.018153 1.60640499 0.105178 -0.020421 1.50116991 0.17252601 -0.030816 1.477885 0.12947401 -0.00297 1.462574 0.13498599 -0.059401 1.48313402 0.117994 -0.030816 1.477885 0.12947401 -0.049564 1.44101702 0.123849 -0.033286 1.49054097 0.123994 -0.00297 1.39741801 0.119094 -0.00297 1.36613403 0.096591 -0.068858 1.38028799 0.087713 -0.06831099 1.40690898 0.108299 -0.00297 1.43190299 0.13159499 -0.00297 1.36613403 0.096591 0.043624 1.44101702 0.123849 0.024877 1.477885 0.12947401 0.35660105 0.82902102 0.243352 0.31362797 0.94523295 0.217303 0.188212 0.898409 0.31640501 0.361861 0.69042507 0.24788701 0.32938598 0.55665296 0.22755197 -0.34113099 0.55665296 0.222402 -0.36779101 0.69042507 0.242737 -0.363353 0.82902102 0.23481999 -0.31956796 0.94523295 0.217303 -0.19415198 0.898409 0.31640501 -0.19779299 0.829325 -0.42188199 -0.18753799 0.94802906 -0.36535101 -0.203332 0.69042507 -0.441511 -0.18885 0.55665201 -0.423864 0.28102999 1.11785602 0.16569599 -0.002933 1.20289897 -0.28854697 -0.15091 1.19999504 -0.26025 -0.16105699 1.18367898 -0.30709199 -0.002933 1.18902099 -0.331623 -0.16062298 1.15099597 -0.30713899 -0.00297 1.15292096 -0.33065201 -0.28697001 1.11785602 0.16569599 -0.00297 0.9438261 -0.39689203 -0.000456 0.82997595 -0.4449 -0.00297 0.9438261 -0.39689203 -0.000456 0.82997595 -0.4449 0.003503 0.69542507 -0.46487304 0.003503 0.69542507 -0.46487304 -0.000434 0.55665201 -0.453141 -0.000434 0.55665201 -0.453141 -0.000434 0.436302 -0.37847398 0.23465898 1.19393503 -0.19697199 0.15468299 1.15099597 -0.30713899 -0.00297 1.15292096 -0.33065201 0.13581499 0.34133698 -0.14584998 0.11798499 0.33637901 -0.03897099 -0.000439 0.35722001 -0.23268 -0.000439 0.35245602 0.098751 0.12698 0.35610302 0.076495 0.11798499 0.33637901 -0.03897099 0.15454198 0.436302 0.23564699 -0.000434 0.436302 0.26052298 0.28302597 0.436302 -0.27695202 0.362868 0.436302 -0.13328 0.353498 0.436302 0.018961 0.22128399 0.351447 -0.18308801 0.153012 0.436302 -0.35436301 0.13581499 0.34133698 -0.14584998 0.30265401 0.37150897 -0.10683999 0.28195798 0.36514397 -0.00684499 0.19525499 0.34516696 0.04293 0.272722 0.436302 0.159848 0.19525499 0.34516696 0.04293 0.18177801 0.25717797 -0.007318 0.129561 0.26060199 -0.032936 0.11798499 0.33637901 -0.03897099 0.28195798 0.36514397 -0.00684499 0.233046 0.26048797 -0.036922 0.18177801 0.25717797 -0.007318 0.19525499 0.34516696 0.04293 0.30265401 0.37150897 -0.10683999 0.23434099 0.258255 -0.085322 0.22128399 0.351447 -0.18308801 0.193146 0.25327399 -0.12194301 0.13581499 0.34133698 -0.14584998 0.140981 0.25997102 -0.088803 0.21859 0.202163 -0.08048 0.184193 0.20062799 -0.11035799 0.14125199 0.20349201 -0.086158 0.132871 0.21908601 -0.03333099 0.133697 0.205915 -0.03398799 0.22185699 0.205496 -0.0434 0.22361799 0.21760399 -0.041449 0.181059 0.20675298 -0.015295 0.181023 0.21581099 -0.012918 0.181023 0.21581099 -0.012918 0.181059 0.20675298 -0.015295 -0.000434 0.436302 -0.37847398 -0.00297 1.50501799 0.17252601 -0.002962 1.51078295 0.152893 -0.11817199 1.57734394 -0.059109 -0.13449799 1.57541894 -0.047503 -0.11817199 1.57734394 -0.059109 -0.109275 1.600301 -0.05185 -0.098662 1.60651705 -0.034412 -0.00297 1.71220089 0.051666 0.21545 0.184193 -0.080628 0.182664 0.183511 -0.109427 0.14090099 0.18562199 -0.084932 0.22001299 0.189556 -0.046559 0.181873 0.19445899 -0.019039 0.181873 0.19445899 -0.019039 0.13462197 0.192585 -0.035352 -0.04166799 1.52192091 0.12774099 -0.00297 1.51387906 0.12920801 -0.025678 1.50141906 0.08419501 -0.046236 1.50348699 0.0936 0.019738 1.50141906 0.08419501 0.035728 1.52192091 0.12774099 0.040297 1.50348699 0.0936 0.020385 1.50320601 0.11848699 -0.02632499 1.50320601 0.11848699 -0.02632499 1.50320601 0.11848699 -0.046236 1.50348699 0.0936 0.39956899 1.22634994 0.035406 0.389084 1.21596598 -0.065784 0.30140199 1.31914793 0.088506 0.30034797 1.35909604 -0.147917 0.20665499 1.37036393 -0.13933899 0.235675 1.25456595 -0.18381001 0.31617699 1.26160895 -0.13083799 0.41703301 1.33100496 0.07560901 0.23055799 1.33907305 0.091772 0.206406 1.42610406 0.038249 0.28261902 1.42315601 0.06237 0.30140199 1.31914793 0.088506 0.27445304 1.44950699 -0.01059 0.20925899 1.45012402 -0.055733 0.272154 1.43495904 -0.090991 0.20665499 1.37036393 -0.13933899 0.30034797 1.35909604 -0.147917 0.42088502 1.39685999 0.021639 0.41703301 1.33100496 0.07560901 0.34133197 1.41653799 0.051455 0.40137996 1.35078 -0.12728901 0.415623 1.411489 -0.058299 0.343033 1.42114996 -0.09019501 0.53807896 1.20075702 -0.104758 0.54733699 1.19383704 0.00823099 0.57696795 1.19327605 -0.11535999 0.56800001 1.30937098 0.06798199 0.629922 1.27794503 0.079085 0.65649203 1.19754898 0.00285199 0.58935797 1.397727 -0.081354 0.57246601 1.38469706 0.00690299 0.56756609 1.39983307 -0.069755 1.00372803 1.29686498 -0.097578 0.94547298 1.30118392 -0.076592 0.94547298 1.28226697 -0.016747 0.99906298 1.29613709 -0.017973 0.95824601 1.38985799 0.01678 0.99736603 1.34007405 0.086913 0.94685902 1.32861303 0.052767 1.01453697 1.39259099 0.012366 0.95824601 1.39798592 -0.06127099 1.01453697 1.39578603 -0.068506 0.950053 1.343706 -0.115003 1.00801002 1.36113296 -0.122655 1.00372803 1.29686498 -0.097578 1.00801002 1.36113296 -0.122655 0.950053 1.343706 -0.115003 0.94547298 1.30118392 -0.076592 0.99736603 1.30873202 0.08110001 0.94547298 1.28226697 -0.016747 1.18402099 1.38747106 0.029095 1.23763203 1.38507996 0.03058 1.24130403 1.37535201 0.06529501 1.18558597 1.37688003 0.0739 1.14171802 1.38955401 0.029525 1.14061593 1.37653206 0.07659 1.10248601 1.39109002 0.02871 1.09010696 1.376433 0.078055 1.04716801 1.35879003 0.074866 1.06004202 1.34679006 0.096045 1.02022898 1.32941006 0.139264 1.02783203 1.32261799 0.17260701 1.06591498 1.31208394 0.150682 1.04716801 1.35879003 0.074866 1.01453697 1.39259099 0.012366 1.09010696 1.376433 0.078055 1.08709597 1.33668707 0.068184 1.052441 1.31177793 0.06849 1.24130403 1.37535201 0.06529501 1.23763203 1.38507996 0.03058 1.22183894 1.35383998 0.047212 1.17292201 1.34995101 0.060311 1.18558597 1.37688003 0.0739 1.14061593 1.37653206 0.07659 1.14483094 1.34787498 0.06345 1.06004202 1.30372904 0.09023201 1.02783203 1.29127705 0.16679398 1.02022898 1.32941006 0.139264 1.02783203 1.32261799 0.17260701 1.02783203 1.29127705 0.16679398 1.02022898 1.29023301 0.131997 0.99736603 1.34007405 0.086913 0.99736603 1.30873202 0.08110001 1.052441 1.31177793 0.06849 0.99736603 1.30873202 0.08110001 1.02022898 1.29023301 0.131997 1.17310499 1.35792004 0.039168 1.14422094 1.35933505 0.037616 1.10448503 1.36001395 0.028625 1.08709597 1.33668707 0.068184 1.10448503 1.36001395 0.028625 1.10630297 1.35120402 -0.026137 1.09366 1.37307296 -0.12648701 1.092484 1.34466193 -0.118591 1.25577902 1.37328301 0.020189 1.23906302 1.34971402 0.000644 1.18489599 1.35667001 0.014904 1.20756899 1.38462208 0.023298 1.15761399 1.35789703 0.016469 1.14813804 1.39118301 0.02609 1.10248601 1.39109002 0.02871 1.14171802 1.38955401 0.029525 1.18402099 1.38747106 0.029095 1.14875495 1.39122902 -0.020653 1.10248601 1.39109002 0.02871 1.10732102 1.39395903 -0.022091 1.14813804 1.39118301 0.02609 1.20763504 1.38550304 -0.018795 1.20756899 1.38462208 0.023298 1.25637793 1.37323306 -0.015811 1.25577902 1.37328301 0.020189 1.25637793 1.37323306 -0.015811 1.18551504 1.35537897 -0.00945299 1.15806901 1.35524403 -0.011368 1.10630297 1.35120402 -0.026137 1.14875495 1.39122902 -0.020653 1.10732102 1.39395903 -0.022091 1.20763504 1.38550304 -0.018795 1.09366 1.37307296 -0.12648701 1.01453697 1.39578603 -0.068506 1.00801002 1.36113296 -0.122655 1.10242295 1.39292799 -0.08144701 1.10732102 1.39395903 -0.022091 1.01453697 1.39578603 -0.068506 1.10242295 1.39292799 -0.08144701 1.01453697 1.39259099 0.012366 1.01453697 1.39259099 0.012366 1.092484 1.34466193 -0.118591 1.10161697 1.34475396 -0.081728 1.14321303 1.39091598 -0.07861901 1.14421605 1.39264201 -0.02827399 1.18942606 1.38481604 -0.07528401 1.19029104 1.38556801 -0.03177099 1.23963904 1.37729405 -0.072183 1.24079501 1.37719296 -0.038007 1.22705197 1.35177003 -0.053729 1.24079501 1.37719296 -0.038007 1.23963904 1.37729405 -0.072183 1.17286896 1.35756205 -0.06355 1.17268705 1.35847198 -0.04101299 1.15522599 1.35683797 -0.06509401 1.15533805 1.35835896 -0.039726 1.10630297 1.35120402 -0.026137 1.10161697 1.34475396 -0.081728 1.18942606 1.38481604 -0.07528401 1.14321303 1.39091598 -0.07861901 1.10242295 1.39292799 -0.08144701 1.19029104 1.38556801 -0.03177099 1.14421605 1.39264201 -0.02827399 1.13835704 1.37564502 -0.12466 1.14486598 1.349609 -0.11367099 1.16404604 1.35114502 -0.11176499 1.18042707 1.37669395 -0.120944 1.21051203 1.37570499 -0.11619 1.19648897 1.35428499 -0.099746 1.13835704 1.37564502 -0.12466 1.13731396 1.39132093 -0.08449401 1.18042707 1.37669395 -0.120944 1.18017399 1.38710199 -0.086201 1.21051203 1.37570499 -0.11619 1.21122598 1.38376997 -0.088529 1.16335701 1.35818397 -0.090068 1.14348399 1.35590099 -0.088825 1.10161697 1.34475396 -0.081728 1.21122598 1.38376997 -0.088529 1.18017399 1.38710199 -0.086201 1.13731396 1.39132093 -0.08449401 0.54743903 1.30278705 -0.150706 0.57422602 1.31001495 -0.15637801 0.57422602 1.31001495 -0.15637801 0.54743903 1.30278705 -0.150706 0.65973398 1.31336199 -0.162439 0.62995795 1.39376496 -0.081042 0.62237993 1.31351398 -0.168106 0.69575003 1.40905594 -0.080285 0.62237993 1.31351398 -0.168106 0.62835202 1.19421303 -0.12557099 0.65973398 1.31336199 -0.162439 0.66568694 1.20871197 -0.125245 0.65498498 1.40841304 -0.00110499 0.86290996 1.40245198 -0.074327 0.86192398 1.33602308 -0.14132399 0.85977398 1.40330194 -0.001701 0.84219102 1.29125702 0.087362 0.84633396 1.23636901 -0.001858 0.83803104 1.25407099 -0.11471299 0.86192398 1.33602308 -0.14132399 0.39019199 1.25932192 -0.11717499 0.40137996 1.35078 -0.12728901 0.29659104 1.21386098 -0.049 0.389084 1.21596598 -0.065784 0.34468199 1.43634402 -0.01437 0.74076004 1.27520501 0.09866001 0.751413 1.206959 0.000497 -0.00297 1.61325202 0.106697 -0.020183 1.62542102 0.09921601 -0.017011 1.64614198 0.096504 -0.00297 1.65215299 0.09859001 -0.038672 1.62008497 0.091854 -0.017011 1.64614198 0.096504 -0.036057 1.64942703 0.084028 -0.031976 1.62928102 0.092213 -0.036057 1.64942703 0.084028 0.021829 1.62636098 0.16673798 0.021693 1.631376 0.199817 0.026004 1.61031601 0.228025 0.027071 1.58054495 0.229765 0.035728 1.52192091 0.12774099 0.029884 1.52817201 0.17299102 0.031411 1.59569096 0.129682 0.045806 1.604866 0.16060999 0.048102 1.61020801 0.19622999 0.046879 1.58177793 0.21493099 0.028945 1.55138302 0.21242101 0.052334 1.54934597 0.18485499 0.057565 1.57813203 0.18977701 0.052454 1.54270291 0.14771899 0.043753 1.53888297 0.11347999 0.041785 1.56692004 0.121225 0.057151 1.57188796 0.15350601 0.030553 1.60413799 0.098307 0.05014 1.59224105 0.111003 0.025168 1.59159708 0.11665599 0.021343 1.60096499 0.105575 0.06692399 1.59103 0.0807 0.044369 1.61296293 0.08421701 0.024229 1.67905101 0.07863501 0.10398699 1.52281594 -0.00419099 0.089462 1.580343 0.011888 0.120905 1.53049397 -0.024572 0.105547 1.60703799 -0.02405 0.019808 1.48233997 0.16885799 0.020141 1.46988295 0.13967999 0.09054901 1.55540204 0.059996 0.07321701 1.55901003 0.10580999 0.11979199 1.59837603 -0.041717 0.091722 1.60651705 -0.034412 0.105335 1.600301 -0.05185 0.120905 1.53049397 -0.024572 0.118853 1.54267287 -0.049148 0.09394 1.53578901 -0.02796 0.10398699 1.52281594 -0.00419099 0.118853 1.54267287 -0.049148 0.12939502 1.54574894 -0.041063 0.085906 1.59996402 -0.004266 0.091722 1.60651705 -0.034412 0.105335 1.600301 -0.05185 0.085906 1.59996402 -0.004266 0.109409 1.4567511 -0.00516699 0.104949 1.41183101 0.046551 0.10286799 1.43748592 0.071826 0.104335 1.51222598 0.021089 0.08829201 1.52006006 0.088791 0.09526301 1.47222303 0.09089301 0.058138 1.54476308 -0.057912 0.086126 1.49006604 -0.059253 0.019676 1.50693392 0.152893 0.020385 1.50320601 0.11848699 0.030625 1.49027395 0.14294099 0.027346 1.49054097 0.123994 0.012213 1.60640499 0.105178 0.014481 1.50116991 0.17252601 0.024877 1.477885 0.12947401 0.053461 1.48813294 0.117994 0.027346 1.49054097 0.123994 0.062918 1.38028799 0.087713 0.062371 1.40690898 0.108299 -0.02632499 1.50320601 0.11848699 0.114232 1.57734394 -0.059109 0.13055798 1.57541894 -0.047503 0.114232 1.57734394 -0.059109 0.020385 1.50320601 0.11848699 0.040297 1.50348699 0.0936 0.014243 1.62542102 0.09921601 0.011071 1.64614198 0.096504 0.026036 1.62928102 0.092213 0.030117 1.64942703 0.084028 0.032732 1.62008497 0.091854 0.011071 1.64614198 0.096504 0.030117 1.64942703 0.084028 0.78432996 1.41075395 -0.08230599 0.77582902 1.32969199 -0.156881 0.76737899 1.41085695 0.003597 0.77582902 1.32969199 -0.156881 0.75385905 1.23139095 -0.127979 0.74614299 1.36667906 0.074185 0.63245395 1.36317895 0.05749 0.84798203 1.36228 0.06383 -0.40843799 1.22358798 0.03529799 -0.39169701 1.21069395 -0.055031 -0.30734198 1.31914793 0.088506 -0.30628799 1.35909604 -0.147917 -0.32211701 1.26160895 -0.13083799 -0.24161501 1.25456595 -0.18381001 -0.21259399 1.37036393 -0.13933899 -0.42448102 1.3224151 0.064344 -0.29355901 1.42315601 0.06237 -0.21234501 1.42610406 0.038249 -0.23649801 1.33907305 0.091772 -0.30734198 1.31914793 0.088506 -0.28539299 1.45450699 -0.01059 -0.28309398 1.43495904 -0.090991 -0.215199 1.45012402 -0.055733 -0.21259399 1.37036393 -0.13933899 -0.30628799 1.35909604 -0.147917 -0.35227202 1.41653799 0.051455 -0.42448102 1.3224151 0.064344 -0.43756699 1.38207804 0.012564 -0.40326898 1.32994602 -0.127493 -0.35397302 1.42615007 -0.09019501 -0.44195299 1.404523 -0.046419 -0.56537795 1.19763696 -0.11479599 -0.60176 1.19066405 -0.127098 -0.55414003 1.19322002 0.011859 -0.39169701 1.21069395 -0.055031 -0.40843799 1.22358798 0.03529799 -0.57982504 1.29496204 0.04941 -0.49327999 1.24488901 0.062368 -0.50107097 1.319167 0.072569 -0.50602602 1.38996898 0.012489 -0.56933897 1.40396403 -0.06943701 -0.50148999 1.40904402 -0.064629 -0.57448601 1.387861 -0.007585 -0.66243199 1.19754898 0.00285199 -0.63586202 1.27794503 0.079085 -0.60023496 1.39707397 -0.08179801 -0.59966802 1.31236003 -0.16817501 -0.56818401 1.31200896 -0.14998701 -0.48314597 1.23928999 -0.13670098 -0.40326898 1.32994602 -0.127493 -0.488436 1.33974896 -0.14947701 -0.407844 1.26547097 -0.120163 -0.488436 1.33974896 -0.14947701 -0.59966802 1.31236003 -0.16817501 -0.56818401 1.31200896 -0.14998701 -0.63325694 1.31286095 -0.16854998 -0.63589797 1.39376496 -0.081042 -0.63325694 1.31286095 -0.16854998 -0.63922897 1.19356 -0.126016 -0.660925 1.40841304 -0.00110499 -0.70168997 1.40905594 -0.080285 -0.67162696 1.20871197 -0.125246 -0.30252598 1.21386098 -0.049 -0.35562201 1.44134401 -0.01437 -0.66243199 1.19754898 0.00285199 -0.7467 1.27520501 0.09866001 -0.63586202 1.27794503 0.079085 -0.75735302 1.206959 0.000497 -0.79026992 1.41075395 -0.08230599 -0.86885004 1.40245198 -0.074327 -0.86786406 1.33602308 -0.14132399 -0.78176899 1.32969199 -0.156881 -0.70168997 1.40905594 -0.080285 -0.660925 1.40841304 -0.00110499 -0.77331901 1.41085695 0.003597 -0.865714 1.40330194 -0.001701 -0.75979901 1.23139095 -0.127979 -0.843971 1.25407099 -0.11471299 -0.75735302 1.206959 0.000497 -0.85227393 1.23636901 -0.001858 -0.67162696 1.20871197 -0.125246 -0.66243199 1.19754898 0.00285199 -0.84813104 1.29125702 0.087362 -0.85227393 1.23636901 -0.001858 -0.75208295 1.36667906 0.074185 -0.63839397 1.36317895 0.05749 -0.85392206 1.36228 0.06383 -0.63839397 1.36317895 0.05749 -0.00297 1.65215299 0.09859001 -1.00966298 1.29686498 -0.097578 -1.00499701 1.29613709 -0.017973 -0.95140698 1.28226697 -0.016747 -0.95140698 1.30118392 -0.076592 -0.96418001 1.38985799 0.01678 -0.95279398 1.32861303 0.052767 -1.00330102 1.34007405 0.086913 -1.02047097 1.39578603 -0.068506 -0.96418001 1.39798592 -0.06127099 -1.02047205 1.39259099 0.012366 -1.01394403 1.36113296 -0.122655 -0.95598694 1.343706 -0.115003 -1.00966298 1.29686498 -0.097578 -0.95140698 1.30118392 -0.076592 -0.95598694 1.343706 -0.115003 -1.01394403 1.36113296 -0.122655 -1.00330102 1.30873202 0.08110001 -0.95140698 1.28226697 -0.016747 -1.18995594 1.38747106 0.029095 -1.24723803 1.37535201 0.06529501 -1.24356603 1.38507996 0.03058 -1.19152093 1.37688003 0.0739 -1.14765298 1.38955401 0.029525 -1.14655101 1.37653206 0.07659 -1.10342001 1.39109002 0.02871 -1.09604096 1.376433 0.078055 -1.02616405 1.32941006 0.139264 -1.06597697 1.34679006 0.096045 -1.05310201 1.35879003 0.074866 -1.03376698 1.32261799 0.17260701 -1.07185006 1.31208394 0.150682 -1.05310201 1.35879003 0.074866 -1.02047205 1.39259099 0.012366 -1.09303105 1.33668707 0.068184 -1.09604096 1.376433 0.078055 -1.058375 1.31177793 0.06849 -1.24723803 1.37535201 0.06529501 -1.22777402 1.35383998 0.042212 -1.24356603 1.38507996 0.03058 -1.17885696 1.34995101 0.060311 -1.19152093 1.37688003 0.0739 -1.14655101 1.37653206 0.07659 -1.15076506 1.34787498 0.06345 -1.06597697 1.30372904 0.09023201 -1.03376698 1.29127705 0.16679398 -1.02616405 1.32941006 0.139264 -1.03376698 1.29127705 0.16679398 -1.03376698 1.32261799 0.17260701 -1.02616405 1.29023301 0.131997 -1.00330102 1.34007405 0.086913 -1.00330102 1.30873202 0.08110001 -1.058375 1.31177793 0.06849 -1.00330102 1.30873202 0.08110001 -1.02616405 1.29023301 0.131997 -1.17903899 1.35792004 0.039168 -1.15015602 1.35933505 0.037616 -1.10541903 1.36001395 0.028625 -1.10541903 1.36001395 0.028625 -1.09303105 1.33668707 0.068184 -1.10723805 1.35120402 -0.026137 -1.10459494 1.37307296 -0.12648701 -1.10341894 1.34466193 -0.118591 -1.213503 1.38462208 0.023298 -1.19083094 1.35667001 0.014904 -1.24324798 1.34900997 0.002839 -1.26171302 1.37328301 0.020189 -1.17354905 1.35789703 0.016469 -1.154073 1.39118301 0.02609 -1.10342001 1.39109002 0.02871 -1.14765298 1.38955401 0.029525 -1.18995594 1.38747106 0.029095 -1.15468895 1.39122902 -0.020653 -1.10825502 1.39395903 -0.022091 -1.10342001 1.39109002 0.02871 -1.154073 1.39118301 0.02609 -1.213503 1.38462208 0.023298 -1.21356904 1.38550304 -0.018795 -1.26171302 1.37328301 0.020189 -1.26231193 1.37323306 -0.015811 -1.26231193 1.37323306 -0.015811 -1.19144904 1.35537897 -0.00945299 -1.17400395 1.35524403 -0.011368 -1.10723805 1.35120402 -0.026137 -1.15468895 1.39122902 -0.020653 -1.10825502 1.39395903 -0.022091 -1.21356904 1.38550304 -0.018795 -1.10459494 1.37307296 -0.12648701 -1.01394403 1.36113296 -0.122655 -1.02047097 1.39578603 -0.068506 -1.10835695 1.39292799 -0.08144701 -1.10825502 1.39395903 -0.022091 -1.10835695 1.39292799 -0.08144701 -1.02047097 1.39578603 -0.068506 -1.02047205 1.39259099 0.012366 -1.02047205 1.39259099 0.012366 -1.10341894 1.34466193 -0.118591 -1.10755097 1.34475396 -0.081728 -1.14914798 1.39091598 -0.07861901 -1.15015101 1.39264201 -0.02827399 -1.19622504 1.38556801 -0.03177099 -1.19536102 1.38481604 -0.07528401 -1.24672901 1.37719296 -0.038008 -1.24557399 1.37729405 -0.072183 -1.23238706 1.35343705 -0.054599 -1.24557399 1.37729405 -0.072183 -1.24672901 1.37719296 -0.038008 -1.17880403 1.35756205 -0.06355 -1.178622 1.35847198 -0.04101299 -1.16115999 1.35683797 -0.06509401 -1.16127204 1.35835896 -0.039726 -1.10723805 1.35120402 -0.026137 -1.10755097 1.34475396 -0.081728 -1.19536102 1.38481604 -0.07528401 -1.14914798 1.39091598 -0.07861901 -1.10835695 1.39292799 -0.08144701 -1.19622504 1.38556801 -0.03177099 -1.15015101 1.39264201 -0.02827399 -1.14429199 1.37564502 -0.12466 -1.15079999 1.349609 -0.11367099 -1.18636202 1.37669395 -0.120944 -1.16998004 1.35114502 -0.11176499 -1.21644603 1.37570499 -0.11619 -1.20242297 1.35928498 -0.099746 -1.14429199 1.37564502 -0.12466 -1.14324903 1.39132093 -0.08449401 -1.18610799 1.38710199 -0.086201 -1.18636202 1.37669395 -0.120944 -1.21716105 1.38376997 -0.088529 -1.21644603 1.37570499 -0.11619 -1.16929101 1.35818397 -0.090068 -1.14941799 1.35590099 -0.088825 -1.10755097 1.34475396 -0.081728 -1.21716105 1.38376997 -0.088529 -1.18610799 1.38710199 -0.086201 -1.14324903 1.39132093 -0.08449401 -0.96418001 1.39798592 -0.06127099 -0.95598694 1.343706 -0.115003 -0.96418001 1.38985799 0.01678 -0.95140698 1.28226697 -0.016747 -0.95279398 1.32861303 0.052767 -0.95140698 1.30118392 -0.076592 -0.95140698 1.28226697 -0.016747 0.076675 1.60189995 0.045412 0.0397 1.67961094 0.059616 0.058455 1.66658804 0.026071 0.044369 1.61296293 0.08421701 0.06692399 1.59103 0.0807 0.030117 1.64942703 0.084028 0.024229 1.67905101 0.07863501 0.085906 1.59996402 -0.004266 0.089462 1.580343 0.011888 0.067095 1.63046596 -0.01931999 0.03340999 1.63517794 -0.052718 0.060285 1.650969 -0.014373 0.089462 1.580343 0.011888 0.10398699 1.52281594 -0.00419099 0.09054901 1.55540204 0.059996 0.09394 1.53578901 -0.02796 0.02749 1.68356797 -0.043186 0.038679 1.69617603 -0.014064 0.036694 1.70400501 0.020045 0.0195 1.70461798 0.055933 -0.105281 1.5142889 -0.08865001 -0.13403198 1.52241492 -0.055952 -0.09377599 1.49624204 -0.07964801 -0.124096 1.50522398 -0.041313 0.04093 1.65450701 -0.10801599 -0.00297 1.66600499 -0.11221199 -0.00297 1.65096304 -0.11415199 0.028442 1.63081405 -0.082331 0.057631 1.62210998 -0.060415 0.04093 1.65450701 -0.10801599 0.07524901 1.64581105 -0.085462 0.028442 1.63081405 -0.082331 0.04093 1.65450701 -0.10801599 -0.00297 1.65096304 -0.11415199 -0.00633099 1.62871298 -0.08783301 0.057631 1.62210998 -0.060415 0.028442 1.63081405 -0.082331 0.068558 1.60999796 -0.09165901 0.027378 1.61423299 -0.10372999 0.041454 1.62241098 -0.14541999 0.083935 1.62937996 -0.12673199 0.041232 1.608255 -0.152057 0.091028 1.61607096 -0.12775499 0.057631 1.62210998 -0.060415 0.08923201 1.60422394 -0.087109 0.10131099 1.60881206 -0.057542 -0.037384 1.647279 -0.111337 -0.00297 1.66600499 -0.11221199 -0.035966 1.66413102 -0.107339 -0.00297 1.65096304 -0.11415199 -0.037384 1.647279 -0.111337 -0.047711 1.61730799 -0.076088 -0.047711 1.61730799 -0.076088 -0.056606 1.58875298 -0.08103601 -0.06545 1.61652705 -0.13408398 -0.053197 1.629343 -0.13254098 -0.056606 1.58875298 -0.08103601 -0.00297 1.58676397 -0.10117 -0.016797 1.60812208 -0.155308 -0.06545 1.61652705 -0.13408398 -0.092783 1.53314995 -0.13117 -0.00297 1.55343401 -0.10117 -0.074036 1.53802609 -0.07110901 -0.026882 1.53109395 -0.157449 -0.064078 1.52976298 -0.06691199 -0.08726301 1.50143003 -0.11974 -0.042581 1.64136407 -0.07974801 -0.00297 1.62823388 -0.06414 -0.03935 1.63517794 -0.052718 -0.00297 1.64368698 -0.08864801 -0.00297 1.62823388 -0.06414 0.034701 1.64096996 -0.078532 0.03340999 1.63517794 -0.052718 -0.00297 1.64368698 -0.08864801 0.07524901 1.64581105 -0.085462 0.063364 1.62969396 -0.048341 0.067095 1.63046596 -0.01931999 -0.047711 1.61730799 -0.076088 0.076943 1.56171 -0.081804 0.099621 1.56465005 -0.044515 0.085565 1.592893 -0.041763 0.064939 1.58669793 -0.07523702 0.12703999 1.59716213 -0.073089 0.126567 1.61929998 -0.073615 0.11340799 1.61771605 -0.100547 0.111 1.59751415 -0.0972 0.11340799 1.61771605 -0.100547 0.126567 1.61929998 -0.073615 0.088009 1.54783296 -0.09488 0.11234699 1.55332112 -0.055616 0.124845 1.55207491 -0.127689 0.14682799 1.55444598 -0.086592 0.08944001 1.53226399 -0.092566 0.058138 1.54476308 -0.057912 0.09394 1.53578901 -0.02796 0.12048599 1.53718495 -0.053866 0.1463 1.53285503 -0.078483 0.12048599 1.53718495 -0.053866 0.1463 1.53285503 -0.078483 0.122845 1.52901101 -0.119347 0.122845 1.52901101 -0.119347 0.08944001 1.53226399 -0.092566 0.058138 1.54476308 -0.057912 0.12703999 1.59716213 -0.073089 0.085565 1.592893 -0.041763 0.064939 1.58669793 -0.07523702 0.12703999 1.59716213 -0.073089 0.111 1.59751415 -0.0972 0.085565 1.592893 -0.041763 0.111 1.59751415 -0.0972 0.064939 1.58669793 -0.07523702 0.064939 1.58669793 -0.07523702 0.091028 1.61607096 -0.12775499 0.027378 1.61423299 -0.10372999 0.028442 1.63081405 -0.082331 -0.00633099 1.62871298 -0.08783301 -0.008976 1.62414906 -0.14927101 0.041454 1.62241098 -0.14541999 -0.016797 1.60812208 -0.155308 -0.06545 1.61652705 -0.13408398 0.041232 1.608255 -0.152057 -0.025118 1.49945497 -0.14424298 -0.08726301 1.50143003 -0.11974 -0.025118 1.49945497 -0.14424298 -0.08726301 1.50143003 -0.11974 -0.064078 1.52976298 -0.06691199 -0.00297 1.52010393 -0.10117 -0.087456 1.54778909 -0.026193 -0.124096 1.50522398 -0.041313 -0.064078 1.52976298 -0.06691199 -0.09377599 1.49624204 -0.07964801 -0.124096 1.50522398 -0.041313 -0.087456 1.54778909 -0.026193 -0.067814 1.62447295 -0.074275 -0.03935 1.63517794 -0.052718 -0.076646 1.62446603 -0.012861 -0.090978 1.62393794 -0.03484199 -0.091846 1.59996402 -0.004266 -0.098662 1.60651705 -0.034412 -0.00297 1.52010393 -0.10117 -0.025118 1.49945497 -0.14424298 0.076943 1.56171 -0.081804 -0.00297 1.55343401 -0.10117 0.078365 1.52937293 -0.094354 0.022403 1.52839398 -0.129109 0.06485 1.51280093 -0.08323501 0.058138 1.54476308 -0.057912 0.091872 1.49692606 -0.12270299 0.00644699 1.50612998 -0.11781299 0.06485 1.51280093 -0.08323501 0.091872 1.49692606 -0.12270299 0.029246 1.50364995 -0.16560599 -0.00297 1.52010393 -0.10117 0.058138 1.54476308 -0.057912 0.029246 1.50364995 -0.16560599 0.1463 1.53285503 -0.078483 0.122845 1.52901101 -0.119347 0.091028 1.61607096 -0.12775499 0.041232 1.608255 -0.152057 0.064939 1.58669793 -0.07523702 -0.00297 1.58676397 -0.10117 -0.016797 1.60812208 -0.155308 0.076943 1.56171 -0.081804 0.064939 1.58669793 -0.07523702 0.11248299 1.56619 -0.11470699 0.055328 1.56907391 -0.16443398 -0.00297 1.55343401 -0.10117 0.076943 1.56171 -0.081804 0.11248299 1.56619 -0.11470699 -0.00297 1.58676397 -0.10117 0.055328 1.56907391 -0.16443398 -0.00297 1.55343401 -0.10117 0.00644699 1.50612998 -0.11781299 -0.00297 1.52010393 -0.10117 -0.118219 1.64352915 -0.0549 -0.098662 1.60651705 -0.034412 -0.047711 1.61730799 -0.076088 -0.08515301 1.637768 -0.08897701 -0.118219 1.64352915 -0.0549 -0.084746 1.61427292 -0.13251298 -0.129448 1.61048505 -0.109173 -0.084746 1.58733892 -0.13425898 -0.129448 1.58355105 -0.11091799 -0.069618 1.56880307 -0.10600499 -0.056606 1.58875298 -0.08103601 -0.093059 1.57715296 -0.030303 -0.11467599 1.55042302 -0.060428 -0.14860699 1.56766796 -0.08710301 -0.087456 1.54778909 -0.026193 -0.084161 1.55066705 -0.123874 -0.00297 1.55343401 -0.10117 0.00849 1.58177089 -0.163887 -0.070335 1.56660103 -0.16280999 -0.074036 1.53802609 -0.07110901 -0.070335 1.56660103 -0.16280999 0.00849 1.58177089 -0.163887 -0.00297 1.58676397 -0.10117 -0.069618 1.56880307 -0.10600499 -0.056606 1.58875298 -0.08103601 -0.08515301 1.637768 -0.08897701 -0.047711 1.61730799 -0.076088 -0.073228 1.60079095 -0.10380099 -0.120055 1.59350109 -0.07029201 -0.047711 1.61730799 -0.076088 -0.098662 1.60651705 -0.034412 -0.056606 1.58875298 -0.08103601 -0.084746 1.58733892 -0.13425898 -0.129448 1.58355105 -0.11091799 -0.056606 1.58875298 -0.08103601 -0.084746 1.58733892 -0.13425898 -0.093059 1.57715296 -0.030303 -0.129448 1.58355105 -0.11091799 -0.093059 1.57715296 -0.030303 0.091722 1.60651705 -0.034412 0.085906 1.59996402 -0.004266 0.067095 1.63046596 -0.01931999 0.063364 1.62969396 -0.048341 0.063364 1.62969396 -0.048341 0.094316 1.64424798 -0.08467801 0.10335799 1.62696394 -0.067854 0.10131099 1.60881206 -0.057542 0.10335799 1.62696394 -0.067854 0.094316 1.64424798 -0.08467801 0.10131099 1.60881206 -0.057542 0.057631 1.62210998 -0.060415 0.057631 1.62210998 -0.060415 0.091722 1.60651705 -0.034412 0.09394 1.53578901 -0.02796 0.099621 1.56465005 -0.044515 0.09394 1.53578901 -0.02796 0.091722 1.60651705 -0.034412 0.085565 1.592893 -0.041763 -0.11072499 1.56763506 -0.13188199 -0.084161 1.55066705 -0.123874 -0.084161 1.55066705 -0.123874 -0.11072499 1.56763506 -0.13188199 -0.14860699 1.56766796 -0.08710301 -0.084161 1.55066705 -0.123874 -0.11467599 1.55042302 -0.060428 -0.074036 1.53802609 -0.07110901 -0.074036 1.53802609 -0.07110901 -0.09377599 1.49624204 -0.07964801 -0.064078 1.52976298 -0.06691199 -0.020183 1.62542102 0.09921601 -0.027283 1.60096499 0.105575 -0.031976 1.62928102 0.092213 -0.038672 1.62008497 0.091854 -0.036493 1.60413799 0.098307 -0.018153 1.60640499 0.105178 -0.19613199 0.34516696 0.04293 -0.13043799 0.26560199 -0.027936 -0.182655 0.26217797 -0.002318 -0.11886199 0.33637901 -0.03397099 -0.28283503 0.36514397 -0.00684499 -0.233923 0.26548796 -0.031922 -0.303531 0.37150897 -0.10683999 -0.235218 0.258255 -0.085322 -0.222161 0.351447 -0.18308801 -0.19402298 0.25327399 -0.12194301 -0.19402298 0.25327399 -0.12194301 -0.13669198 0.34133698 -0.14584998 -0.222161 0.351447 -0.18308801 -0.14185799 0.25997102 -0.088803 -0.21946702 0.202163 -0.08048 -0.18507 0.20062799 -0.11035799 -0.18507 0.20062799 -0.11035799 -0.142129 0.20349201 -0.086158 -0.13457398 0.205915 -0.03398799 -0.13374799 0.21908601 -0.03333099 -0.22373398 0.205496 -0.0434 -0.225495 0.21760399 -0.041449 -0.18193601 0.20675298 -0.015295 -0.181901 0.21581099 -0.012918 -0.216327 0.184193 -0.080628 -0.183541 0.183511 -0.109427 -0.183541 0.183511 -0.109427 -0.141778 0.18562199 -0.084932 -0.18275 0.19445899 -0.019039 -0.22088999 0.189556 -0.046559 -0.13549899 0.192585 -0.035352 0.19246401 0.161979 0.004577 0.209199 0.11026999 0.022855 0.157274 0.10761099 0.012724 0.13360199 0.155088 -0.00799 0.23786501 0.15596501 -0.026997 0.26342597 0.098319 -0.00882099 0.233132 0.13465998 -0.072735 0.269641 0.062598 -0.094972 0.21325601 0.11714999 -0.120855 0.22562198 0.055807 -0.15295 0.139393 0.055152 -0.152104 0.155699 0.11261099 -0.120684 0.127193 0.13368399 -0.07599001 0.10271198 0.060837 -0.08979301 0.209199 0.11026999 0.022855 0.119993 0.090224 -0.02053399 0.157274 0.10761099 0.012724 0.10271198 0.060837 -0.08979301 0.139393 0.055152 -0.152104 0.22562198 0.055807 -0.15295 0.269641 0.062598 -0.094972 0.26342597 0.098319 -0.00882099 0.11658899 0.18910001 -0.020341 0.13360199 0.155088 -0.00799 0.120966 0.17731602 -0.099076 0.23295099 0.17865399 -0.094122 0.24088001 0.18663999 -0.03595 0.18018901 0.169299 -0.13344 0.182664 0.183511 -0.109427 0.21545 0.184193 -0.080628 0.14090099 0.18562199 -0.084932 0.185126 0.18819501 0.00542499 0.11658899 0.18910001 -0.020341 0.181873 0.19445899 -0.019039 0.13462197 0.192585 -0.035352 0.13462197 0.192585 -0.035352 0.22001299 0.189556 -0.046559 0.119993 0.090224 -0.02053399 0.119993 0.090224 -0.02053399 -0.158151 0.10261099 0.012724 -0.21007601 0.11326999 0.022855 -0.134479 0.155088 -0.00799 -0.193341 0.161979 0.004577 -0.23874199 0.15596501 -0.026997 -0.26430299 0.093319 -0.00882099 -0.23400899 0.13465998 -0.072735 -0.270518 0.062598 -0.094972 -0.21413299 0.11714999 -0.120855 -0.226499 0.055807 -0.15295 -0.14027 0.055152 -0.152104 -0.156576 0.11261099 -0.120684 -0.12807001 0.13368399 -0.07599001 -0.10358899 0.060837 -0.08979301 -0.14027 0.055152 -0.152104 -0.21007601 0.11326999 0.022855 -0.158151 0.10261099 0.012724 -0.10358899 0.060837 -0.08979301 -0.12087 0.090224 -0.02053399 -0.226499 0.055807 -0.15295 -0.270518 0.062598 -0.094972 -0.26430299 0.093319 -0.00882099 -0.11746599 0.18910001 -0.020341 -0.12807001 0.13368399 -0.07599001 -0.121843 0.17731602 -0.099076 -0.233828 0.17865399 -0.094122 -0.241757 0.18663999 -0.03595 -0.18106602 0.169299 -0.13344 -0.183541 0.183511 -0.109427 -0.216327 0.184193 -0.080628 -0.121843 0.17731602 -0.099076 -0.141778 0.18562199 -0.084932 -0.18600299 0.18819501 0.00542499 -0.18275 0.19445899 -0.019039 -0.13549899 0.192585 -0.035352 -0.141778 0.18562199 -0.084932 -0.22088999 0.189556 -0.046559 -0.10358899 0.060837 -0.08979301 -0.12087 0.090224 -0.02053399 -0.152892 0.03383199 -0.163027 -0.14698299 0.066133 -0.13632199 -0.198423 0.03383199 -0.16550098 -0.22492499 0.06777999 -0.131775 -0.148206 0.002589 -0.15835601 -0.152892 0.03383199 -0.163027 -0.198423 0.03383199 -0.16550098 -0.199448 0.002589 -0.160905 -0.12638001 0.002589 -0.110507 -0.26323699 0.002589 -0.034824 -0.127589 0.002589 -0.013766 -0.23069 0.002589 -0.14345501 -0.199448 0.002589 -0.160905 -0.148206 0.002589 -0.15835601 -0.100847 0.002589 0.097365 -0.29241603 0.002589 0.061442 -0.30462302 0.002589 0.15016701 -0.10446599 0.002589 0.23505799 -0.27725103 0.002589 0.23664098 -0.149901 0.002589 0.31096099 -0.20609399 0.002589 0.29962903 -0.27725103 0.002589 0.23664098 -0.27281403 0.03357699 0.23664098 -0.20609399 0.002589 0.29962903 -0.20617299 0.03357699 0.29462903 -0.20617299 0.03357699 0.29462903 -0.26351299 0.049692 0.228361 -0.212681 0.080794 0.239771 -0.27281403 0.03357699 0.23664098 -0.29192501 0.062987 0.154456 -0.30835597 0.03357699 0.15016701 -0.218708 0.104517 0.16314999 -0.300063 0.03357699 0.061279 -0.278441 0.068031 0.08003501 -0.30835597 0.03357699 0.15016701 -0.30462302 0.002589 0.15016701 -0.300063 0.03357699 0.061279 -0.29241603 0.002589 0.061442 -0.29241603 0.002589 0.061442 -0.26959699 0.03383199 -0.036069 -0.26323699 0.002589 -0.034824 -0.22492499 0.06777999 -0.131775 -0.207775 0.09996801 -0.014473 -0.26853197 0.07732599 -0.03176799 -0.22492499 0.06777999 -0.131775 -0.23674799 0.03383199 -0.14652699 -0.198423 0.03383199 -0.16550098 -0.23674799 0.03383199 -0.14652699 -0.26959699 0.03383199 -0.036069 -0.26323699 0.002589 -0.034824 -0.23069 0.002589 -0.14345501 -0.14698299 0.066133 -0.13632199 -0.207775 0.09996801 -0.014473 -0.160888 0.097512 -0.01323599 -0.153546 0.03357699 0.305961 -0.15344301 0.08015801 0.237417 -0.15708601 0.100093 0.16357 -0.10631199 0.03357699 0.23505799 -0.105707 0.058721 0.15552199 -0.126835 0.03383199 -0.110507 -0.129527 0.080114 -0.016378 -0.122967 0.03383199 -0.013766 -0.153546 0.03357699 0.305961 -0.149901 0.002589 0.31096099 -0.10631199 0.03357699 0.23505799 -0.10446599 0.002589 0.23505799 -0.10032699 0.03383199 0.099385 -0.11632299 0.06637199 0.098829 -0.126835 0.03383199 -0.110507 -0.12638001 0.002589 -0.110507 -0.100847 0.002589 0.097365 -0.10032699 0.03383199 0.099385 -0.100847 0.002589 0.097365 -0.127589 0.002589 -0.013766 -0.157136 0.090304 0.10221599 -0.22124799 0.093171 0.09595501 -0.122967 0.03383199 -0.013766 -0.127589 0.002589 -0.013766 -0.10842399 0.07634 0.089089 -0.160888 0.097512 -0.01323599 -0.148303 0.10798699 0.092748 -0.22754297 0.11108299 0.085986 -0.26853197 0.07732599 -0.03176799 -0.289312 0.078932 0.068792 -0.02536 1.63871905 0.095989 -0.024233 1.64179799 0.100123 -0.013515 1.63086793 0.10285599 -0.015209 1.63667986 0.105194 -0.020003 1.64231798 0.09863301 -0.009593 1.63942406 0.104464 -0.03544899 1.65482507 0.087336 -0.03559799 1.65738699 0.088189 -0.02536 1.63871905 0.095989 -0.024233 1.64179799 0.100123 -0.034456 1.65941701 0.08638499 -0.020003 1.64231798 0.09863301 -0.034456 1.65941701 0.08638499 -0.03559799 1.65738699 0.088189 -0.046818 1.65438697 0.074078 0.15202501 0.03383199 -0.163027 0.19755599 0.03383199 -0.16550098 0.146116 0.066133 -0.13632199 0.22405798 0.06777999 -0.131775 0.147339 0.002589 -0.15835601 0.19755599 0.03383199 -0.16550098 0.15202501 0.03383199 -0.163027 0.19858099 0.002589 -0.160905 0.12551298 0.002589 -0.110507 0.12672099 0.002589 -0.013766 0.26236998 0.002589 -0.034824 0.22982299 0.002589 -0.14345501 0.19858099 0.002589 -0.160905 0.147339 0.002589 -0.15835601 0.099979 0.002589 0.097365 0.29154899 0.002589 0.061442 0.103598 0.002589 0.23505799 0.30375598 0.002589 0.15016701 0.27638399 0.002589 0.23664098 0.14903399 0.002589 0.31096099 0.20522699 0.002589 0.29962903 0.27638399 0.002589 0.23664098 0.20522699 0.002589 0.29962903 0.27194597 0.03357699 0.23664098 0.205306 0.03357699 0.29462903 0.205306 0.03357699 0.29462903 0.21181399 0.080794 0.239771 0.26264598 0.049692 0.228361 0.27194597 0.03357699 0.23664098 0.29105702 0.062987 0.154456 0.30748899 0.03357699 0.15016701 0.21783999 0.104517 0.16314999 0.299196 0.03357699 0.061279 0.27757301 0.068031 0.08003501 0.30748899 0.03357699 0.15016701 0.30375598 0.002589 0.15016701 0.299196 0.03357699 0.061279 0.29154899 0.002589 0.061442 0.29154899 0.002589 0.061442 0.26872998 0.03383199 -0.036069 0.26236998 0.002589 -0.034824 0.22405798 0.06777999 -0.131775 0.26766398 0.07732599 -0.03176799 0.20690799 0.09996801 -0.014473 0.22405798 0.06777999 -0.131775 0.23587999 0.03383199 -0.14652699 0.19755599 0.03383199 -0.16550098 0.23587999 0.03383199 -0.14652699 0.26236998 0.002589 -0.034824 0.26872998 0.03383199 -0.036069 0.22982299 0.002589 -0.14345501 0.20690799 0.09996801 -0.014473 0.146116 0.066133 -0.13632199 0.16002099 0.097512 -0.01323599 0.15267901 0.03357699 0.305961 0.15257601 0.08015801 0.237417 0.156218 0.100093 0.16357 0.105445 0.03357699 0.23505799 0.10484 0.058721 0.15552199 0.125968 0.03383199 -0.110507 0.12866 0.080114 -0.016378 0.1221 0.03383199 -0.013766 0.15267901 0.03357699 0.305961 0.14903399 0.002589 0.31096099 0.103598 0.002589 0.23505799 0.105445 0.03357699 0.23505799 0.09946 0.03383199 0.099385 0.11545499 0.06637199 0.098829 0.125968 0.03383199 -0.110507 0.12551298 0.002589 -0.110507 0.099979 0.002589 0.097365 0.09946 0.03383199 0.099385 0.099979 0.002589 0.097365 0.12672099 0.002589 -0.013766 0.15626901 0.090304 0.10221599 0.22038 0.093171 0.09595501 0.1221 0.03383199 -0.013766 0.12672099 0.002589 -0.013766 0.107557 0.07634 0.089089 0.16002099 0.097512 -0.01323599 0.147436 0.10798699 0.092748 0.22667599 0.11108299 0.085986 0.26766398 0.07732599 -0.03176799 0.28844499 0.078932 0.068792 0.014243 1.62542102 0.09921601 0.026036 1.62928102 0.092213 0.021343 1.60096499 0.105575 0.032732 1.62008497 0.091854 0.030553 1.60413799 0.098307 0.012213 1.60640499 0.105178 0.06588 1.72613395 0.000421 0.06641399 1.7186389 -0.020164 0.089001 1.75062395 -0.010143 0.07926701 1.70131398 -0.013306 0.073556 1.70872307 0.006535 0.06588 1.72613395 0.000421 -0.07182 1.72613395 0.000421 -0.094941 1.75062395 -0.010143 -0.072353 1.7186389 -0.020164 -0.08520701 1.70131398 -0.013306 -0.07949601 1.70872307 0.006535 -0.07182 1.72613395 0.000421 -0.000426 0.80872302 0.392778 -0.000426 0.80872302 0.392778 0.01641999 1.64671895 0.095989 0.00657499 1.63586804 0.10235599 0.015793 1.64929792 0.100123 0.007769 1.64068005 0.104194 0.014063 1.65231797 0.09513301 0.00465299 1.64292404 0.101464 0.02951 1.65382502 0.086336 0.01641999 1.64671895 0.095989 0.029658 1.65645406 0.086951 0.015793 1.64929792 0.100123 0.028516 1.65730998 0.084969 0.014063 1.65231797 0.09513301 0.028516 1.65730998 0.084969 0.04087799 1.65438697 0.074078 0.029658 1.65645406 0.086951 -0.68237791 1.36773704 -0.13884298 -0.66567394 1.31336199 -0.162439 -0.68237791 1.36773704 -0.13884298 -0.66567394 1.31336199 -0.162439 -0.66238597 1.25450897 -0.15874099 -0.66238597 1.25450897 -0.15874099 -0.66567394 1.31336199 -0.162439 0.10400499 1.57262301 0.030761 0.122938 1.5271101 0.035202 0.10536999 1.5271101 0.064512 0.10398699 1.52281594 -0.00419099 0.11525 1.47942709 0.024516 0.10536999 1.47942709 0.045141 0.09549001 1.47942709 0.024516 0.065802 1.5271101 0.035202 0.11525 1.47942709 0.024516 0.10536999 1.43495606 0.06838199 0.14153098 1.43495606 0.036054 0.10536999 1.39153896 0.045159 0.11441499 1.39153896 0.026276 0.10536999 1.43495606 0.00372499 0.11525 1.47942709 0.024516 0.10536999 1.47942709 0.045141 0.09549001 1.47942709 0.024516 0.06920901 1.43495606 0.036054 0.09632499 1.39153896 0.026276 0.10536999 1.35136293 0.066083 0.10536999 1.39153896 0.045159 0.13785198 1.35136293 0.036974 0.11441499 1.39153896 0.026276 0.10536999 1.35136293 0.007864 0.11211499 1.31036101 0.029637 0.10536999 1.31036101 0.043719 0.098624 1.31036101 0.029637 0.072888 1.35136293 0.036974 0.09632499 1.39153896 0.026276 0.10536999 1.27342795 0.06338399 0.13353499 1.27342795 0.038053 0.10536999 1.23722803 0.03827799 0.10536999 1.27342795 0.012721 0.11211499 1.31036101 0.029637 0.10536999 1.31036101 0.043719 0.098624 1.31036101 0.029637 0.077205 1.27342795 0.038053 0.12611999 1.22722804 0.038028 0.10611999 1.22722804 0.058528 0.10541999 1.24972796 0.038028 0.08562 1.22722804 0.038028 0.10541999 1.204728 0.038028 0.08562 1.22722804 0.038028 0.10611999 1.22722804 0.017028 0.12611999 1.22722804 0.038028 0.01662 1.23170804 0.023928 0.06162 1.18079805 0.032028 0.10562 1.22722804 0.038028 0.01662 1.23170804 0.052128 0.05162 1.276659 0.044028 0.05162 1.276659 0.044028 0.02662 1.27138793 0.048028 0.05162 1.276659 0.032028 0.02662 1.27138793 0.028028 0.03162 1.19202804 0.028028 0.03162 1.19202804 0.048028 0.06162 1.18079805 0.032028 0.06162 1.18079805 0.044028 0.10562 1.22722804 0.038028 0.10562 1.22722804 0.038028 0.01662 1.23170804 0.052128 0.01662 1.23170804 0.023928 0.03162 1.19202804 0.028028 0.05162 1.276659 0.032028 0.02662 1.27138793 0.028028 0.06162 1.18079805 0.044028 0.03162 1.19202804 0.048028 0.02662 1.27138793 0.048028 0.19561998 1.23170804 0.023928 0.16061998 1.276659 0.032028 0.19561998 1.23170804 0.052128 0.15062 1.18079805 0.044028 0.16061998 1.276659 0.044028 0.16061998 1.276659 0.032028 0.18561999 1.27138793 0.048028 0.18561999 1.27138793 0.028028 0.18062 1.19202804 0.028028 0.15062 1.18079805 0.032028 0.18062 1.19202804 0.048028 0.15062 1.18079805 0.044028 0.19561998 1.23170804 0.052128 0.19561998 1.23170804 0.023928 0.15062 1.18079805 0.032028 0.18062 1.19202804 0.028028 0.18561999 1.27138793 0.028028 0.16061998 1.276659 0.044028 0.18062 1.19202804 0.048028 0.18561999 1.27138793 0.048028 -0.109945 1.57262301 0.030761 -0.11130999 1.5271101 0.064512 -0.12887801 1.5271101 0.035202 -0.104927 1.52281594 -0.00419099 -0.12119001 1.47942709 0.024516 -0.11130999 1.47942709 0.045141 -0.10143 1.47942709 0.024516 -0.071742 1.5271101 0.035202 -0.12119001 1.47942709 0.024516 -0.11130999 1.43495606 0.06838199 -0.11130999 1.39153896 0.045159 -0.147471 1.43495606 0.036054 -0.120355 1.39153896 0.026276 -0.11130999 1.43495606 0.00372499 -0.12119001 1.47942709 0.024516 -0.11130999 1.47942709 0.045141 -0.10143 1.47942709 0.024516 -0.07514901 1.43495606 0.036054 -0.10226499 1.39153896 0.026276 -0.11130999 1.35136293 0.066083 -0.143792 1.35136293 0.036974 -0.11130999 1.39153896 0.045159 -0.120355 1.39153896 0.026276 -0.11130999 1.35136293 0.007864 -0.11805499 1.31036101 0.029637 -0.11130999 1.31036101 0.043719 -0.104564 1.31036101 0.029637 -0.078828 1.35136293 0.036974 -0.10226499 1.39153896 0.026276 -0.11130999 1.27342795 0.06338399 -0.11130999 1.23722803 0.03827799 -0.13947501 1.27342795 0.038053 -0.11130999 1.27342795 0.012721 -0.11805499 1.31036101 0.029637 -0.11130999 1.31036101 0.043719 -0.104564 1.31036101 0.029637 -0.083145 1.27342795 0.038053 -0.13206 1.22722804 0.038028 -0.11135999 1.24972796 0.038028 -0.11205999 1.22722804 0.058528 -0.09156001 1.22722804 0.038028 -0.11135999 1.204728 0.038028 -0.09156001 1.22722804 0.038028 -0.11205999 1.22722804 0.017028 -0.13206 1.22722804 0.038028 -0.02256 1.23170804 0.023928 -0.05756 1.276659 0.032028 -0.11156 1.22722804 0.038028 -0.02256 1.23170804 0.052128 -0.06756 1.18079805 0.044028 -0.05756 1.276659 0.044028 -0.05756 1.276659 0.032028 -0.03256 1.27138793 0.048028 -0.03256 1.27138793 0.028028 -0.03756 1.19202804 0.028028 -0.06756 1.18079805 0.032028 -0.03756 1.19202804 0.048028 -0.06756 1.18079805 0.044028 -0.11156 1.22722804 0.038028 -0.11156 1.22722804 0.038028 -0.02256 1.23170804 0.052128 -0.02256 1.23170804 0.023928 -0.06756 1.18079805 0.032028 -0.03756 1.19202804 0.028028 -0.03256 1.27138793 0.028028 -0.05756 1.276659 0.044028 -0.03756 1.19202804 0.048028 -0.03256 1.27138793 0.048028 -0.20156 1.23170804 0.023928 -0.15656 1.18079805 0.032028 -0.20156 1.23170804 0.052128 -0.16655999 1.276659 0.044028 -0.16655999 1.276659 0.044028 -0.19156 1.27138793 0.048028 -0.16655999 1.276659 0.032028 -0.19156 1.27138793 0.028028 -0.18656 1.19202804 0.028028 -0.18656 1.19202804 0.048028 -0.15656 1.18079805 0.032028 -0.15656 1.18079805 0.044028 -0.20156 1.23170804 0.052128 -0.20156 1.23170804 0.023928 -0.18656 1.19202804 0.028028 -0.16655999 1.276659 0.032028 -0.19156 1.27138793 0.028028 -0.15656 1.18079805 0.044028 -0.18656 1.19202804 0.048028 -0.19156 1.27138793 0.048028 -0.029184 1.60993394 0.103434 -0.03501099 1.61228392 0.099525 -0.030521 1.61778304 0.103141 -0.035084 1.61914608 0.096754 -0.029329 1.62365696 0.097892 -0.023502 1.62130687 0.10180099 -0.023429 1.61444602 0.10457199 0.023244 1.60993394 0.103434 0.024581 1.61778304 0.103141 0.029071 1.61228392 0.099525 0.029144 1.61914608 0.096754 0.023389 1.62365696 0.097892 0.017562 1.62130687 0.10180099 0.01748999 1.61444602 0.10457199 -0.038286 1.50054097 0.128994 -0.064402 1.50246 0.126338 -0.068487 1.52330696 0.12113401 -0.04166799 1.52192091 0.12774099 -0.00297 1.51387906 0.12920801 -0.02632499 1.50420594 0.11848699 -0.051401 1.48413395 0.122994 -0.078772 1.47800003 0.109568 -0.086909 1.48678397 0.108607 -0.091102 1.50656402 0.105107 -0.09942 1.48872696 0.095021 -0.10730099 1.50832295 0.076742 -0.09423201 1.52505993 0.088791 -0.11546099 1.49043202 0.064677 -0.04969299 1.53888297 0.11347999 -0.086909 1.48678397 0.108607 -0.10730099 1.50832295 0.076742 -0.078772 1.47800003 0.109568 -0.051401 1.48413395 0.122994 -0.101506 1.47650408 0.092096 -0.046236 1.50348699 0.0936 -0.04166799 1.52192091 0.12774099 0.040297 1.50348699 0.0936 0.035728 1.52192091 0.12774099 0.020385 1.50420594 0.11848699 0.032346 1.50054097 0.128994 0.062547 1.52030694 0.12113401 0.058462 1.50246 0.126338 0.035728 1.52192091 0.12774099 0.053461 1.48313402 0.119994 0.072832 1.47800003 0.109568 0.080969 1.48678397 0.108607 0.085162 1.50656402 0.105107 0.09348 1.48872696 0.089021 0.10136099 1.49832296 0.076742 0.08829201 1.52006006 0.088791 0.10952099 1.49043202 0.06967701 0.043753 1.53888297 0.11347999 0.072832 1.47800003 0.109568 0.053461 1.48313402 0.119994 0.095566 1.47650408 0.092096</float_array>
          
            <technique_common>
              <accessor source="#obelix_geom_positions_array" count="2109" stride="3">
                <param name="X" type="float"/>
                <param name="Y" type="float"/>
                <param name="Z" type="float"/>
              </accessor>
            </technique_common>
          </source>
        
          <source id="obelix_geom_normals" name="normals">
            <float_array id="obelix_geom_normals_array" count="6327">-0.2813217 0.68949124 0.66742936 0 0.67532072 0.73752821 -0.28519275 0.68442908 0.6709874 0 0.67409501 0.73864878 -0.21956662 0.40049939 0.88960741 -0.41406019 0.3194315 0.85236089 -0.28356423 0.38685594 0.87746499 0 0.43727191 0.89933251 -0.39605473 -0.2787125 0.87490819 -0.38898931 -0.31807615 0.86459498 -0.57533663 -0.23891915 0.78225047 -0.62600437 -0.18703004 0.75706835 0 -0.31819792 0.94802596 0 -0.30664535 0.95182642 0 0.42397343 0.90567972 -0.65230009 0.69717142 0.29743909 -0.61967483 0.74357636 0.2512094 -0.65230009 0.69717142 0.29743909 -0.68142697 0.6470277 0.34207363 -0.70642627 0.7065028 0.0427818 -0.7143457 0.69822982 0.04690883 -0.70642627 0.7065028 0.0427818 -0.69839904 0.71466792 0.03864825 -0.67078081 0.70479203 -0.23091433 -0.64903787 0.72483433 -0.23101673 -0.67078081 0.70479203 -0.23091433 -0.69194016 0.68413642 -0.23061102 -0.36840768 0.70880843 -0.60155538 -0.36840843 0.70881385 -0.60155156 -0.36840843 0.70881385 -0.60155156 -0.3684092 0.70881928 -0.60154775 -0.11623722 0.68030975 -0.72366524 -0.11592891 0.67922732 -0.72472168 0 0.68383929 -0.72964258 0 0.68272308 -0.73067785 -0.90434714 -0.19739786 0.37841741 -0.92320063 -0.10202819 0.37056412 -0.90434714 -0.19739786 0.37841741 -0.87690399 -0.2908926 0.38267644 -0.99647643 -0.0813464 0.02074063 -0.9969823 -0.07426223 0.02266231 -0.9969823 -0.07426223 0.02266231 -0.99744251 -0.06717466 0.02458295 -0.92605539 -0.11416381 -0.35973047 -0.87964318 -0.28632387 -0.37981136 -0.87964318 -0.28632387 -0.37981136 -0.80491023 -0.44926547 -0.38766392 -0.4959371 -0.47151818 -0.72919 -0.51754951 -0.43214153 -0.73851515 -0.51754951 -0.43214153 -0.73851515 -0.53807151 -0.39185451 -0.74628437 -0.18561117 -0.38302226 -0.90490182 -0.17309754 -0.41723858 -0.89216612 0 -0.42363106 -0.90583499 0 -0.45674055 -0.88960658 -0.8550735 0.30981774 0.41578229 -0.83744453 0.34210162 0.42622062 -0.8550735 0.30981774 0.41578229 -0.87144945 0.27707987 0.40473469 -0.9651834 0.26096212 0.01789587 -0.9651834 0.26096212 0.01789587 -0.96771028 0.25117987 0.02127897 -0.96255346 0.27071648 0.01451085 -0.88784103 0.26929172 -0.37313764 -0.88794033 0.26675 -0.37471403 -0.88784103 0.26929172 -0.37313764 -0.88772814 0.2718293 -0.37155555 -0.47969963 0.34046771 -0.80869101 -0.50837153 0.30266626 -0.80619691 -0.47969963 0.34046771 -0.80869101 -0.4499438 0.3774998 -0.80935774 0 0.40220218 -0.91555168 0 0.42170306 -0.90673556 -0.15435484 0.3973829 -0.90458145 -0.17063781 0.37680901 -0.91044642 -0.52456289 0.31345959 0.79156722 -0.52922499 0.32881601 0.78218264 -0.52922499 0.32881601 0.78218264 -0.53370136 0.34405704 0.77252347 -0.43077817 0.68070242 0.59251547 -0.43851026 0.67117736 0.59769338 -0.66159967 -0.19365674 0.72442431 -0.66749439 -0.15702735 0.72787405 0.45328646 0.10191033 0.88552724 -0.31340094 -0.42083295 0.85129027 -0.43006208 0.28309514 0.85727058 0.30593396 -0.60078088 0.73856498 -0.2068711 -0.77939129 0.5914036 0.11247486 -0.82093082 0.55984944 0.33688579 -0.9262705 -0.16892243 -0.60624537 -0.70762504 -0.36296122 -0.73693831 -0.67548141 -0.02544184 0.17380067 -0.77889729 -0.60259864 -0.57484412 -0.19377921 -0.79499287 0.29278689 -0.18126237 -0.93884506 -0.49803846 0.45484253 -0.73830671 0.4244306 0.43991755 -0.79141958 -0.33956946 0.890137 -0.30391152 0.61240378 0.77509982 -0.15551504 -0.39950065 0.82321648 0.40338107 0.58050608 0.61849168 0.52961361 -0.75840707 0.49907737 0.41921731 -0.64498064 0.16399426 0.74640489 -0.70789034 -0.29227408 0.64301709 -0.93846907 -0.34370093 -0.03399819 -0.96158578 -0.24456229 0.12473314 -0.93344631 -0.14414383 -0.32850195 -0.88350485 0.25719085 -0.39150803 -0.84333895 0.53595584 -0.039268 0.90584727 0.34923319 0.23977321 0.76692093 -0.02403248 0.641296 0.67450813 -0.60925725 0.41696813 0.76079614 -0.53969413 -0.36046363 0.82934801 -0.54942995 -0.10160435 0.77700121 -0.02556715 -0.62899014 0.91248872 0.30098258 -0.27709996 -0.51286661 -0.16934677 0.84160165 -0.50200521 0.34771754 0.79189373 -0.1378564 0.0689028 0.98805537 -0.8234785 0.06996231 0.56302458 -0.07973553 0.54822212 0.83252744 -0.35853992 0.76863033 0.52977275 -0.73057092 0.54163223 0.41582938 -0.66865275 0.05146295 0.74180026 -0.8448783 0.3439552 0.40974696 -0.5047962 0.52481943 0.68538031 -0.56810903 0.76697279 0.29834234 -0.82922147 0.55870628 -0.01563801 -0.99546298 0.08549205 0.04192047 -0.89509408 -0.17123448 0.41170051 -0.94237383 -0.03406028 0.33283026 -0.96268894 0.27044984 0.00955809 -0.80875431 0.45437931 0.37344806 -0.69847534 0.71406395 0.04749214 -0.79296548 0.52125388 -0.3154429 -0.9338397 0.0354779 -0.35594218 -0.96885856 -0.24565785 -0.031217 -0.99694558 -0.00457455 0.07801234 -0.8970813 0.27383979 -0.34680222 -0.86978988 0.47631322 0.12882919 -0.64974454 0.71803398 -0.2495295 -0.55683368 0.47887723 -0.67868969 -0.68398932 -0.00200471 -0.72949905 -0.90404411 -0.24374374 -0.35115109 -0.79062725 0.03412921 -0.61134628 -0.48993718 0.33296503 -0.80566679 -0.73065741 0.51157939 -0.45213856 -0.36375318 0.75895364 -0.54006826 -0.08398676 0.5583114 -0.82537649 -0.14491403 0.08429686 -0.9858525 -0.48372211 -0.18216261 -0.85605817 -0.56599992 0.12889675 -0.81426863 -0.16442553 0.40006273 -0.90161975 -0.52048111 0.58966326 -0.61758229 -0.0971578 0.80463491 -0.58577311 0.27675166 0.57404273 -0.77064783 0.23143425 0.11346003 -0.9662201 -0.18732963 -0.11172054 -0.9759291 -0.94071879 0.1163339 0.31863622 -0.94071879 0.1163339 0.31863622 -0.93380954 0.11340782 0.33933349 -0.94716861 0.11920317 0.29778334 -0.75138933 -0.36037348 0.55276817 -0.75138933 -0.36037348 0.55276817 -0.75592662 -0.36180873 0.54561257 -0.74680615 -0.35891624 0.55989009 -0.29056537 -0.62453237 0.72494239 -0.00144668 -0.65118269 0.75892038 -0.29508432 -0.62831602 0.71982349 0 -0.64777032 0.76184196 0 0.99571051 -0.09253179 -0.32151733 0.9428428 -0.08762145 -0.00000198 0.9950548 -0.09937434 -0.32416941 0.942521 -0.08105104 -0.7871514 0.60927257 0.09582935 -0.7871514 0.60927257 0.09582935 -0.78739853 0.60819814 0.10053799 -0.7868923 0.61033765 0.09111924 0 0.45413848 0.89093994 -0.27998983 0.37818001 0.88237558 -0.29098108 0.50344991 0.81355546 -0.2094621 0.60119364 0.77116949 -0.19428213 0.25878596 0.94620194 0 0.22233269 0.97497674 0 0.65602938 0.75474359 -0.51883745 0.71989501 0.46104225 -0.55347901 0.8056113 0.21133783 -0.00212251 0.90916355 0.41643401 -0.00698136 0.82914589 0.55898952 -0.00185458 0.57935351 0.81507967 -0.74438459 0.42630639 0.51396363 -0.57242023 0.52251225 0.63192353 -0.92228111 0.29134929 0.25402531 -0.97747179 0.16755482 0.1283859 -0.7747717 0.58607572 0.23717593 -0.63695845 0.71657396 -0.28428009 -0.9102564 0.03852462 -0.41226741 -0.97440972 0.10748033 -0.19742489 -0.77860189 0.3490562 -0.52147799 -0.57007396 0.46454137 -0.67766079 -0.0001894 0.32755019 -0.9448367 -0.50494045 0.19800196 -0.84014557 -0.00059431 0.14886347 -0.98885777 -0.7936678 -0.05397809 -0.60595939 -0.80720924 0.00403946 -0.59025371 -0.32162632 -0.02008787 -0.94665976 -0.33581368 0.00547812 -0.94191511 -0.32162632 -0.02008787 -0.94665976 -0.30715425 -0.04563609 -0.95056637 0.00403046 0.74625451 -0.66565445 0.00902482 0.97956415 -0.20094197 -0.00124465 -0.92047222 0.3908131 0.43815588 -0.45155533 0.77725948 0.72809524 -0.53480541 0.42879285 0.00586134 -0.41023003 0.91196342 0.75994946 -0.64430008 0.08576975 0.55357218 -0.80265377 -0.22205467 -0.00136463 -0.91741087 -0.3979495 0.51822119 0.73802245 0.43218296 0.55683523 0.80711679 0.19623255 -0.004056 0.59293353 0.80524771 0.59310508 0.48252793 0.64451364 0.76181854 0.38580964 0.52037489 0.93210711 0.2588911 0.25330206 0.97277542 0.19393281 0.12691604 0.77659912 0.59894091 0.1953855 0.64646909 0.70636476 -0.28831943 0.9673924 0.14752522 -0.20590078 0.90107198 0.1118886 -0.41899752 0.77883518 0.3398449 -0.5271964 0.57010602 0.46067839 -0.68026164 0.50334024 0.19094249 -0.8427317 0.66645834 0.07118769 -0.74213959 0.49065935 0.01674817 -0.8711978 0.31032581 -0.00342002 -0.95062598 0.28769728 -0.04592682 -0.95662209 -0.73620457 -0.5377292 0.4109182 -0.43293418 -0.44943203 0.78139711 -0.76696879 -0.63913635 0.05722627 -0.55915987 -0.79511173 -0.23484146 -0.37102823 0.29017183 -0.88213204 -0.77537561 0.61605999 -0.13884475 0.29055404 -0.40676289 -0.86610143 0.87373845 -0.47249939 -0.1155303 -0.33736823 0.71720964 0.60975221 -0.12851999 0.44174432 0.88788871 0.16513052 0.39079474 0.9055505 0.83709876 -0.38787208 0.38579012 0.81904749 -0.46092676 0.34164567 -0.13816024 0.83436482 0.53363001 -0.68966684 0.65730206 -0.30386202 -0.42663302 0.8143944 -0.39338903 -0.04688219 0.28834807 -0.95638748 0.71369595 0.463802 -0.52490985 0.31952794 0.88183467 -0.34680058 -0.77745945 -0.08025469 0.62381324 -0.06834069 0.01522476 0.99755552 -0.77853084 -0.45022368 -0.43725954 0.00981189 -0.57704174 -0.81667165 -0.03326688 -0.65420065 0.75559253 -0.3020076 -0.88403885 0.35674583 0.01074065 -0.98679688 -0.16163666 0.71199501 -0.47925069 -0.51323044 0.51366174 -0.82247297 0.24433766 0.57819151 0.80350242 0.14173562 0.7970847 -0.01500025 0.60368696 -0.02284782 -0.93727173 0.34785627 0.37104763 0.29017698 -0.88211547 -0.29052594 -0.40677192 -0.86610143 0.77537424 0.61605433 -0.13882325 -0.8737257 -0.472508 -0.1155373 0.33737098 0.71721203 0.60976264 0.12851999 0.4417445 0.88788901 -0.16513052 0.39079489 0.90555092 -0.83709876 -0.38787256 0.38579 -0.81904356 -0.46093758 0.34163837 0.2813217 0.68949101 0.66742936 0.28519275 0.68442908 0.6709874 0.21956662 0.40049939 0.88960741 0.28356423 0.38685594 0.87746493 0.41406019 0.31943168 0.85236095 0.39605473 -0.27871247 0.87490831 0.57533663 -0.23891904 0.78225059 0.38898931 -0.31807621 0.86459516 0.62600437 -0.18702992 0.75706841 0.65230009 0.69717214 0.29743915 0.65230009 0.69717214 0.29743915 0.61967483 0.74357683 0.25120955 0.68142697 0.64702866 0.34207363 0.70642627 0.70650304 0.04278189 0.70642627 0.70650304 0.04278189 0.7143457 0.69822982 0.04690897 0.69839904 0.7146684 0.03864828 0.67078081 0.70479209 -0.23091463 0.67078081 0.70479209 -0.23091463 0.64903787 0.72483451 -0.23101703 0.69194016 0.68413642 -0.23061133 0.36840768 0.70880831 -0.6015552 0.36840843 0.70881379 -0.60155138 0.36840843 0.70881379 -0.60155138 0.3684092 0.70881922 -0.60154763 0.11623722 0.68030975 -0.72366524 0.11592891 0.67922732 -0.72472168 0.89377229 -0.30559115 0.32832555 0.90301438 -0.20611729 0.37694229 0.90301438 -0.20611729 0.37694229 0.90111633 -0.10410064 0.42090889 0.99647643 -0.08136784 0.02073505 0.9969823 -0.07427261 0.02265969 0.9969823 -0.07427261 0.02265969 0.99744251 -0.06717399 0.0245833 0.92605539 -0.11416323 -0.35973035 0.8796473 -0.28631749 -0.37981148 0.8796473 -0.28631749 -0.37981148 0.80491833 -0.44925355 -0.3876643 0.49594217 -0.47151409 -0.72919828 0.51754808 -0.43213715 -0.73851628 0.51754808 -0.43213715 -0.73851628 0.53807151 -0.39185636 -0.74628968 0.18561117 -0.38302217 -0.90490176 0.17309754 -0.41723852 -0.89216612 0.85506932 0.30982436 0.41578441 0.85506932 0.30982436 0.41578441 0.83744453 0.34210132 0.42622062 0.87144105 0.2770934 0.40473889 0.9651834 0.26096993 0.01789321 0.96771028 0.25119596 0.02127368 0.9651834 0.26096993 0.01789321 0.96255346 0.27071603 0.01451083 0.88784103 0.26929178 -0.37313775 0.88784103 0.26929178 -0.37313775 0.88794033 0.26674958 -0.37471439 0.88772814 0.27182984 -0.37155543 0.47969963 0.34046782 -0.80869101 0.47969963 0.34046782 -0.80869101 0.50837153 0.30266668 -0.80619715 0.4499438 0.37749968 -0.80935751 0.15435484 0.3973829 -0.90458139 0.17063781 0.37680898 -0.91044636 0.52456289 0.31345947 0.79156769 0.52922499 0.32881607 0.78218288 0.52922499 0.32881607 0.78218288 0.53370136 0.34405728 0.77252359 0.43077817 0.68070266 0.59251559 0.43851026 0.67117819 0.59769362 0.66159967 -0.19365665 0.72442431 0.66749439 -0.15702735 0.72787405 0.52283442 -0.1590024 0.83747814 0.15071903 0.07202308 0.98595603 0.50069522 0.35202487 0.7908224 0.82549916 0.08351351 0.55820375 0.05847275 0.53840899 0.84065984 0.34458299 0.76886464 0.53862947 0.7335856 0.54906743 0.40049021 0.6832346 0.04670263 0.72870398 0.52603077 0.52181166 0.67157999 0.85788445 0.33317606 0.39120828 0.58591187 0.7597952 0.28182846 0.83782904 0.54477155 -0.035615 0.99736627 0.06895417 0.02255384 0.89969616 -0.18272829 0.39644779 0.94237383 -0.03405968 0.33283065 0.80875431 0.45437985 0.37344889 0.96268894 0.27045008 0.0095584 0.69847534 0.71406395 0.04749257 0.79296548 0.52125388 -0.3154429 0.9338397 0.0354779 -0.35594218 0.96885856 -0.24565785 -0.031217 0.9996238 -0.00109504 0.0276602 0.87126146 0.4842973 0.07975637 0.88800083 0.27379262 -0.36945645 0.6430963 0.71797324 -0.26637688 0.55683428 0.47888013 -0.67869023 0.68398533 -0.00200601 -0.72949351 0.89705353 -0.24364392 -0.36870824 0.81065337 0.02896132 -0.58481651 0.75219859 0.50337576 -0.42522343 0.49418046 0.33265026 -0.80320208 0.36914734 0.7585739 -0.53693246 0.05987173 0.55584097 -0.82913439 0.1188758 0.08345007 -0.98939999 0.48610236 -0.18235464 -0.85466747 0.56591487 0.1289108 -0.81432901 0.52041745 0.58968591 -0.61761823 0.16432395 0.4000616 -0.90163781 0.09708886 0.80463408 -0.58578682 -0.27683239 0.57401961 -0.77063448 -0.23154015 0.1134439 -0.96619197 0.1872078 -0.111723 -0.97595384 0.93608524 0.13117085 0.32641424 0.93389501 0.13020192 0.33301262 0.93608524 0.13117085 0.32641424 0.93823262 0.13213381 0.31980093 0.74609185 -0.34627224 0.5687223 0.75085617 -0.34772013 0.56154286 0.74609185 -0.34627224 0.5687223 0.74128193 -0.34480323 0.57586711 0.28778678 -0.62219206 0.72805161 0.2895449 -0.62367353 0.72608621 0.32151545 0.94284697 -0.08761648 0.32416941 0.94252415 -0.0810406 0.7871514 0.60926876 0.09584337 0.78739853 0.60819057 0.10056588 0.7871514 0.60926876 0.09584337 0.7868923 0.61033771 0.09111939 0.29098108 0.50344997 0.81355558 0.27998983 0.37818001 0.8823757 0.2094621 0.6011937 0.77116949 0.19428213 0.25878596 0.946202 -0.08231017 -0.99613103 -0.03102639 0.01157943 -0.99935462 0.03421395 -0.03704956 -0.96548816 -0.25780901 -0.07192601 -0.9338186 -0.35045435 -0.01451125 -0.9848341 0.17291801 -0.04398813 -0.94032516 0.3374428 -0.07315264 -0.9606513 0.26795339 0.00593728 -0.9999347 -0.01005496 -0.19689758 -0.76949585 0.60755488 -0.0887406 -0.8191822 0.56663757 -0.32781945 -0.46246611 0.82381175 -0.12621809 -0.5124166 0.84941213 -0.38594894 -0.10442085 0.9165959 -0.15651752 -0.17849905 0.9714128 -0.75624711 -0.62286338 -0.20035083 -0.53566879 -0.63748661 -0.55378538 -0.6987829 -0.33610372 -0.63146594 -0.93425562 -0.28768238 -0.21075741 -0.8987153 -0.370995 0.23383819 -0.730837 -0.6423944 0.23067499 -0.97505494 -0.01539897 -0.22143082 -0.96948179 -0.07240354 0.23424534 -0.18157038 -0.78979886 -0.58588946 -0.35277189 -0.83199541 -0.42817744 -0.67248663 -0.73549289 -0.08255733 -0.57240873 -0.7696513 0.28283122 -0.49829247 -0.71480424 0.49067312 -0.18931677 -0.90894403 0.37147452 -0.95255282 0.21552055 -0.21495677 -0.96850808 0.18501549 0.16666015 -0.74213827 -0.03688694 -0.6692352 -0.76416005 0.23724999 -0.59981757 -0.60810831 0.41866415 -0.67449203 -0.90596988 0.36502163 -0.21443135 -0.89515101 0.33340184 0.29590269 -0.38329439 0.23533297 0.89315038 -0.21663172 0.32785494 0.91956331 -0.16634845 0.18543557 0.96847578 0.74599642 -0.04145794 -0.66466561 0.36897145 -0.01510975 -0.9293231 0.69627885 -0.33046485 -0.63717684 0.35932978 -0.30593042 -0.88164572 0.16662427 -0.40349393 0.89968424 0.19060622 -0.05765388 0.97997256 0.38538356 -0.11259264 0.91586431 0.3433073 -0.45705282 0.82052074 0.90226008 -0.37453417 0.21369859 0.97224756 -0.09450741 0.21403805 0.97276529 -0.06262725 -0.22318331 0.91807689 -0.33593829 -0.21044639 0.95202126 0.20821806 -0.22430106 0.95736589 0.18907317 0.21841147 0.72605193 0.24906307 -0.64095345 0.34929056 0.26087823 -0.89996891 0.39413928 0.39000316 -0.83220009 0.73694272 0.36855377 -0.56665384 0.93554743 0.3232163 -0.14246527 0.89258973 0.34336053 0.29221245 0.18421605 0.16532851 0.96888139 0.23315424 0.28014829 0.93121674 0.32988079 0.22467162 0.91689893 0 0.86921494 -0.49445077 0 0.86430041 -0.5029838 -0.35647787 0.84404372 -0.40064593 0 0.99999931 -0.00398628 -0.53175127 0.8311163 0.1627507 0 0.69335738 0.72060419 -0.53173875 0.38150083 0.75612731 -0.00000259 0.02908577 0.99957999 -0.42304104 -0.18979905 0.88601731 -0.00000209 -0.4572696 0.88933109 0 -0.99340644 0.11467431 -0.52860182 -0.84484266 0.08264756 -0.00000238 -0.97398611 0.22661307 -0.45973622 -0.83302609 0.30776144 -0.74677909 0.59002137 -0.30693172 -0.49576329 0.69658432 -0.5186519 -0.86316489 0.47257077 0.17787204 -0.78590155 -0.08585003 0.61237714 -0.47336097 -0.59553748 0.64904997 -0.78462959 -0.51008671 0.35238324 -0.98714723 -0.01807742 0.15880002 -0.900431 -0.43501099 -0.00202668 -0.93438746 -0.25057742 0.253288 -0.96146717 0.16127459 -0.2226632 -0.9141586 0.37203432 0.16097691 -0.00000212 -0.82698874 0.56223273 -0.44267799 0.6192663 0.64850661 -0.31649591 0.77547128 0.54633843 -0.38509317 0.85995577 0.3349439 -0.47397326 0.56122249 0.67851815 0 0.85519742 0.51832061 -0.66858724 0.55096996 0.49942368 -0.593512 0.29316932 0.74953169 -0.85092245 0.45094433 0.26941373 -0.90927603 0.41241132 0.0560266 -0.76972706 0.4211187 0.47978555 -0.73908014 0.40249287 0.54015028 0 0.60208759 0.79843159 0 0.45671668 0.88961862 -0.34979878 0.40627896 0.84415094 -0.77827347 0.50653779 0.37111126 -0.72658623 -0.07071929 0.68343845 -0.89613103 -0.08197812 0.43615319 -0.7315864 0.25171115 0.63358691 -0.61681786 0.64605281 0.44962804 0 -0.04999494 0.99875679 -0.00000487 -0.82641725 0.56306916 -0.70508081 -0.35934679 0.61134556 -0.61441699 -0.78648878 0.06278406 -0.00000876 -0.99268802 0.12074299 -0.70043183 0.17142779 0.69283608 -0.93954595 0.25070419 0.2332552 -0.73242713 0.27219655 0.6240702 -0.57633519 0.52007675 0.63037607 -0.36816226 0.82892822 -0.42112031 -0.88867526 0.43393697 0.1482201 -0.91160657 0.3812518 -0.15372187 -0.5754826 0.18487297 -0.79665424 -0.85118269 0.33947228 -0.40031635 -0.97729715 0.21139433 -0.01475767 -0.98742326 0.14362485 0.06616945 -0.27557053 0.49055045 0.82670162 -0.58829295 0.73818243 -0.33014966 -0.44048088 0.75554998 -0.48491087 -0.09510649 0.99005409 -0.10370544 0.29480102 -0.79828776 -0.52519595 0.66415271 -0.28105386 -0.69275573 0.38711546 -0.66674683 -0.63686982 0.19477609 -0.83982108 -0.50673282 -0.5967232 -0.37426273 -0.70982457 -0.88291018 -0.35392277 -0.30859293 -0.14937902 0.88130783 0.44832008 -0.7856983 0.25851336 -0.56201303 -0.55979895 0.23533422 -0.79451622 -0.80564318 0.34155811 -0.48402183 -0.3249755 0.4041649 -0.85501765 0 0.46558314 -0.8850113 -0.2280108 0.51313531 -0.8274741 0 0.52209967 -0.85288565 -0.27896245 0.67681298 -0.681263 0 0.63054934 -0.77615345 0 0.69895539 -0.71517021 -0.35359569 0.69348267 -0.62774578 -0.39169549 0.65961221 -0.64147416 -0.66474232 0.33687742 0.6668078 -0.43571668 0.361641 0.82424037 -0.81945447 0.19670005 0.53834724 -0.24649369 0.59552294 0.76459689 -0.33968882 0.42113086 0.84098963 -0.06446334 0.68047342 0.72993786 -0.05626201 0.69298485 0.71875889 0.00512132 0.81152759 0.58429294 -0.07304589 0.80243991 0.592251 -0.22854245 0.96344968 0.13979656 -0.30958526 0.94864406 -0.06517243 -0.46105882 0.46432846 -0.75619323 -0.66341415 0.37216086 -0.64914087 0 0.92230936 -0.38647331 0 0.2264541 -0.9740233 -0.57133698 0.42005511 -0.70508367 0 0.72763044 -0.68597892 0.00000132 0.01954088 -0.99981555 -0.67263946 0.66697768 -0.32046424 -0.62002042 0.78042395 0.08071778 -0.42315631 0.79725302 0.43049969 0 0.96701094 -0.25473621 0 0.99466392 0.10322682 0 0.75520355 0.65549896 0 0.33853756 -0.94095697 -0.4068345 0.2977564 -0.86361967 -0.99358317 0.08962939 -0.06899106 -0.92551609 -0.1558402 0.34517418 -0.93057104 -0.21586244 0.29572475 -0.7372008 0.21745642 0.63972935 -0.7869177 0.01221056 0.61694524 -0.95021214 0.19915944 -0.23965388 0.03950983 0.16145814 -0.98608925 0.0196183 0.19792366 -0.98002168 -0.4977644 0.84889768 0.177796 -0.99287983 0.05408131 0.10620778 -0.6859856 0.71959174 -0.10780393 -0.98165377 0.08918401 -0.16857816 -0.7723316 0.17299717 -0.61121824 -0.53882837 0.67560813 -0.50320923 -0.87643437 0.45165627 -0.16694778 -0.97288867 0.05777483 -0.22394707 -0.98006972 -0.149988 0.13026411 -0.81283001 0.57651752 0.08329262 -0.5597744 0.82701014 0.05217156 -0.51585584 0.85127996 -0.09600209 -0.45239919 0.85972296 0.23709967 -0.81079213 0.02536482 0.58479494 -0.34401281 0.27869492 0.89665221 -0.10424517 -0.38343506 0.91766693 -0.3224868 -0.50248861 0.80219815 -0.11079789 0.5730561 0.81199585 -0.21604451 0.83927451 0.4989463 -0.07539249 0.8734114 0.48113083 0 0.66634277 0.74564768 0.00767435 0.57852119 0.81563936 0.32498501 0.40426459 -0.85496102 0.22801615 0.5131337 -0.82746909 0.27896785 0.67681614 -0.68125597 0.35360096 0.69348225 -0.62773523 0.39171149 0.65961364 -0.64147142 0.76450367 -0.63528195 0.10934701 0.98394742 0.14354713 0.10603848 0.71287049 -0.08879226 0.69565264 0.80380295 0.11447819 0.58378052 0.04651663 0.78522027 0.61747328 0.33968629 0.42114367 0.84098701 0.06446354 0.68047431 0.72993589 0.13879939 0.8813086 0.45170321 0.46107819 0.46432902 -0.75618799 0.69988701 0.27496277 -0.65921566 0.24721613 0.58053499 0.77580351 0.05626105 0.69298366 0.71875632 0.3077514 0.95109286 0.02676672 0.26782586 0.95766237 0.10567209 0.42832373 0.29161188 0.85528569 0.66826335 0.28377598 0.68768189 0.43220745 0.25628268 -0.86459164 0.08372102 0.94402726 -0.31908752 0.16225805 0.40664061 -0.89906912 0.29657694 0.69642118 -0.65348408 0.1674946 0.93876245 -0.30112929 0.97024943 0.1915587 -0.14809422 0.76556904 0.6247811 -0.15348421 0.71986122 0.19429958 -0.66637287 0.55430531 0.74148972 -0.37807758 0.89291661 0.41977589 0.16275927 0.97980376 -0.03342846 0.19716039 0.4976671 0.86440019 0.07170683 0.42945944 0.90222551 -0.03943964 0.42294266 0.88902907 0.17535468 0.70930523 0.34706221 0.61355326 0.30779676 0.13440985 0.94191202 0.34861527 -0.46731534 0.81246309 0.0972886 -0.39852764 0.91198267 0.11488234 0.61810789 0.7776658 0.21913118 0.90192195 0.37218277 0.11014381 0.87129925 0.47823604 0.99117436 0.0901157 -0.09723355 0.73440296 0.13220988 -0.66571823 0.88749109 0.35500015 -0.29383701 0.88621305 0.22793306 -0.40333493 -0.7225299 -0.07006017 0.68779305 -0.98029741 0.16739621 0.10490887 -0.75578464 -0.62948892 0.18038296 -0.9815596 0.19100558 0.00846615 -0.81628243 0.53972989 -0.2058518 -0.83650099 0.40119653 -0.37325348 -0.67787448 0.27367326 -0.68234733 -0.3236417 0.9225898 -0.20996805 -0.28351372 0.57220065 0.76955868 -0.58989286 0.42143964 0.68879095 -0.80007724 -0.55955875 -0.21627223 -0.00000602 -0.79859681 0.6018773 -0.37329389 0.38496749 0.84407584 -0.29762998 0.11293778 0.94798543 -0.3377295 -0.1204436 0.93350681 -0.31605811 0.42877327 0.8463252 0 -0.46867456 0.88337599 0 -0.5839402 0.81180142 -0.52298826 -0.5174061 0.67733076 -0.52681708 -0.33034821 0.78316689 0 -0.2265351 0.97400786 0 0.70540351 0.7088163 0.3335046 -0.12091904 0.9349636 0.27616527 0.1175786 0.95389213 0.73920727 0.21681928 0.63762781 0.60723707 0.40465074 0.68376419 0.3705102 0.43017324 0.82321732 0.76699425 -0.1146913 0.63132587 0.6869106 -0.439359 0.57889407 -0.68213108 -0.43446182 0.58817124 -0.77734048 -0.08484473 0.62334475 -0.80488507 0.19912694 0.5590319 -0.6211423 0.38969017 0.67995027 -0.35697965 0.4553652 0.81560974 -0.33521195 0.27659305 -0.90063234 -0.32864038 0.42908039 -0.84136842 -0.36439209 -0.04653244 -0.93008598 -0.33387773 -0.41306644 -0.84729133 0.80187671 -0.27618422 0.52983283 -0.07892963 0.94771494 -0.30921517 -0.19681963 0.93812819 -0.28492984 -0.26295348 0.69200179 -0.67231026 -0.15252217 0.37005754 -0.9164144 -0.324024 0.04848698 -0.94480797 -0.14714592 -0.02644424 -0.98876711 -0.59110206 -0.58743786 0.55274838 -0.12517064 0.41014435 -0.90339728 -0.11256475 0.26548325 -0.95752766 0.14486393 0.38951693 -0.90956052 0.16033951 0.21665419 -0.96299209 -0.11383044 0.06884824 -0.99111518 0.19053527 -0.02084067 -0.9814628 -0.1338125 -0.25508364 -0.95761605 0.17768756 -0.36947302 -0.91209765 -0.11603062 -0.66068509 -0.74165089 0.26788887 0.9446909 -0.18921971 0.26592176 0.04130749 -0.96311124 0.14714179 -0.02674579 -0.98876401 0.07429388 -0.97666325 -0.20155472 0.08117187 -0.99617317 -0.03266971 0.07192438 -0.93381866 -0.35045098 0.07819914 -0.93101956 0.35650976 0.0442815 -0.95946839 0.27832972 -0.00600973 -0.9856319 0.16883473 0.22878399 -0.78329969 0.57801574 0.11648703 -0.71714414 0.68713191 0.54252052 -0.61434767 -0.57293873 0.75567664 -0.60166326 -0.25878229 0.78052289 -0.60187182 0.16892468 0.35734288 -0.82556335 -0.43676942 0.18259932 -0.74671639 -0.63958868 -0.07524241 -0.90512951 -0.41843702 0.68634799 -0.72075111 -0.09720074 0.57250237 -0.77195204 0.27629384 0.18034634 -0.91064145 0.37177841 0.55832338 -0.69283328 0.45635294 -0.59070212 -0.23392379 0.77224762 -0.42603346 -0.18877612 0.8847947 -0.8561071 -0.17869938 0.48492928 -0.98185529 -0.14758315 0.11909947 0.65883401 -0.48631262 0.57397085 0.81783299 -0.40431111 0.40950282 0.51786249 -0.31505821 0.79533703 0.51701712 -0.48282864 0.70680971 0.8453878 -0.51818567 -0.12962651 0.85014616 -0.41354539 -0.32593836 0.35067137 -0.55574012 -0.75378657 0.1081169 -0.42821603 -0.89719258 -0.65846607 -0.41638501 -0.62694159 -0.85529845 -0.17026378 -0.4893774 0.90427603 -0.19930055 -0.37757919 0.08764961 -0.12643486 -0.98810609 -0.82596431 -0.02834672 -0.56302094 -0.87964575 -0.07848641 0.46913381 -0.86156879 -0.11219779 0.49509256 0.78871078 -0.2043683 0.57980292 0.86088572 -0.21885402 0.45934047 0.55028587 -0.20979463 0.80819307 0.55261773 -0.18069586 0.81361686 -0.38123776 -0.14219421 0.91348292 -0.33995558 -0.21886019 0.91462584 0.10711172 -0.72377587 -0.68167559 0.00001764 0.82499514 0.5651505 0.00004259 0.99961158 0.02801846 -0.58087504 0.24224076 -0.77711642 -0.98208078 0.12641049 -0.13980731 0.62545237 -0.192201 -0.75622369 0.77839685 0.01680725 -0.62755808 0.83756922 0.08427351 -0.53979647 0 0.91510876 0.40321364 0.81276409 -0.13400509 -0.56697338 -0.13585567 -0.06063391 -0.98887845 -0.91107049 -0.03524709 -0.41075792 0.95403071 -0.18627564 0.23479942 0.55084622 -0.21640211 0.80606673 -0.30120878 -0.29599657 0.90646215 -0.68160048 -0.19455851 0.70539147 -0.04143828 -0.90974351 0.41309961 0 -0.94378122 0.33059187 -0.00477472 0.24750463 0.96888198 0.42357214 0.24668857 0.8716288 0.00368977 -0.614494 0.78891892 0.04144236 -0.90974947 0.41310092 -0.42355641 0.24670761 0.87163512 -0.0257124 0.99834468 -0.05153837 0.03857355 0.99794366 -0.05127482 -0.41807326 0.67397013 0.60908112 -0.13328784 0.7951938 0.59153128 0.1143864 -0.75701363 0.64331231 0.04038795 -0.99438115 0.097857 0.14302164 -0.26060828 0.95479836 0.24562251 0.05387756 -0.96786757 -0.0437967 0.34858726 -0.93626579 0.3546453 -0.22966648 -0.90636589 0.24062931 -0.52368134 -0.817228 0.14067655 -0.37540592 0.9161339 -0.06902316 0.36710437 0.92761751 -0.17275714 0.83967803 0.51488709 0.03630365 0.64138094 0.76637221 0.13180963 0.28866249 0.94832029 0.09210455 0.99120786 0.09499787 -0.08390906 0.9707795 -0.22483448 0.05307537 0.82917277 -0.55647534 -0.1041293 0.66148237 -0.74270202 0.11297631 0.60611281 -0.78732074 0.39821224 0.8259661 0.39901705 0.24674038 0.4593453 0.85330306 0.25202888 0.72347874 0.64270196 0.29342374 0.62472943 -0.72361565 0.35442762 0.89978193 -0.25453582 0.22764911 0.84054075 -0.4916115 -0.22859586 -0.65928009 -0.71631605 -0.13168813 -0.88165633 0.45314585 -0.16894741 -0.80980013 -0.56187063 -0.28929695 0.17155742 0.94174155 -0.14384427 -0.28572752 0.94746359 0.08232686 -0.95159104 0.29615768 -0.12131608 0.8915575 -0.43637096 -0.17184105 0.89494555 0.4117734 -0.07101924 0.94943913 -0.30582164 0.19353081 -0.97649129 -0.09497701 -0.17645638 -0.93854048 -0.29667198 0.11026625 -0.99378004 -0.01589889 0.41313942 -0.91065552 -0.00525779 -0.04272126 0.8856449 0.46240242 -0.35008641 0.65511653 0.66953716 -0.17129725 -0.08342972 0.98168441 -0.00042205 0.97741093 0.21135523 -0.00198725 0.92879524 -0.37058936 0.00430505 0.96557852 -0.26010042 -0.07279618 0.70717556 -0.70328689 -0.16784082 0.77920861 -0.60387984 -0.11786667 -0.45798661 -0.88111632 -0.01519183 -0.33107717 -0.94348147 0.12384296 -0.52506899 -0.84200911 0.27439176 -0.82518695 -0.4937511 -0.37098811 -0.90427895 0.2113379 0.20299286 -0.91537108 0.34771971 0.04920478 0.9693652 0.24066048 0.03559018 0.96327432 0.26616734 0.0487062 0.96781435 0.2469324 0.04018248 0.96971198 0.24093432 0.03029521 0.96669914 0.25413328 0.01569605 0.96175941 0.27345475 0.00119646 0.96094241 0.27675503 -0.12852163 0.91102912 0.39181067 0.17551229 0.56949001 0.80304472 0.59914982 0.789356 0.13393066 -0.15264956 0.95756986 0.24445548 0.32580344 0.67279545 0.66423992 0.87983314 -0.08811266 0.46704765 -0.34615128 0.73767597 0.5796709 -0.1965156 0.87551449 0.44143199 0.02819937 -0.24294893 0.96963998 0.1316246 -0.67948619 0.72178788 0.90946825 -0.41230156 -0.05384183 0.47117366 -0.7180242 0.51230382 0.35152112 -0.52186042 -0.7772472 0.36692722 -0.89130233 -0.26636645 0.09508094 -0.90946557 0.40479081 0.08807345 -0.48146587 0.87203185 0.09208582 -0.37815107 0.92115446 0.15744094 -0.92146941 0.35511895 0.57683438 -0.78511221 -0.22554258 0.49666285 -0.78872801 0.36226906 -0.96070178 -0.05062837 0.27294769 -0.97593744 -0.03977307 0.21443648 -0.97594007 -0.03977437 0.21443542 -0.94176306 -0.06132956 0.33064841 -0.91933896 -0.07175912 0.38688262 -0.91933562 -0.07175542 0.38688503 0.3896047 -0.91952362 -0.05193802 0.10167336 -0.97258945 0.20913768 0.1338111 -0.97322251 -0.18693226 0.01417025 -0.59483802 -0.80372511 0.08786676 -0.75436504 -0.65055845 0.17953914 -0.98163947 -0.06452642 0.56834286 -0.79338832 -0.21801164 0.54344683 -0.83434163 -0.09247175 0.4606338 -0.88074253 0.11006333 0.02450862 -0.26863309 -0.96293153 0.05423957 -0.50914525 -0.85897468 0.36778234 -0.62589821 0.68775341 0.29448366 -0.95565661 0.00175119 0.00043497 -0.76461024 0.64449653 0.00358665 -0.29027879 0.95694252 0.06009904 -0.75995267 0.64720306 0.08137562 -0.19635422 0.97715737 0.99778124 0.06423322 -0.01801649 0.06217231 -0.20287695 -0.97723599 -0.00675057 -0.3203982 -0.94726362 0.05280106 0.99837109 0.02186299 0.02266156 0.99893823 0.04011448 0.03497041 0.99761256 0.05966896 0.06856174 0.99761637 0.00807181 0.1504333 0.98851796 0.01466824 0.19457842 0.98077794 0.01473028 0.23600314 0.9716859 0.01157057 0.22910485 0.97340449 0.0024609 0.36003648 -0.60768446 -0.7078876 0.00544931 -0.69201473 -0.72187591 0.07035812 -0.94284548 -0.32574318 0.16866595 -0.50590109 -0.84594904 0.10006964 -0.15436351 -0.98293527 0.99789514 -0.01784418 -0.06252475 -0.00618681 -0.29204982 -0.95638844 -0.06893503 0.89501606 -0.44068294 -0.08511283 0.88280325 -0.46197109 -0.14064954 0.8415312 -0.52159094 -0.01808009 0.92213138 -0.38645948 0.02753463 0.99958088 -0.00917967 0.01476369 0.99984696 0.00984351 0.04016607 0.99897971 -0.02066724 -0.00007255 0.99922749 0.03947694 0.0064464 0.99836149 0.05699647 0.42985969 -0.90218093 -0.03598048 0.42125608 -0.90683784 -0.01389928 0.07138502 0.99697157 -0.03102721 0.10462735 0.99404248 -0.03055187 0.14432142 0.98920711 -0.02557932 0.15429076 0.98792287 -0.0142427 0.15631687 0.98764958 -0.0113295 0.16328331 0.98658516 -0.00260468 0.34667416 -0.9379194 0.01157008 0.43471618 -0.56530147 0.70104427 0.39001022 -0.59280622 -0.70461983 0.02127751 -0.73140401 -0.68161723 0.03459344 -0.76803339 0.6394836 0.17027263 -0.93000104 -0.32576807 0.16445113 -0.76925022 0.61743477 0.25197359 -0.71599305 0.65105328 0.26387494 -0.53746718 -0.8009523 0.00534568 -0.39818369 -0.9172981 0.1314664 -0.24949095 -0.95941814 0.99983063 -0.01667625 -0.00880607 0.038274 -0.34477262 0.93791302 0.13728718 -0.23808417 0.96149494 0.09693935 -0.34492592 -0.93361332 0.16824223 -0.95996924 -0.22398517 0.14233739 -0.79592157 -0.58844137 0.11008896 -0.39782281 -0.9108366 0.52157497 -0.63276145 -0.57234382 0.45701715 -0.86182706 0.22003116 -0.00549742 0.9271117 -0.37474601 0.03426913 0.94059529 -0.33781107 0.05608053 0.94846912 -0.31187518 0.08023653 0.95546951 -0.28399515 0.0790439 0.95578273 -0.28327134 0.08155053 0.95626195 -0.28091764 0.08463715 -0.61726359 0.78219552 0.20545246 -0.63029739 0.74868036 0.21592744 -0.65868047 0.7207777 0.44840222 -0.42809375 0.78465087 0.04057354 -0.15557913 0.98699703 0.09402662 -0.08750834 0.99172171 -0.31501268 0.64659807 -0.69476012 -0.27253517 0.65212372 -0.70744193 -0.19807116 -0.35291968 -0.91445114 -0.08432768 -0.40272154 -0.91144343 -0.0336349 0.6927251 -0.72041947 -0.01981631 0.86179458 -0.50687491 -0.01380866 0.71246535 -0.70158029 -0.10342234 0.8603612 -0.49908596 -0.08025317 -0.33528454 -0.93869485 0.11766297 -0.71318782 -0.69102809 0.10470218 -0.32067428 -0.94139262 0.20906896 -0.83128635 -0.5150426 -0.10129214 0.97674258 0.18900993 0.11252047 0.96634765 -0.23133814 0.12789998 0.68990985 -0.71251131 0.08667539 0.95713278 0.27638625 0.29856556 -0.40099185 0.86606269 0.36847947 -0.92889657 0.0371427 0.35687538 -0.64271704 -0.67790934 0.24373525 -0.3630821 -0.8993194 0.14517861 -0.47774338 -0.86642854 0.1815741 -0.13472485 -0.97410955 0.13814756 -0.86949162 -0.47423827 0.01035489 -0.8130738 -0.58207112 0.26955327 0.96066864 0.06684985 -0.01989803 -0.31195439 0.94989117 0.21045849 -0.95228054 0.2210663 0 0.29626759 0.95511123 -0.32332818 0.20894102 0.92293258 -0.37252851 0.19810374 0.90663626 0 0.2040189 0.97897299 -0.5623458 0.2478447 0.78889019 -0.3623143 0.32667182 0.8729407 -0.49993246 0.25030347 0.82911001 -0.45938744 0.22973935 0.85801254 -0.52084136 0.25345754 0.81516169 0.35647787 0.84404372 -0.4006459 0.53175127 0.83111642 0.16275067 0.5317403 0.38150616 0.75612325 0.42304658 -0.18979798 0.88601379 0.52860367 -0.84484367 0.08264241 0.45973971 -0.83302145 0.30775986 0.49576329 0.69658426 -0.51865184 0.74677909 0.59002143 -0.30693178 0.86316489 0.47257086 0.17787204 0.78590674 -0.0858476 0.61237016 0.47336333 -0.59553772 0.64904776 0.78463502 -0.51008176 0.35238426 0.98714723 -0.01807745 0.15880005 0.90042814 -0.43500404 -0.00202952 0.93460747 -0.24530435 0.25756603 0.91637649 0.35987891 0.17537651 0.96146717 0.16127461 -0.22266322 0.40299254 0.67094269 0.62245527 0.44286849 0.59847945 0.66760364 0.34923927 0.872286 0.34229235 0.31649588 0.77547146 0.54633855 0.685087 0.57909208 0.44195123 0.59348726 0.29317051 0.74955428 0.34979878 0.40627896 0.844151 0.76673836 0.01420534 0.64181099 0.72147769 0.28090518 0.63290981 0.8936529 -0.07853571 0.4418522 0.60713872 0.64837977 0.45934292 0.70506865 -0.35934304 0.61135581 0.61440662 -0.78648806 0.06279052 0.94121381 0.24067443 0.2370634 0.7103296 0.15367087 0.68690142 0.5797739 0.74439711 -0.33128197 0.0898356 0.99117877 -0.09751163 0.4341002 0.76622922 -0.47377865 -0.12072464 -0.89265953 -0.43427574 -0.37868364 -0.6518471 -0.65704039 -0.65887025 -0.45280143 -0.60072777 -0.12036976 -0.89190428 -0.43591996 0.6068525 -0.38313146 -0.69638828 0.88328539 -0.37230985 -0.28497218 0.14715887 0.87600021 0.45931914 -0.91090407 -0.06572558 -0.40735449 -0.78433091 -0.08882054 -0.61395738 -0.97869344 -0.04888523 -0.19944334 0.99788078 0.05262361 -0.03837388 0.93057104 -0.21586221 0.29572504 0.92277976 -0.14787436 0.35583393 0.98208191 0.13613077 0.13036322 0.74223519 0.23260757 0.62848744 0.77685887 0.01939894 0.62937829 0.55472117 0.25018867 -0.79353113 0.78456492 0.20249807 -0.58605218 0.49780353 0.84886931 0.17782443 0.53209066 0.83428179 -0.14445201 0.99287602 0.0540833 0.10620348 0.98163672 0.08920014 -0.16862659 0.28351369 0.57220065 0.76955856 0.5898835 0.42142491 0.68880049 0.80007992 -0.5595454 -0.21629522 0.34241508 0.41974177 0.84058384 0.23979836 0.42147635 0.87456719 0.5229882 -0.51740616 0.67733088 0.52474129 -0.33037148 0.78454489 0 0.97660782 -0.21507003 0.58035642 0.24967527 -0.77515251 0.98085161 0.13248991 -0.14282244 -0.67767885 -0.19960268 -0.70775724 0.33478241 0.71454776 0.61428627 0.10014567 0.86553733 0.49074262 0.32332818 0.20894099 0.92293252 0.37252848 0.19810372 0.90663626 0.45938738 0.22973939 0.8580126 0.5208314 0.25345966 0.81517248 0.56232088 0.2478492 0.78890211 0.3623143 0.32667182 0.8729407 0.49993246 0.25030341 0.82910995 0.04764202 0.91837354 -0.3928396 -0.0010602 0.67161056 -0.74090857 0.05447045 0.95818122 0.28094637 0.17049932 -0.32531677 -0.93011113 0.22832815 -0.73168964 -0.64226362 -0.00540748 0.59170109 0.806145 -0.1816564 0.52373677 0.83228741 0.13565388 0.62759331 0.76663704 -0.10423951 -0.7385825 0.66606662 0.02526045 -0.9889855 0.14585457 -0.15946297 -0.23602609 0.95857968 -0.23703899 0.05226191 -0.97009947 -0.23264968 -0.5240482 -0.81930808 -0.35464232 -0.22967165 -0.90635868 0.04379603 0.34858538 -0.93626138 -0.20050115 -0.30607478 0.9306561 -0.03764892 0.62145451 0.78255666 0.1901799 0.82564859 0.53117662 0.06188302 0.36660822 0.9283178 -0.16960318 0.26463118 0.94931956 -0.06794636 0.99222841 0.10430002 -0.02285277 0.81568341 -0.578058 0.11327526 0.96224554 -0.24751102 0.09680056 0.66196642 -0.74326462 -0.13501366 0.57094651 -0.80981843 -0.32086612 0.67217097 0.66726539 -0.04169497 0.32003923 0.94649621 -0.23753016 0.8395866 0.48855524 -0.19712968 0.62837085 -0.75252993 -0.26964926 0.80472116 -0.52888631 -0.16700604 0.94637563 -0.27655455 0.25272333 -0.71136869 -0.65581337 0.1080685 -0.72125263 -0.68419466 0.05841863 -0.90304031 0.42556997 0.15089413 -0.90503867 -0.39767043 0.16965624 -0.71999622 0.67293301 0.09806815 0.07866142 0.99206939 -0.04271244 -0.34769286 0.93663671 -0.15197649 0.32746394 0.93257095 -0.02037848 0.81618605 0.57744258 -0.10745907 0.91785111 -0.38210683 0.0206016 0.99942418 -0.02704184 -0.00922387 0.86903052 0.49468552 -0.20319641 -0.94366117 0.2611992 0.30429338 -0.23141099 0.92404737 0.05000602 0.89956628 -0.4339322 0.20307658 0.69973895 -0.68493352 0.10807713 0.67328319 -0.73144872 0.18968684 -0.37683297 -0.90665307 0.05141346 -0.12370741 -0.99098726 0.14352936 -0.11741289 -0.98265686 0.10639859 -0.45730828 -0.88292204 0.06374373 0.75500382 -0.65261808 0.28817766 -0.29683828 -0.91041352 0.14810842 -0.22997075 -0.96186682 0.04068112 0.64619592 -0.7620895 0.13119731 0.88294344 -0.45078545 0.03405667 -0.27102827 -0.9619716 -0.10210064 -0.84015636 -0.53266727 0.15766695 0.98509063 0.06889133 0.21064105 0.92235263 -0.32388849 -0.38294469 -0.79489548 -0.4706467 -0.14260747 -0.8693925 -0.47310426 -0.34347574 0.92954053 0.13412569 0.02290735 -0.76670719 0.64159349 0.01989802 -0.31195448 0.94989111 0.1740836 -0.2635633 0.94880702 -0.18395414 -0.8104947 0.556113 -0.05929472 0.90462424 -0.42206891 -0.11252345 0.96634628 -0.23133732 -0.20813017 0.28727364 -0.93497237 -0.12193384 0.19240118 -0.97371437 0.02511552 0.9537858 -0.29945066 0.04998909 0.95685204 0.28627067 -0.05447045 0.95818152 0.28094643 -0.0866775 0.95713093 0.27638658 -0.23938755 -0.64343372 -0.72711677 -0.37504731 -0.75627644 -0.53609108 -0.22740779 -0.96209933 -0.15050721 -0.36877815 -0.90608253 -0.20742407 -0.16513411 -0.90774401 -0.38566454 -0.09638501 -0.99216356 -0.07954271 -0.29857692 -0.40099366 0.8660696 -0.34699578 -0.79153843 0.50306582 0.00540747 0.59170121 0.80614511 0.14778098 0.46267574 0.87412958 -0.1356579 0.62759319 0.76663608 0.42156075 0.50979608 0.74993242 0 0.37607644 0.92659457 -0.18597888 -0.97793754 -0.09519881 -0.42320778 -0.90602322 0.00461055 -0.11026733 -0.99377956 -0.0158986 0.17645343 -0.93853994 -0.29667183 0.19988469 0.84173731 0.50152856 0.63087747 -0.13768713 0.76357878 0.35008369 0.65510849 0.6695337 -0.00430508 0.96557953 -0.26010072 0.08853707 0.95481332 -0.28373077 0.00042168 0.97741486 0.21135495 0.1678408 0.77920902 -0.60388014 0.29540941 0.69426957 -0.65630499 0.11738629 -0.45803868 -0.8811522 0.30625169 -0.6197463 -0.72259302 0.16417407 -0.50365281 -0.84817235 0.01461012 -0.33111296 -0.94348039 0.3709882 -0.90427734 0.21133948 0.53983694 -0.69537333 0.47438746 -0.04920532 0.96936466 0.24066027 -0.04870702 0.96781351 0.2469321 -0.03559074 0.96327229 0.26616671 -0.04018284 0.96971126 0.2409341 -0.02908471 0.9667395 0.25411608 -0.01447962 0.96184357 0.2732329 0.00091765 0.96073331 0.27749395 0.12942688 0.91060289 0.39251335 0.15265037 0.95757171 0.24445593 -0.59914946 0.78936679 0.1339198 -0.17551001 0.56949442 0.80304323 -0.32580276 0.67279831 0.66424176 -0.87983314 -0.08811278 0.46704807 0.34615128 0.73767699 0.57966554 0.19780226 0.87459056 0.44268175 -0.13006322 -0.68029514 0.72130675 -0.0281987 -0.24294638 0.969633 -0.90945663 -0.41229834 -0.0538733 -0.49163031 -0.73161156 0.47229647 -0.29339987 -0.79867954 -0.52538454 -0.50259751 -0.51313304 -0.69577399 -0.09403136 -0.91835679 0.3844261 -0.08807458 -0.48146619 0.87203143 -0.09208607 -0.37815489 0.92115821 -0.15744145 -0.92147328 0.35511856 -0.57683217 -0.78511281 -0.22555042 -0.49666392 -0.78873099 0.36227016 0.96070178 -0.05062809 0.27294608 0.97594007 -0.03977375 0.21443205 0.97593744 -0.03977246 0.21443313 0.94176306 -0.06132961 0.33064864 0.91933896 -0.07175952 0.38688461 0.91933562 -0.0717558 0.38688703 -0.39515798 -0.91558732 -0.07457433 -0.10167459 -0.9725882 0.20913567 -0.13381245 -0.97322418 -0.1869319 0.00836384 -0.61400983 -0.78926445 -0.08214169 -0.75317992 -0.65267018 -0.1567984 -0.98546745 -0.0653859 -0.55578166 -0.82231156 -0.1221404 -0.55777448 -0.77953196 -0.28500056 -0.47819962 -0.86866324 0.12947062 -0.02812037 -0.2687464 -0.96280136 -0.06112966 -0.50960731 -0.85824381 -0.03015339 -0.41557567 0.90906598 -0.00815502 -0.79099197 0.61178461 -0.22502131 -0.97408606 0.02298848 -0.44745483 -0.71977825 0.53077417 -0.05031233 -0.74897117 0.66069672 -0.07604905 -0.18063448 0.98060842 -0.99780741 0.06423043 -0.01637172 -0.05576722 -0.20350272 -0.9774886 -0.00534999 -0.3335938 -0.94270714 -0.05059923 0.99848827 0.02165536 -0.03176247 0.99773326 0.05937046 -0.02058763 0.99899139 0.03991655 -0.06862744 0.99761226 0.00807198 -0.19458025 0.98078319 0.01473034 -0.15043364 0.9885154 0.01466754 -0.22910485 0.97340449 0.0024609 -0.23600314 0.9716859 0.01157057 -0.44092559 -0.73909617 -0.50924438 -0.03602166 -0.7252825 -0.68750844 -0.06129633 -0.9395897 -0.33677126 -0.13500502 -0.48956983 -0.86145101 -0.09323721 -0.1337348 -0.98662462 -0.99830373 -0.01851923 -0.05522933 -0.02529663 -0.42524799 -0.90472897 0.06796116 0.89401411 -0.44286244 0.13300569 0.84201263 -0.52282041 0.08146637 0.88219891 -0.46378486 0.0196799 0.92129709 -0.38837855 -0.02666478 0.99961766 -0.00747061 -0.04020387 0.9990479 -0.01728488 -0.01494529 0.99983009 0.01108979 0.00007668 0.99922904 0.039477 -0.00682784 0.99835237 0.05703226 -0.432045 -0.9017687 -0.01227903 -0.44355692 -0.89573138 0.03044236 -0.07010883 0.99710544 -0.02958121 -0.10345449 0.99417212 -0.03053134 -0.15429264 0.98792692 -0.0142391 -0.14432214 0.98920484 -0.0255771 -0.16328324 0.98658164 -0.00260021 -0.15631683 0.98764851 -0.01132564 -0.28526767 -0.95844116 0.00397601 -0.51704013 -0.67435685 -0.52718138 -0.54684949 -0.67554835 0.49456777 -0.04246094 -0.76708264 -0.64015827 -0.04854466 -0.80958424 0.58499521 -0.16645203 -0.93173583 -0.32275222 -0.15221044 -0.77142269 0.61785576 -0.23150843 -0.71739025 0.65709672 -0.26326396 -0.54080855 -0.79889966 -0.03007941 -0.48005491 -0.87672673 -0.13146547 -0.24949462 -0.95941754 -0.99982961 -0.01667646 -0.00876393 -0.07084856 -0.44826852 0.89109253 -0.12627166 -0.24020176 0.96248062 -0.10176278 -0.34414644 -0.93338503 -0.17281916 -0.95972892 -0.22149035 -0.11009084 -0.39782785 -0.91083582 -0.18698941 -0.81359879 -0.55053919 -0.52375572 -0.69705055 -0.48969721 -0.47241317 -0.84886198 0.23721186 0.00695362 0.92668243 -0.37578542 -0.0342697 0.94059618 -0.33781074 -0.08023683 0.95546826 -0.28399434 -0.05608181 0.94846739 -0.31187321 -0.08154759 0.95626327 -0.2809211 -0.07904336 0.9557819 -0.28327157 -0.11639869 -0.62851337 0.76904399 -0.20545313 -0.63029972 0.74868054 -0.21808634 -0.65627769 0.72232247 -0.43996574 -0.48587521 0.75522752 -0.04057267 -0.1555778 0.98699071 -0.09402666 -0.08751037 0.99172207 -0.11505755 0.87039695 -0.47872518 -0.3869998 -0.12445776 -0.91364868 -0.11974784 0.90477033 0.40874116 -0.4292488 -0.75790078 0.49126058 -0.36235021 -0.00241996 0.9320416 -0.4469447 -0.81563704 -0.36739884 -0.36834063 -0.88646172 -0.28020992 0.85166441 0.45176493 0.26569258 0.76972074 0.42111873 0.47978191 0.91215386 0.40652873 0.05220016 0.73908234 0.40250372 0.54014575 0.77827937 0.50653791 0.37109111 0.73242021 0.27220376 0.62407646 0.57633519 0.52007681 0.63037607 0.88596819 0.43967344 0.14749354 0.37856345 0.82328515 -0.42295628 0.89865486 0.40748199 -0.16242295 0.56022369 0.21680849 -0.79946722 0.84261815 0.36001413 -0.40048509 0.97073527 0.22374124 0.08725606 0.980863 0.11937305 -0.15382895 0.27557602 0.49055015 0.82669507 0.81880717 0.22231146 -0.52928453 0.5713284 0.42005475 -0.70508123 0.67263791 0.66698364 -0.32046209 0.62002042 0.78042395 0.08071778 0.42315631 0.79725302 0.43049975 -0.01896214 0.05308009 -0.99841472 -0.92380991 0.24406452 -0.29499924 -0.65187434 -0.65194229 -0.38734959 -0.64723125 -0.67527309 -0.35369213 0.06162435 0.97983237 0.1900932 0.26855799 0.90759154 -0.32274414 0.12725487 0.12687371 -0.9837233 0.22192823 -0.76810814 -0.60063544 0.44404512 -0.78157944 -0.43813877 0.20892905 -0.77280361 -0.59927034 0.55278826 -0.76358361 -0.3337212 0.1475628 -0.76328994 -0.62897983 0.149586 -0.7619536 -0.63013086 0.10831504 -0.76513273 -0.63470611 0.06792921 -0.76633257 -0.63884643 0.81725023 0.57274419 0.06378851 0.343026 0.84495239 -0.41035219 0.55698502 0.80126421 0.21851235 0.16307087 0.96205898 -0.21878167 0.02283789 0.9910716 -0.13143192 0.4833019 0.80059735 -0.35423081 0.35111879 0.33734239 -0.87345151 0.38677649 0.2738189 -0.88058905 -0.16180409 0.720509 -0.67431709 -0.42375593 0.50859034 -0.74952621 0.41959779 0.73160816 0.53729826 -0.690711 0.21044422 -0.69183264 -0.11286081 0.65116105 -0.75051636 -0.46673365 0.87720714 0.11257194 -0.09439593 0.1273425 -0.98735811 0.02896765 -0.76542152 -0.64288458 0.02862936 -0.76565266 -0.64262018 -0.48061337 0.87654184 -0.02625573 -0.92905237 0.24072503 0.28092417 -0.84844683 0.46476453 0.25325289 -0.36843468 0.82100312 -0.43614234 -0.24060004 -0.89993011 -0.36364861 0.65890894 -0.74296922 -0.11770687 -0.24060004 -0.89993011 -0.36364861 -0.32154257 -0.85984747 -0.39657994 -0.87311063 0.15747565 -0.46139943 0.2816635 0.89627944 -0.34260587 -0.91726365 0.30003206 0.26194926 0.55890089 0.18020699 -0.80942808 -0.85434972 -0.37290488 0.36199512 -0.91321405 -0.01215088 0.40730562 -0.60015425 0.73961193 0.30461673 0.15873445 0.91621145 0.36791359 -0.50264322 0.82770894 0.24951357 0.07743207 0.77740151 0.62422606 -0.16609996 0.91283395 0.37303878 -0.05223109 0.92946168 0.36520569 0.02969372 0.991317 0.12812821 -0.0008752 0.83621935 0.54840141 -0.04137023 0.91640921 0.39811547 0.09770449 0.9767945 0.19059652 0.18694487 0.98109605 -0.05013258 -0.97712268 0.21162654 0.02138471 0.41992118 0.57231825 -0.70436639 0.72370357 0.66580048 -0.18161459 0.73264236 0.45145189 -0.50933951 0.70620603 0.47680651 -0.52339261 0.86352388 -0.09015267 -0.49619591 0.89825605 0.00875154 -0.43940364 0.86352388 -0.09015267 -0.49619591 0.81652038 -0.18777576 -0.54593688 -0.54809761 0.76964755 -0.32749571 0.14732056 0.70633245 0.69238362 -0.44333096 0.44186612 -0.7798853 0.52826952 0.7468713 0.40389996 0.37142096 0.56758642 -0.73478008 0.80041389 0.58449947 0.13310268 -0.06116912 -0.99376305 0.09331191 -0.29933875 -0.95137044 0.07275828 -0.10249879 -0.99284901 0.06131096 0.03634828 -0.99459424 0.09730982 0.65625564 0.33124517 0.67794433 0.64924732 0.39778282 0.64826688 -0.02050541 -0.99202218 0.12442399 -0.01496234 -0.99466356 0.10215473 -0.63139656 -0.19191366 -0.75134392 -0.69665912 -0.16770538 -0.69752744 -0.77044833 -0.09485474 -0.63041702 0.55362528 0.12366692 0.82353584 0.77820117 -0.1706598 0.60439798 0.16688142 -0.98572024 -0.022689 0.16688142 -0.98572024 -0.022689 0.16908368 -0.97742798 -0.12675462 0.16286116 -0.98327418 0.08162379 -0.43465873 -0.058563 -0.89869194 -0.49475747 0.10111099 -0.86313032 0.8877183 0.16504052 0.429796 0.78228939 0.31157194 0.53940105 -0.05143026 0.92849382 -0.36779703 0.0494062 0.78831882 -0.613287 -0.14860966 0.55362797 -0.81940119 0.03467232 0.884984 -0.46435296 0.06493998 0.89169197 -0.44796004 -0.1776244 0.39933808 -0.89943557 -0.30802037 0.39850165 -0.86390363 0.06786281 0.37633602 -0.92399623 -0.35200696 -0.37398468 -0.85804002 -0.35082395 -0.37089856 -0.85987131 0.10800967 -0.90590944 0.40946545 0.13736332 -0.89675658 0.4206668 0.10800967 -0.90590944 0.40946545 0.07854063 -0.91409453 0.39782666 -0.59307766 0.75236941 0.28671726 -0.61867324 0.27053799 0.73761321 0.50711768 -0.65057555 0.56532371 0.50652796 -0.6597015 0.55519306 0.50711768 -0.65057555 0.56532371 0.14162629 -0.90544995 0.40013926 0.14143499 0.98989465 -0.01051744 -0.06290725 0.92447384 -0.37602137 -0.37705372 0.91562964 0.13953229 -0.26043489 0.85107367 0.45591783 -0.79104037 0.49213552 0.36341594 -0.71915758 0.33226891 0.61026439 0.91444512 -0.06002138 -0.4002532 0.9051065 -0.11981908 -0.40796249 0.92141791 0.17514152 -0.34687756 -0.11283758 0.49561851 -0.86119018 0.85636781 0.48332073 -0.18178661 -0.44473367 0.57583862 -0.68603596 0.77654297 -0.24335785 0.5811727 0.8099678 -0.22142246 0.54308062 0.93281146 0.35877891 0.03380119 -0.14488577 -0.94329431 0.29869428 -0.1966796 -0.8142461 0.54619753 -0.09641544 -0.98180362 0.16362878 -0.10709432 -0.99425139 0.00050488 -0.2480078 -0.724926 0.64264068 -0.26096206 -0.63256172 0.72923649 -0.02966261 0.7865767 -0.6167855 0.86086141 -0.2171539 -0.46017661 0.85112093 -0.24225769 -0.46573513 0.30707077 -0.88742559 -0.34379129 0.14916422 -0.92796173 -0.34153168 0.21165492 -0.92205878 -0.32406424 0.06858765 -0.93901141 -0.33699433 0.02296409 -0.92796512 -0.37195916 0.66531089 0.12623204 0.73581935 0.5726515 0.7661444 0.29171788 0.41993665 0.89928846 0.12223368 0.0832707 -0.9904333 -0.1100492 0.13146392 -0.98378553 -0.12206352 0.0832707 -0.9904333 -0.1100492 0.03486896 -0.99460103 -0.09775932 -0.19739721 0.84295343 -0.50048911 -0.41370883 0.70344896 -0.5779348 -0.73538757 0 -0.6776624 -0.79693611 0.30727415 -0.52007395 -0.75207866 0.11428954 -0.64909354 -0.02611056 0.69718609 0.71642209 -0.4501166 -0.72226692 -0.52510118 -0.26027259 -0.80865411 -0.52757674 -0.4501166 -0.72226692 -0.52510118 -0.62037918 -0.60445896 -0.49978211 0.40663563 0.6903877 -0.59835166 -0.62234667 0.7255652 -0.29370036 -0.46589219 0.05722376 -0.88299631 -0.46589889 0.05720705 -0.88299285 -0.03990821 0.87732099 -0.47824841 -0.6141617 0.74087263 -0.27189203 -0.63712952 0.72553111 0.26015692 -0.73290861 -0.15409852 0.66264984 -0.61698374 0.6059126 0.50220286 -0.78354389 -0.06298983 0.61814371 0.13926339 -0.93735148 -0.31935297 0.53623116 -0.8200417 -0.19998738 0.56065601 -0.79628093 -0.22716994 0.17489823 -0.93145265 -0.31907789 0.10281803 -0.96268364 -0.25036054 -0.42738037 0.90230509 -0.05649657 -0.1892677 0.97549607 -0.1122461 -0.21500956 0.94632645 -0.24135638 -0.43729388 0.8723173 -0.21871593 -0.17850407 0.81198273 -0.55574095 0.40101998 0.86415313 0.30401964 0.31942217 0.93508359 -0.15360652 0.62256375 0.74569798 -0.237409 -0.79513175 0.54438257 0.26726373 0.06292673 0.856907 -0.51162594 -0.77977914 0.57043439 0.25800025 0.82637064 0.08970737 -0.55594307 0.89593689 0.16586109 -0.41206162 0.10144666 -0.99204453 -0.07459434 0.10144666 -0.99204453 -0.07459434 0.07703815 -0.99692865 -0.01424452 0.12542283 -0.98293247 -0.13462625 -0.91601874 -0.28555723 0.28172796 -0.84073685 -0.32007225 0.43671878 0.66021493 0.64955589 0.37709902 0.75162078 0.59941071 0.27530648 0.7214805 0.68691537 0.0872662 0.16697806 0.97892447 0.11759788 0.80062417 -0.59916061 -0.00380632 0.03052715 0.9214554 0.38728337 0.69848004 0.47620134 0.53418916 0.9130043 0.1187604 0.39028771 0.4729776 -0.47493233 -0.74211884 0.17659905 -0.57622307 -0.79799147 0.17659905 -0.57622307 -0.79799147 -0.1376557 -0.6191856 -0.77308757 -0.60023233 0.77410275 -0.20122958 0.80730264 -0.51770174 0.28331562 0.69190887 0.30549349 0.65417663 0.91763439 0.24805848 -0.31050832 0.90191664 0.06720507 0.42666249 0.91763439 0.24805848 -0.31050832 0.40445872 0.28593936 -0.86871265 0.16451014 0.91416474 -0.37047516 0.4835135 0.38623284 -0.78552026 -0.77288157 0.63437942 -0.01483618 -0.42368053 -0.8321545 -0.35781269 -0.38404943 -0.88475852 -0.26403268 -0.36539285 -0.90204855 -0.2298008 -0.31101404 -0.94811149 -0.06609115 -0.29531261 -0.95528623 -0.01487524 -0.0815597 0.72723723 -0.68153873 0.49646618 -0.11282838 -0.86070327 0.47159477 -0.01716766 -0.88165669 -0.26515719 0.31402246 0.9116415 -0.39121507 0.29985931 0.87008504 -0.43451702 0.32446121 0.84019153 -0.50921726 0.28055849 0.81362502 -0.54557067 0.24923923 0.80015699 -0.12804093 0.28423327 0.9501697 0.24468998 -0.36259128 0.89925848 0.84654747 -0.18935763 0.49750971 -0.12447824 -0.33512567 0.93391516 0.97865053 -0.14908316 0.14150477 -0.65840069 -0.48236387 0.57779347 -0.81377975 -0.40415393 0.41764187 -0.84571843 -0.52096867 -0.11561581 -0.85464929 -0.4076372 -0.32159056 -0.62466911 -0.52187895 -0.58088952 -0.63819352 -0.35560377 -0.68283728 0.46604901 -0.35639714 -0.80980436 0.66057733 -0.41532524 -0.62542108 0.31601383 -0.43467607 -0.84333084 0.85997097 -0.16729928 -0.48214831 -0.89864914 -0.20669132 -0.38692971 -0.65241805 -0.15882273 -0.74103928 0.50926357 -0.04609173 -0.85937958 0.82596431 -0.02834651 -0.56302118 0.86156867 -0.11219094 0.49509659 0.87782292 -0.10882413 0.46647116 -0.78559519 -0.22252014 0.57735073 -0.86021917 -0.23670953 0.45165496 -0.01449872 -0.23984175 0.97070386 -0.09136999 -0.21197002 0.97299667 -0.81276409 -0.13400578 -0.56697356 -0.65785 -0.09936979 -0.74657143 0.49930304 -0.0262968 -0.86603205 0.91107049 -0.03524834 -0.41075768 -0.28526243 -0.27794545 0.91726686 -0.94902833 -0.22017335 0.22558125 0.68160048 -0.19456023 0.70539183 0.20260625 0.22545776 0.9529564 0.31487156 0.41602202 0.85311006 -0.37841816 0.19141061 0.90563615 -0.37187956 0.09298923 0.92361613 0.90308048 0.24315653 0.35401531 0.86895017 0.47833218 0.12704342 0.93319549 0.23742557 -0.26978903 0.77299578 0.4873487 -0.40617021 0.48265388 0.28380605 -0.82856081 0.36688586 0.48825677 -0.79184414 -0.38959335 0.4920597 -0.77852894 -0.46688234 0.108948 -0.87759273 -0.96471097 0.06142929 -0.25606641 -0.94724133 0.29772669 -0.11877025 -0.03063422 -0.93631973 0.34981154 0.13042774 -0.92221244 0.36403824 -0.05576635 -0.85779886 0.51096189 0.35349597 -0.88959233 0.2892574 0.15133316 -0.94556918 0.28810408 -0.10163395 -0.95291301 0.28571069 -0.09638075 -0.93889799 0.33043103 0.02102004 -0.92300542 0.3842244 -0.98375871 0.17944212 0.006757 -0.99107613 0.03992339 0.12721207 -0.6281983 0.61899939 -0.47140538 0.76513321 0.4917145 -0.41568624 0.62321183 0.72758544 0.28677454 0.03821051 0.41065719 -0.91098871 0.01846084 0.91887643 -0.39412441 0.18823719 0.96564241 -0.1791837 -0.21367607 0.94359334 -0.25295701 0.07262185 0.69022349 0.71994687 -0.20207261 0.83231447 0.51617032 0.03425958 0.97912641 0.20035011 -0.08368299 0.98812916 0.12887684 -0.2938371 0.94190945 -0.16272307 0.1993151 0.97919108 0.03827284 -0.97058942 0.17082029 0.16969455 -0.66435006 -0.00515447 0.74740697 0.46791398 0.1337568 0.87359343 -0.17908546 0.39187052 0.90242751 0.67375788 0.10761299 0.73107744 -0.28661316 0.21170784 0.9343666 -0.90730687 0.23716459 0.34720249 -0.88127582 0.45379632 0.13205943 -0.9368551 0.23206142 -0.26164212 -0.77797068 0.48696025 -0.39704813 -0.48265233 0.28380492 -0.82855962 -0.36688586 0.48825701 -0.79184408 0.38959335 0.49205964 -0.77852888 0.46688234 0.10894796 -0.87759255 0.81380276 0.1951133 -0.54741853 0.78942967 0.35956676 -0.49752393 -0.14866156 -0.94709923 0.28445058 0.05788729 -0.9530808 0.29715234 -0.11285932 -0.95801272 0.26359769 -0.35349597 -0.8895921 0.28925737 -0.21903109 -0.93428304 0.28134357 0.11021356 -0.94772174 0.29947325 0.19252248 -0.93344786 0.30267449 0.15562869 -0.93393083 0.32180767 0.69067172 0.6397408 0.33722503 0.99556377 -0.07530272 0.05652105 0.66623846 0.73031188 -0.15092279 -0.76513321 0.49171438 -0.41568621 -0.62321183 0.72758502 0.2867746 -0.03821097 0.41066207 -0.91099944 -0.01846084 0.91887649 -0.39412438 -0.18823719 0.96564223 -0.17918368 0.5487743 0.48360532 -0.68190214 0.14964835 0.93014975 -0.33530508 -0.07262185 0.69022349 0.71994681 -0.03425958 0.97912647 0.2003501 0.22711582 0.97160246 -0.06648832 0.27533998 0.94659777 -0.16781032 -0.1993151 0.97919084 0.03827291 0.96564176 0.24739673 0.07959718 0.86890237 0.08810621 0.48708319 0.53108125 0.48008423 -0.69819734 0.00736809 0.66383079 -0.74784697 0.00736809 0.66383079 -0.74784697 -0.01163178 0.85964428 -0.51076233 0.55700081 -0.06010108 -0.82834594 0.55127692 -0.04189569 -0.83327679 -0.11589883 -0.13833288 -0.98358854 -0.29984447 -0.15172688 -0.94184711 0 -1.00000381 0 0 -1.00000524 0 0 -1.00000655 0 0 -1.0000025 0 0 -1.00000393 0 0 -1.00000286 0 0 -1.00000619 0 0 -1.00000786 0 0 -1.00000417 0 0 -1.0000019 0 0 -1.00000095 0 0 -1.00000095 0 0 -1.00000095 0 -0.87058083 0.03851866 0.49052855 -0.7604918 0.11771938 0.63858935 -0.51770359 0.12691588 0.84610037 -0.36217184 0.13954248 0.92160728 -0.3987772 0.66878286 0.62746284 -0.57768809 0.65612308 0.48557629 -0.23830981 0.85903452 0.45306968 -0.70150662 0.55313748 0.44936498 -0.71296591 0.67993423 0.17137756 -0.87322859 0.4681062 0.13546153 -0.25792178 0.96480127 0.05141204 -0.97362604 0.22287144 -0.04890595 -0.66805676 0.68119601 0.29945978 -0.98920645 -0.08826454 0.11698993 -0.98929604 -0.11917491 0.08426842 -0.96680858 -0.239056 -0.09020021 -0.97731175 -0.17915571 -0.11300785 -0.93296339 -0.21640619 -0.28766509 -0.95276179 -0.08284982 -0.29220324 -0.93725314 -0.20211301 -0.28408935 -0.28696316 0.93368341 -0.21425039 -0.28696316 0.93368341 -0.21425039 -0.77110625 0.54085081 -0.33598907 -0.62182936 0.48408218 -0.61562786 -0.77332694 0.35243283 -0.52703195 -0.38975747 0.47784098 -0.78725953 -0.75686563 -0.1909621 -0.62505922 -0.93871202 -0.20221371 -0.2791627 -0.93773003 -0.20572216 -0.27991115 -0.76206953 -0.20805507 -0.61317238 0.53262043 0.79189755 -0.29871934 -0.0281647 0.98379042 -0.17710512 0.26725947 0.94055667 -0.20958906 0.19125986 0.78570689 0.58829289 0.4337288 0.828979 0.35310303 0.29915061 0.95347538 0.0374353 0.82509963 0.50821691 0.24683825 0.80853049 0.58461302 0.06717363 0.94062795 0.25623124 -0.22263967 0.87065504 0.46767588 -0.15244931 0.98549338 0.03000897 -0.16704693 0.36656339 0.19007405 0.9107786 0.38567658 0.15862748 0.90889986 0.95345732 0.07145594 0.29295411 0.95869007 0.05711037 0.27867903 0.97918476 0.20178647 0.02198884 0.64922556 0.62398395 0.43493255 0.95177372 0.03245078 -0.30508111 0.98773505 -0.04040102 -0.15083798 0.99918523 0.02000361 0.03515546 0.99884512 -0.01947116 0.04402582 0.97399255 -0.07319159 -0.21444458 0.96234508 -0.14236652 -0.23157381 0.17717425 0.7883224 0.58921045 -0.23613452 0.8676614 0.43751471 0.9977183 -0.06613008 -0.01384229 0.98917021 -0.14633493 0.01236184 0.73908228 0.61281917 0.27968346 0.39289357 0.91301819 -0.1097168 0.28151923 0.84247576 0.45933949 -0.25224813 0.8506354 0.46131342 -0.75726903 0.6150299 -0.21976397 -0.7134105 0.48032727 0.51024371 -0.65845201 -0.50647318 0.55671853 -0.53943604 -0.07211668 0.83894215 -0.38015063 -0.46618267 0.79885204 -0.1542065 0.23542797 0.95958086 -0.05660168 0.73640037 0.67417565 0.02277463 0.21322273 0.9767396 -0.77478672 -0.23983129 0.58497709 -0.67438701 0.0559551 0.73626376 -0.8349453 -0.25389137 0.48827459 -0.26652639 0.45095586 0.85183393 0.12346863 0.65375683 0.74656618 0.17357414 0.66622719 0.72527391 -0.63727591 0.68027684 0.36208577 -0.7836299 0.24445467 0.57111191 -0.7836299 0.24445467 0.57111191 -0.53108137 0.48008706 -0.6982008 -0.00736826 0.66383317 -0.74784989 -0.00736826 0.66383317 -0.74784989 0.01163178 0.8596441 -0.51076227 -0.55700081 -0.06010069 -0.82834588 0.11590248 -0.13833266 -0.98358794 -0.55127692 -0.04189541 -0.83327667 0.29984998 -0.15172217 -0.94184991 0 -1.00000262 0 0 -1.00000345 0 0 -1.0000025 0 0 -1.00000262 0 0 -1.00000393 0 0 -1.00000286 0 0 -1.00000393 0 0 -1.00000166 0 0 -1.00000703 0 0 -1.00000512 0 0 -1.00000476 0 0 -1.00000381 0 0 -1.00000154 0 0.87057356 0.03853477 0.49052709 0.51770234 0.12692253 0.84609483 0.76049233 0.11773653 0.63859096 0.36217649 0.13954324 0.92161258 0.39878197 0.66877547 0.62746516 0.23830978 0.85903494 0.45306789 0.57770049 0.65611169 0.48557614 0.70151968 0.55312872 0.44936912 0.71296651 0.67994025 0.17137697 0.87321751 0.46812957 0.135465 0.25792178 0.96480157 0.05141097 0.97362467 0.22288277 -0.04890268 0.66805408 0.68120036 0.29947248 0.98921134 -0.08825915 0.1169924 0.98929604 -0.11917681 0.08426842 0.96680858 -0.23905692 -0.09020053 0.97731175 -0.17915713 -0.11300803 0.9329687 -0.21640777 -0.28766655 0.95276447 -0.08283951 -0.2922061 0.93726369 -0.20211526 -0.28409224 0.28696566 0.9336759 -0.21424793 0.77111149 0.54084837 -0.33598949 0.28696566 0.9336759 -0.21424793 0.6218448 0.48406987 -0.61562857 0.77333403 0.35242964 -0.52703207 0.38976581 0.47783108 -0.78725613 0.75686331 -0.19094881 -0.6250582 0.93773003 -0.20570762 -0.27991532 0.93871202 -0.20221408 -0.27917107 0.76206572 -0.2080303 -0.6131722 0.0281653 0.98378946 -0.17710512 -0.53262043 0.79189731 -0.29871931 -0.26725947 0.94055649 -0.20958904 -0.19125986 0.78570683 0.58829277 -0.43373003 0.82897685 0.35310428 -0.2991521 0.95347436 0.03743606 -0.82509963 0.50821673 0.24683826 -0.80853645 0.58460545 0.06717889 -0.94062795 0.2562313 -0.22263972 -0.87065504 0.46767574 -0.15244931 -0.98549559 0.03002451 -0.16704744 -0.36656339 0.19007417 0.91077854 -0.38567461 0.15863588 0.90890219 -0.95868667 0.05714129 0.27868273 -0.95345559 0.07147989 0.29295596 -0.97918453 0.20178635 0.02198494 -0.64923051 0.62397865 0.43492203 -0.95177372 0.03245154 -0.3050812 -0.98773505 -0.04038954 -0.15084153 -0.99918523 0.02003591 0.03515554 -0.99884512 -0.01943901 0.04402593 -0.97399696 -0.07316087 -0.21444555 -0.96235373 -0.14233682 -0.23157582 -0.17717143 0.78832538 0.58921098 0.23613261 0.86765341 0.43752103 -0.9977183 -0.06611362 -0.01384737 -0.98917021 -0.1463031 0.01235179 -0.73908574 0.61281654 0.27966975 -0.39289357 0.91301813 -0.10971679 -0.28152131 0.84248064 0.45933791 0.2522473 0.85062997 0.46131628 0.75726611 0.61503276 -0.21976706 0.71340615 0.48032009 0.51025849 0.26515719 0.31402252 0.91164162 0.43451702 0.32446129 0.84019165 0.39121507 0.29985943 0.87008516 0.50921726 0.28055861 0.81362526 0.54557067 0.24923936 0.80015735 0.12804093 0.2842333 0.95016976 -0.75546218 0.60911164 -0.24137648 -0.23987503 0.44044589 -0.86514567 0.66297409 0.73603601 0.13681785 0.91367664 -0.15629655 -0.3751948 0.60392806 0.09249757 0.79166562 0.05411075 0.35199382 0.93443992 0.75546218 0.60912517 -0.24134474 -0.66294983 0.73605479 0.13684368 0.23989538 0.44046395 -0.86513345 -0.91367312 -0.15629528 -0.37520404 -0.60392806 0.09249752 0.79166527 -0.05411075 0.35199373 0.93443974 0.19640918 0.12767095 0.9721774 -0.16861341 0.10215009 0.9803768 0.78210349 -0.46850102 0.41089245 0.38092352 -0.45717289 0.80367635 0.55727833 -0.09438049 0.82495473 -0.21257847 0.30525182 0.92824491 -0.31146173 0.68291119 0.6607807 -0.48597797 0.31634207 0.81471579 0.68814942 -0.20177606 0.6969587 0.69678233 -0.38652618 0.60424134 0.62717298 0.07212293 0.77553851 0.35646685 0.61951551 0.69938294 -0.00307435 0.88510989 0.4653845 0.05563739 0.86262296 0.50278872 0.37262948 0.91064062 0.17855402 0.7047214 0.45970901 0.54041117 0.7047214 0.45970901 0.54041117 -0.02727005 0.64709702 -0.76192404 -0.02283655 0.1727942 -0.98469617 0.14465732 0.6623874 -0.73506499 -0.16844093 0.34839801 -0.92209591 -0.13487826 -0.32705076 -0.93533387 -0.0315413 -0.33173768 -0.94284811 -0.18584373 -0.07195726 -0.97994794 0.86360846 0.49558037 0.09273038 0.99127933 0.04559835 0.12371272 0.3500817 0.03933638 0.93589856 0.30500246 -0.0625496 -0.9502994 0.98741796 -0.15811634 -0.00484833 0.16152001 -0.52892249 0.83316265 -0.6311082 -0.60414597 -0.4865291 -0.96180393 -0.19247317 0.19469149 0 -0.55179095 -0.83399759 0 -0.00531238 0.99998774 0.9870279 -0.01485331 0.15988013 0 -0.65859947 0.75249423 0.62012401 -0.55532437 -0.55415004 0 -0.02687136 -0.9996415 0.63339856 0.52154737 -0.57166272 0 0.65017328 0.75978822 -0.63339856 0.52154749 -0.57166296 -0.9870279 -0.01485321 0.15988008 -0.62012401 -0.55532425 -0.55414992 0 -0.01063778 0.99994471 0 0.64850769 0.76121301 0.98656412 -0.0250855 0.16145764 0.63649061 0.51467227 -0.5744608 -0.00000115 -0.04825441 -0.9988372 0.61767092 -0.56675946 -0.54523456 0.00000341 -0.65680066 0.75406558 -0.61767742 -0.56675446 -0.54522293 -0.98656317 -0.02507851 0.16146816 -0.63649056 0.51467227 -0.5744608 0 -0.06657648 0.9977838 0.9930472 0.05730514 0.10287085 0 -1.00000417 0.00272407 0 -0.02347496 -0.99973246 0.63703111 0.51959037 -0.56941181 0.00000438 0.64615825 0.76320792 -0.63704333 0.51958918 -0.56940567 -0.99304339 0.05729455 0.10288578 0.71578295 0 0.69832477 -0.00216517 0.00000274 1.00000751 -0.00251526 0.99996861 0.0085596 -0.70710785 0.00000386 0.70710731 -0.00250852 -0.99996265 0.00855952 -0.71557719 0.00000376 -0.69853923 -0.00246965 0.00000276 -1.00000047 0.72414226 0 -0.68965927 0.14219485 0.00970288 -0.98979112 0.13249644 -0.04045496 -0.99035832 0.05036734 0.99874272 0.00000131 0.14219593 0.00970295 0.98979863 0.15151873 0.05981372 0.98664661 0.26357647 0.9646435 0 -0.53178185 0.84688143 0 0.09699495 0.99529078 0 -0.82546709 0.56446653 0 -0.70596475 -0.70825041 0 -0.70596386 -0.70824981 0 0.00964313 -0.99996378 0 0.22509456 -0.97433831 0 0.0056149 -0.9999884 0 0.0045671 0.99999865 0 -0.99890067 0.04696099 0 -0.98698839 -0.16082055 0 0.10938811 -0.061161 -0.99211993 0.15151871 0.05981365 -0.98664661 0.1441285 0.06570015 -0.98738076 0.13249643 -0.04045504 0.99035826 0.10938805 -0.0611611 0.99211981 0.14412848 0.06570025 0.98738076 -0.14133636 0.00963582 -0.98991694 -0.15068321 0.06048036 -0.9867362 -0.14133638 0.00963582 0.989917 -0.13160675 -0.0412552 0.99044462 -0.25916939 0.96583905 0 -0.09430534 0.99554326 0 0.53178185 0.84688143 0 0.82546709 0.56446635 0 0.70596475 -0.70825029 0 -0.00658841 -0.99998137 0 0.70596386 -0.70824969 0 -0.21962278 -0.97559508 0 0.99890067 0.04696098 0 0.98698839 -0.16082034 0 -0.13160675 -0.04125513 -0.99044456 -0.10938811 -0.06116108 -0.99212017 -0.1441285 0.06570021 -0.98738094 -0.15068322 0.06048044 0.9867362 -0.10938805 -0.06116119 0.99212029 -0.14412848 0.06570031 0.98738094 -0.87053607 0.48671879 0.07274603 -0.3500817 0.03933642 0.93589886 -0.99514683 0.04756079 0.0861635 -0.25884517 -0.07605635 -0.96292849 -0.98760994 -0.14673936 -0.05575262 -0.16152001 -0.52892243 0.83316277 0.64246974 -0.61564258 -0.45632448 0.95837166 -0.18718774 0.21561227 0 -0.55179113 -0.83399789 0 -0.00531238 0.99998804 0 -0.65859959 0.75249429 -0.9870279 -0.01485334 0.15988026 -0.62012401 -0.55532467 -0.55415016 0 -0.02687136 -0.99964168 -0.63339856 0.52154761 -0.57166296 0 0.6501734 0.7597884 0.63339856 0.52154749 -0.57166308 0.9870279 -0.01485324 0.15988004 0.62012401 -0.55532437 -0.55415004 0 -0.0106378 0.99994501 -0.98656412 -0.02508554 0.16145779 0 0.64850786 0.76121313 -0.63649061 0.51467239 -0.5744608 0.00000115 -0.04825446 -0.99883749 -0.61767092 -0.56675982 -0.54523474 -0.00000341 -0.65680084 0.75406588 0.61767742 -0.56675446 -0.54522305 0.98656317 -0.02507848 0.16146814 0.63649056 0.51467227 -0.5744608 0 -0.0665765 0.99778416 0 -1.00000452 0.00272407 -0.99304535 0.05730387 0.10287008 0 -0.02347495 -0.99973287 -0.63702843 0.51958888 -0.56941342 -0.00000214 0.64615694 0.76320715 0.63704333 0.5195893 -0.56940591 0.99304339 0.05729455 0.10288578 -0.71578295 0 0.69832501 0.00251526 0.99996867 0.0085596 0.00216517 0.00000276 1.00000762 0.70710785 0.00000386 0.70710731 0.00250852 -0.99996289 0.00855952 0.71557719 0.00000376 -0.69853923 0.00246965 0.00000273 -1.00000071 -0.72414226 0 -0.68965957 -0.14219485 0.00970287 -0.98979112 -0.15151871 0.05981364 -0.98664661 -0.05036745 0.99874284 -0.00000174 -0.14219485 0.00970287 0.98979112 -0.13249643 -0.04045505 0.99035838 -0.26357647 0.9646435 0 -0.09699495 0.99529078 0 0.53178185 0.84688143 0 0.82546709 0.56446653 0 0.70596475 -0.70825053 0 -0.00964313 -0.99996384 0 0.70596386 -0.70824987 0 -0.22509456 -0.97433831 0 -0.0056149 -0.9999884 0 -0.0045671 0.99999865 0 0.99890067 0.04696106 0 0.98698839 -0.16082049 0 -0.13249644 -0.04045497 -0.99035838 -0.10938811 -0.06116102 -0.99212005 -0.1441285 0.06570015 -0.98738076 -0.15151874 0.05981372 0.98664661 -0.10938805 -0.06116113 0.99212005 -0.14412848 0.06570024 0.98738076 0.14133636 0.00963582 -0.989917 0.13160675 -0.04125509 -0.99044462 0.14133636 0.00963582 0.989917 0.15068322 0.0604804 0.98673626 0.25916939 0.96583911 0 -0.53178185 0.84688161 0 0.09430534 0.99554326 0 -0.82546709 0.56446659 0 -0.70596475 -0.70825053 0 -0.70596386 -0.70824987 0 0.00658841 -0.99998143 0 0.21962278 -0.97559508 0 -0.99890067 0.04696112 0 -0.98698839 -0.16082046 0 0.10938811 -0.06116102 -0.99212005 0.15068321 0.06048033 -0.98673626 0.1441285 0.06570015 -0.98738082 0.13160675 -0.04125517 0.99044462 0.10938805 -0.06116113 0.99212005 0.14412848 0.06570024 0.98738082 -0.39412178 -0.03284765 0.91847767 -0.68589714 0.08478447 0.72274274 -0.42824014 0.33449872 0.83948462 -0.68952289 0.42835172 0.58402264 -0.40137802 0.65424875 0.64099088 -0.10964397 0.53657025 0.83670752 -0.10599388 0.19303386 0.97545185 0.39413329 -0.03285018 0.9184673 0.4282455 0.33449824 0.83948366 0.68589714 0.08478465 0.72274322 0.68952289 0.42835205 0.58402252 0.40137802 0.65424893 0.640991 0.10964438 0.53657132 0.83670805 0.10600979 0.19303366 0.97545638 0.10429016 -0.32662441 0.9393908 -0.38835497 -0.11572305 0.91422154 -0.41618778 0.3801138 0.82601856 -0.14956843 0.23034216 0.96154787 0 -0.63345656 0.77377833 0.77397037 -0.62136486 -0.12201317 0.05884738 -0.4952656 0.86675523 -0.43932753 -0.37751449 0.8151596 -0.59882849 -0.19569465 0.77660716 -0.7448299 0.14548399 0.65120837 -0.27049523 -0.94092609 -0.20372667 -0.85741238 0.16559685 0.48727112 -0.31051321 0.22364948 -0.92388972 0 -1 0 -0.32997338 0.70605309 0.62659422 0.34697471 -0.11897498 -0.93030556 0.8403741 -0.14831516 -0.52132844 0.23719197 -0.11678612 -0.9644226 0.53175681 -0.51866847 -0.66949544 0 -1 0 0.78091366 -0.03082582 -0.62388459 0.54221648 0.7068947 -0.45422506 -0.78011895 -0.06439761 -0.62231007 -0.54220414 0.70689011 -0.4542368 -0.71448833 -0.68063465 -0.16201023 -0.08827024 -0.37496485 0.92282875 0.43267642 0.38993488 0.8128712 0.39447729 -0.11824748 0.9112738 0.1724565 0.22002729 0.96012934 -0.01528637 -0.58189237 0.81312446 0.44830515 -0.37089161 0.81330637 0.74537719 -0.50606244 0.43396147 0.77704842 0.1285122 0.61618599 0.20915963 -0.94419612 -0.25445336 0.94519218 0.10290147 0.30987994 0.30858697 0.33172573 -0.89148675 0 -0.6 0.8 0.39925303 0.6643059 0.63190344 -0.23778961 -0.14065752 -0.96108719 -0.53481823 -0.54629403 -0.64462534 0 -1 0</float_array>
          
            <technique_common>
              <accessor source="#obelix_geom_normals_array" count="2109" stride="3">
                <param name="X" type="float"/>
                <param name="Y" type="float"/>
                <param name="Z" type="float"/>
              </accessor>
            </technique_common>
          </source>
        
          <source id="obelix_geom_tangents" name="tangents">
            <float_array id="obelix_geom_tangents_array" count="6327">0.95608153 0.14174608 0.25655767 0.99699166 -0.05721234 0.05238563 0.95500906 0.14342354 0.25961556 0.99705639 -0.05667381 0.05171973 0.9405789 -0.15522453 0.30202658 0.88463019 -0.07942905 0.4595029 0.92598148 -0.12742328 0.35541968 0.99913665 -0.03737438 0.01817114 0.90655663 -0.27013316 0.32432662 0.91258498 -0.26142227 0.3144042 0.80681108 -0.32289623 0.49478101 0.77241457 -0.28225609 0.56896561 0.99200394 -0.11965019 -0.04016059 0.99096122 -0.12771493 -0.04114659 0.96805485 -0.22710188 0.10631169 -0.40650107 0.00944059 -0.91360553 -0.38709588 -0.01111459 -0.92197599 -0.40650107 0.00944059 -0.91360553 -0.45726474 -0.01143649 -0.88926117 0.00348947 0.06391941 -0.99795344 0.00018667 0.06722154 -0.99773821 0.00348947 0.06391941 -0.99795344 0.00018471 0.05417989 -0.99853494 0.43236699 0.11864051 -0.8938667 0.4403026 0.11026319 -0.89106326 0.43236699 0.11864051 -0.8938667 0.41561376 0.11627719 -0.90208348 0.88542424 0.07027786 -0.45944824 0.88542347 0.07027928 -0.45944946 0.88542347 0.07027928 -0.45944946 0.88542215 0.07028143 -0.45944949 0.9889945 0.01207593 -0.14750273 0.98904641 0.01177187 -0.1471783 0.99570211 -0.06762448 -0.06337703 0.99577954 -0.06706986 -0.06266788 -0.40664928 0.12922291 -0.90440746 -0.38189073 0.13454727 -0.91437389 -0.40664928 0.12922291 -0.90440746 -0.43177833 0.12681595 -0.89302157 -0.02109029 0.00344306 -0.9997718 -0.02297095 0.00330301 -0.99973669 -0.02297095 0.00330301 -0.99973669 -0.02467205 0.00049638 -0.99970122 0.36828203 -0.06498148 -0.92744722 0.40999143 -0.05160849 -0.91063358 0.40999143 -0.05160849 -0.91063358 0.46619143 -0.07455775 -0.88155238 0.8382198 -0.04062984 -0.54381793 0.83072923 -0.04696341 -0.55469245 0.83072923 -0.04696341 -0.55469245 0.82192318 -0.04760538 -0.5676108 0.98109581 -0.02073804 -0.19246199 0.98296448 -0.01634296 -0.18307094 0.99796607 0.05781638 -0.02703886 0.99833485 0.05132933 -0.02635128 -0.43379711 0.01182631 -0.9009346 -0.44799997 0.01699237 -0.89387571 -0.43379711 0.01182631 -0.9009346 -0.39159601 0.10385698 -0.91426011 -0.00961874 0.0329608 -0.99941357 -0.00961874 0.0329608 -0.99941357 -0.01316998 0.03392073 -0.99934008 -0.0141061 0.00344095 -0.99990007 0.40652766 0.07909154 -0.9102089 0.40758725 0.07877016 -0.90976359 0.40652766 0.07909154 -0.9102089 0.37995837 -0.02313012 -0.92472627 -0.84990863 0.04876538 0.52467954 -0.83822594 0.04063011 0.54382193 -0.84990863 0.04876538 0.52467954 -0.885428 -0.07028187 0.4594525 -0.99883135 0.04428608 0.01945465 -0.99868377 0.04656315 0.02165506 -0.986887 -0.01814819 0.16042679 -0.98108759 0.02073788 0.19246037 -0.83038245 0.01682364 -0.55694741 -0.82546858 0.01374773 -0.56429165 -0.82546858 0.01374773 -0.56429165 -0.77521551 0.16601978 -0.60950103 -0.84702979 -0.07841484 -0.52573275 -0.8454868 -0.08255666 -0.52760243 -0.74725128 0.25084653 -0.61538932 -0.73960651 0.25305199 -0.62366155 0.00691484 0.99301108 -0.11782429 0.04611172 0.88864599 0.45628189 0.31475632 0.93700065 -0.15152624 0.30409173 0.79677958 0.52217942 0.15395261 0.57101547 0.80637453 0.15395324 0.57101547 0.80637453 0.0678745 -0.15505215 0.98557814 -0.10152501 -0.38380109 0.91782286 0.09930064 -0.14541166 0.98438074 0.16872174 -0.57931601 0.79745478 -0.21893609 -0.89971332 0.37760974 0.07819122 -0.97404249 0.2124375 -0.28152012 -0.89008944 -0.35845293 0.01167959 -0.87663202 -0.48102688 -0.27635904 -0.40326383 -0.87236152 0.13221555 -0.29436698 -0.94650735 -0.16852612 0.36657338 -0.91500308 0.21707375 0.50934088 -0.83274029 0.17983323 0.77844513 -0.60140142 -0.21221223 0.89986079 -0.38107862 0.04778174 0.88846897 0.45644399 -0.0528183 0.04553655 0.99757167 0.10253313 0.10154513 0.9895406 -0.15126106 -0.67219731 0.72476066 -0.29377085 -0.95522412 0.03543172 -0.3206733 -0.56052529 -0.76354004 -0.13807231 0.77849943 -0.61228219 0.37161489 0.83134507 -0.413253 0.3279605 0.75326605 0.57012808 0.23591547 -0.28744971 0.92829176 0.08151274 -0.06092726 0.99481656 0.15603557 -0.96018149 0.23177593 0.0224426 -0.71312083 -0.70068742 -0.84758 -0.05578897 -0.52773696 -0.86455743 -0.17729101 -0.47022452 -0.98736133 -0.08831383 -0.13160003 -0.56338328 0.0163708 -0.82603971 -0.9967806 -0.03613311 -0.07167391 -0.92323651 -0.20797402 -0.32308687 -0.50948834 -0.02691532 -0.86006491 -0.51012593 -0.7575692 -0.40727128 -0.48072644 -0.82417087 -0.29940867 -0.76717133 -0.6367493 -0.07745569 -0.81119631 -0.58297044 -0.04600679 -0.54933708 -0.81983982 -0.1615296 -0.09138036 -0.7341075 -0.67285743 -0.14810275 -0.75673402 -0.63673237 -0.20710284 -0.72191555 -0.66027102 -0.22800275 -0.79156161 -0.56696808 -0.58798301 -0.64000651 -0.494652 -0.64655861 -0.60121289 -0.46958821 -0.33647145 -0.80628536 -0.48651587 0.25340822 -0.63669148 -0.72829343 0.1924899 -0.66780374 -0.71901751 -0.04104666 -0.81881647 -0.57259124 -0.09382592 -0.88498412 -0.45608275 -0.46930527 -0.71792985 -0.51414233 -0.52119708 -0.65976104 -0.5413602 -0.26141968 -0.87660132 -0.40403618 0.45487865 -0.78295369 -0.42434778 0.39022012 -0.80591921 -0.44522335 0.38821499 -0.74417461 -0.54360562 0.28584191 -0.81173448 -0.50929617 0.03797483 -0.63076028 -0.77505237 -0.00523966 -0.58144772 -0.8135746 0.14704762 -0.81229256 -0.56441986 0.69336752 -0.70215262 -0.16195832 0.65347407 -0.72583414 -0.21479953 0.42196392 -0.80322175 -0.42045482 0.29519465 -0.8522123 -0.43197246 0.16033136 -0.64291421 -0.74897606 0.17862812 -0.56490242 -0.805593 0.22620704 -0.81834881 -0.52833461 0.58386266 -0.81062941 0.04466196 0.57800722 -0.81584845 -0.01755521 0.05210889 -0.87864475 0.47463583 0.05210889 -0.87864475 0.47463583 0.06410551 -0.88006173 0.47053482 0.04532228 -0.86933581 0.49215456 0.61867294 -0.67608264 0.40020751 0.61867294 -0.67608264 0.40020751 0.61513159 -0.67776623 0.40279968 0.61924586 -0.68230215 0.38858928 0.95576253 -0.22573968 0.18860767 0.99871393 -0.03944417 -0.03194127 0.95446058 -0.2285032 0.19181664 0.99862983 -0.03996199 -0.03398219 -0.99989929 -0.00131413 -0.01413632 -0.94682409 -0.32135559 0.01634963 -0.99986567 -0.00163939 -0.01642767 -0.94377055 -0.31632785 0.09618503 -0.56322407 -0.77341366 0.29090392 -0.56322407 -0.77341366 0.29090392 -0.56137788 -0.77483339 0.29067748 -0.55243742 -0.76251585 0.33673875 0.99958893 0.0257586 -0.0131356 0.95891537 0.15404376 0.23825482 0.95672651 0.15505078 0.24623885 0.9778076 0.13297225 0.16192398 0.98025413 0.08750699 0.17734002 0.99827673 -0.0573276 0.01307131 0.99674984 0.06085384 -0.05289701 -0.82944248 -0.2933529 -0.47536375 -0.7808587 -0.41367133 -0.46813329 -0.95445122 0.12241455 -0.27212145 -0.9747736 0.11908463 -0.18881101 -0.99833985 0.04589606 -0.03488909 -0.66498146 -0.40318798 -0.62868664 -0.8170322 -0.29835692 -0.49340241 0.36139004 0.41676237 0.83409516 0.19159244 0.4489692 0.87277226 -0.5066086 -0.35103531 -0.7874871 -0.30679394 -0.57393079 -0.75927288 0.34720747 -0.47149553 -0.81065206 0.13076588 -0.44334428 -0.88676672 0.35581566 -0.43894174 -0.82506649 0.42834561 -0.5357989 -0.7276317 0.98347636 -0.17103032 -0.0594867 0.85519205 -0.01718022 -0.51803523 0.99266794 -0.1194975 -0.01858571 -0.60477826 0.17796702 0.77626771 -0.5802617 0.1779258 0.79476238 -0.94526472 0.06498377 0.31977321 -0.93979766 0.06530819 0.33543859 -0.94526472 0.06498377 0.31977321 -0.9386464 0.17916482 0.29470098 0.94589295 -0.21882994 -0.23959672 -0.05206252 -0.20021588 -0.9783751 0.9890367 -0.05884739 -0.13543935 0.85442607 0.4778374 -0.20404846 0.68376431 0.61088678 -0.39912106 0.95715209 -0.26176529 -0.12390202 0.63000104 0.69767526 -0.34110705 0.71091367 0.5943256 -0.37601606 0.99998733 0.00110601 -0.00598689 0.82827006 -0.30715184 -0.46865432 0.77697528 -0.42259674 -0.46661713 0.9950197 0.08264332 -0.0558355 0.80139927 -0.2768489 -0.53021019 -0.63575277 0.29111334 0.71489353 -0.34253503 0.40280678 0.84878062 -0.20359013 0.45332383 0.86778425 0.47974716 -0.36120213 -0.79961188 0.29747837 -0.58137101 -0.75731624 -0.12723928 -0.41985782 -0.89862977 -0.32459475 -0.46673845 -0.82268308 -0.36296989 -0.44129391 -0.82068728 -0.43106555 -0.53715235 -0.72502566 -0.78031547 -0.31849094 -0.53821986 0.7127713 0.2310556 0.66224703 0.84371935 0.2406797 0.47980412 -0.93567248 -0.17782506 -0.30480473 -0.94472702 -0.17763769 -0.27559166 0.67599902 -0.61318055 0.40871604 0.85811649 -0.4709466 0.20456807 0.6156514 -0.70776314 0.34648703 0.69876656 -0.6044173 0.38263558 -0.31770296 0.85294549 0.41420083 0.39253839 0.64237121 0.65824148 -0.21833933 0.85307889 -0.47390543 0.26576253 0.66259405 -0.70024861 0.45169794 -0.44496496 0.77328903 0.42366507 -0.78504569 0.45190185 0.38407026 -0.87115602 0.30591498 0.24228819 -0.36940966 -0.89712732 0.19170166 -0.34139456 -0.9201683 0.77037621 -0.24809567 0.58735245 0.2806828 0.62947527 0.72456432 0.45480933 0.56915003 0.68500224 -0.88480632 0.43238233 0.17372464 0.62636116 -0.08712524 0.77465738 0.84479205 -0.09932291 0.52580273 0.59338856 0.23518454 0.76979721 0.98819186 0.13852722 0.0655758 -0.53317028 0.10687798 0.83923773 -0.98968496 -0.12238033 0.07456371 0.90894391 0.29456871 0.2950578 0.63435415 0.09298247 0.76743764 -0.90339108 -0.07887969 0.42151799 0.62443498 0.09780843 0.77493519 0.45812433 0.50370234 0.73240925 -0.76448364 0.47282367 0.43819474 -0.5989685 0.10744397 0.79353191 0.70027292 0.23332565 0.67467484 0.31767778 0.85295074 0.41421007 0.21834191 0.85308288 -0.47389891 -0.39255239 0.64239463 0.65821085 -0.26573061 0.66257444 -0.70028961 -0.45176922 -0.44495173 0.77326018 -0.42366498 -0.78504581 0.45190176 -0.3840702 -0.87115602 0.30591498 -0.24228787 -0.36940966 -0.89712732 -0.19169391 -0.34138958 -0.92017098 -0.95608147 0.14174607 0.25655767 -0.95500901 0.14342357 0.25961556 -0.94057896 -0.15522456 0.30202658 -0.92598154 -0.12742328 0.35541974 -0.88463025 -0.07942908 0.45950293 -0.9065568 -0.27013319 0.32432665 -0.8068112 -0.32289626 0.4947811 -0.91258522 -0.26142227 0.31440414 -0.77241463 -0.28225609 0.56896567 0.40650119 0.00944056 -0.91360553 0.40650119 0.00944056 -0.91360553 0.38709609 -0.01111455 -0.92197599 0.45726474 -0.01143649 -0.88926117 -0.00348932 0.06391936 -0.99795344 -0.00348932 0.06391936 -0.99795344 -0.00018647 0.06722154 -0.99773821 -0.0001847 0.0541799 -0.99853494 -0.43236746 0.11864051 -0.8938667 -0.43236746 0.11864051 -0.8938667 -0.44030308 0.11026319 -0.89106326 -0.41561412 0.11627718 -0.90208348 -0.88542394 0.07027784 -0.45944821 -0.88542317 0.07027928 -0.45944943 -0.88542317 0.07027928 -0.45944943 -0.88542192 0.07028143 -0.45944949 -0.9889945 0.01207592 -0.14750274 -0.98904641 0.01177185 -0.1471783 0.38189684 0.13454726 -0.91437389 0.40691521 0.12891794 -0.90432395 0.40691521 0.12891794 -0.90432395 0.43177812 0.12681595 -0.89302157 0.02108477 0.00344306 -0.99977192 0.02296835 0.00330277 -0.99973675 0.02296835 0.00330277 -0.99973675 0.0246724 0.00049638 -0.99970122 -0.36828186 -0.06498147 -0.92744722 -0.40999 -0.05160925 -0.91063418 -0.40999 -0.05160925 -0.91063418 -0.46618604 -0.07455772 -0.88155232 -0.83821998 -0.04062985 -0.54381793 -0.83073024 -0.04696269 -0.55469131 -0.83073024 -0.04696269 -0.55469131 -0.82192896 -0.04760539 -0.56761086 -0.98109563 -0.02073804 -0.19246196 -0.9829643 -0.01634296 -0.18307091 0.43380033 0.0118273 -0.90093311 0.43380033 0.0118273 -0.90093311 0.448 0.01699235 -0.89387571 0.39160259 0.10385698 -0.91426011 0.00961551 0.03296153 -0.99941351 0.01316395 0.03392073 -0.99934008 0.00961551 0.03296153 -0.99941351 0.01410609 0.00344093 -0.99990007 -0.40652787 0.0790916 -0.91020908 -0.40652787 0.0790916 -0.91020908 -0.40758761 0.07877016 -0.90976371 -0.37995825 -0.02313015 -0.92472627 0.84990881 0.04876534 0.52467966 0.84990881 0.04876534 0.52467966 0.83822618 0.0406301 0.54382193 0.88542788 -0.07028189 0.45945256 0.986887 -0.01814819 0.16042679 0.98108759 0.02073787 0.19246039 0.83038293 0.01682363 -0.55694741 0.825469 0.01374768 -0.56429177 0.825469 0.01374768 -0.56429177 0.77521557 0.16601976 -0.60950103 0.84702979 -0.07841476 -0.52573263 0.84548716 -0.08255662 -0.52760243 0.74725122 0.25084653 -0.61538932 0.73960651 0.25305199 -0.62366155 0.84539459 -0.02929705 -0.53334117 0.98754503 -0.05668543 -0.1468189 0.86380123 -0.14387653 -0.48286029 0.56124645 -0.01686008 -0.82748072 0.99521669 0.03462044 -0.09139734 0.91786082 -0.15555058 -0.36515818 0.49400794 -0.02612832 -0.86906527 0.49020695 -0.7689829 -0.41033517 0.75515921 -0.64980409 -0.08660028 0.46155517 -0.83425067 -0.30166207 0.8007379 -0.59628266 -0.05716206 0.53267431 -0.8300312 -0.16528919 0.06635821 -0.7414015 -0.66777817 0.12326349 -0.76488353 -0.63227353 0.20710357 -0.72191561 -0.66027132 0.5879842 -0.64000651 -0.49465194 0.22800317 -0.79156185 -0.56696814 0.64655891 -0.60121289 -0.46958827 0.33647145 -0.80628536 -0.48651593 -0.25340822 -0.63669142 -0.72829343 -0.1924899 -0.66780374 -0.71901751 0.01554157 -0.80457376 -0.59366172 0.44169976 -0.70278562 -0.55768007 0.06685678 -0.87176715 -0.48534258 0.49584623 -0.65548054 -0.56964087 0.26142003 -0.8766012 -0.40403732 -0.45487802 -0.78295357 -0.42434816 -0.40010275 -0.80204873 -0.44344353 -0.36524083 -0.75564016 -0.54370176 -0.00228084 -0.64332095 -0.76559431 -0.25809198 -0.82611357 -0.50093227 0.03246554 -0.58791315 -0.80827836 -0.10724828 -0.82223676 -0.55895865 -0.66807875 -0.7304436 -0.14187718 -0.62903795 -0.75190956 -0.19734391 -0.42195206 -0.80326663 -0.4203903 -0.16033123 -0.64293543 -0.74896104 -0.29516336 -0.85224371 -0.43193816 -0.17862872 -0.56492263 -0.80557994 -0.22620871 -0.81836734 -0.52830952 -0.5838471 -0.81063054 0.04473608 -0.57802045 -0.81584136 -0.01748442 -0.04133492 -0.88044505 0.47234996 -0.04513584 -0.88097768 0.47102456 -0.04133492 -0.88044505 0.47234996 -0.04532226 -0.86933581 0.49215456 -0.61874256 -0.67610791 0.40005707 -0.61512116 -0.67777398 0.40280424 -0.61874256 -0.67610791 0.40005707 -0.61924586 -0.68230215 0.38858928 -0.95658799 -0.22341587 0.18719248 -0.95609339 -0.22448527 0.1884438 0.9468204 -0.32135112 0.01634947 0.94377055 -0.31632788 0.09618502 0.5632143 -0.77341289 0.29090589 0.56136691 -0.77484281 0.29068097 0.5632143 -0.77341289 0.29090589 0.55243742 -0.76251579 0.33673875 -0.95672657 0.15505075 0.24623884 -0.95891537 0.15404373 0.23825481 -0.9778076 0.13297225 0.16192398 -0.98025407 0.08750698 0.17734001 0.98670187 -0.07707125 -0.14318573 0.98918178 0.0064453 -0.14655499 0.99223902 -0.00489624 -0.12425609 0.84237926 0.13126784 -0.52266156 -0.98607 -0.01456628 -0.165709 -0.9872007 -0.01092482 -0.15913041 -0.9846219 0.02681906 -0.17265662 -0.98972329 -0.00731355 0.14284588 -0.97546049 0.09144789 -0.20030927 -0.99059214 0.01305717 -0.13625948 -0.94188186 0.09218513 -0.32305436 -0.9887925 -0.00391533 -0.14929123 -0.92236259 0.02509292 -0.38552065 -0.98726817 -0.00028655 -0.15912485 0.34509419 -0.1195557 -0.93092372 0.61955705 0.14891378 -0.77070642 0.64857194 0.07472256 -0.7574798 0.24307897 -0.08128605 -0.96659531 -0.22641834 -0.06411722 -0.97191824 -0.21441694 -0.10477717 -0.97111269 0.2213907 0.00430282 -0.97517647 -0.23387169 -0.01372797 -0.97217198 0.88907467 0.12275601 -0.44100403 0.8265237 -0.06254748 -0.55942964 0.54285389 -0.41435467 -0.73050243 -0.32886861 -0.10048341 -0.93901469 -0.82925395 0.22772489 -0.51038527 -0.90603395 0.01586849 -0.42291229 0.20730621 -0.05778169 -0.97656818 -0.16534163 0.02264762 -0.98597713 0.66942522 0.00886871 -0.74283571 0.60945597 -0.03901261 -0.79186762 0.66288373 -0.19971853 -0.72160352 0.23838145 0.02127895 -0.97094001 -0.28024288 0.09533981 -0.95518949 -0.89472346 0.145416 -0.42228832 -0.94432183 0.16858991 -0.28257369 -0.95943894 0.19629177 -0.20238054 0.66463724 -0.01641286 0.74699248 0.92883249 -0.03037825 0.36926852 0.68850258 0.05656075 0.72303302 0.91625943 -0.06360326 0.395505 -0.98322978 0.00073206 0.18242548 -0.98161187 -0.00040245 0.1909014 -0.92251321 -0.02421139 0.38520609 -0.93544193 -0.08801306 0.34236754 -0.19701038 0.08280056 0.97690221 -0.21301205 0.02094479 0.97682543 0.22273428 -0.01418136 0.97478207 0.19580704 -0.07729542 0.97759183 0.21923647 0.04741123 0.97452642 -0.21525536 -0.03733351 0.97584875 0.67330447 -0.06814281 0.73622114 0.92590757 0.05138892 0.3742529 0.89396648 0.04744261 0.44562526 0.62893948 -0.06666244 0.77459616 0.16247405 -0.03566134 0.98607125 -0.27584948 -0.09677224 0.95631751 -0.9570963 -0.19415773 0.21510611 -0.94226076 -0.17165213 0.28756028 -0.91583564 -0.15941996 0.36856203 -0.3924488 0.45477926 0.79947902 -0.39200826 0.46272378 0.79512162 -0.29034659 0.30750905 0.90617259 -0.05153804 0.00397654 0.99866494 0.16133627 -0.08924235 0.98285945 0.6959692 -0.51745414 0.49787792 0.74183369 -0.22093306 0.63315287 0.98028018 0.19756725 -0.00574732 0.8713194 0.1831503 0.45526021 0.95939716 0.25084412 0.12897871 0 0.11467459 0.99340888 -0.00781312 0.10219944 0.99473663 0 0.2266141 0.97398915 0.18876273 0.24697471 0.9504651 -0.27135815 0.15102909 0.95056035 -0.44388457 0.31006725 0.84073524 0.20516074 0.00634272 0.97871109 0.61778042 -0.15198901 0.77152497 0.72344942 0.15753622 0.6721693 0.45272007 -0.08308704 0.8877766 0.15508809 0.13174618 0.97907676 -0.07040211 0.14112223 0.98749014 0.19194016 0.24494518 0.95035031 -0.20798886 0.10297842 0.97269817 0.13366213 -0.09828491 0.98614856 0.60275027 0.44862487 0.65987602 0.44245883 -0.47819715 0.75866295 0.41169005 -0.40658717 0.81560401 0.33221044 -0.20943186 0.91966679 0.74663127 -0.15234813 0.64756546 -0.44043415 -0.46535101 0.76777233 0.68285433 0.18893814 0.70571089 0.79355533 0.05782772 0.60575357 0.27693512 -0.05070896 0.95955589 0.07830372 0.03730584 0.99623951 0.4624735 -0.15023665 0.87381451 0.45802771 -0.28770586 0.84109716 0.76575965 -0.51349502 0.3872198 0.78635592 -0.54958528 0.28214478 0.7606203 -0.40286647 0.50907957 0.39070581 -0.07204028 0.91769685 0.67487362 -0.26015168 0.69056127 0.43981629 -0.29529735 0.84815471 0.59023797 -0.23124094 0.77340162 0.34899272 -0.28754621 0.89192848 -0.01340098 0.9986675 0.04998338 -0.01357469 0.5630092 0.82634036 -0.02247722 0.87299512 0.48722022 -0.69408975 0.57663613 0.43097441 -0.93580617 0.04256871 0.34994782 0.56499141 -0.45998322 0.68498794 0.14723087 -0.31924604 0.93617054 0.49099623 -0.42383586 0.76110936 0.51409119 -0.36889039 0.77436329 -0.12265825 0.40567802 0.9057516 0.09199395 -0.14795069 0.98471417 -0.1896205 -0.05819884 0.98013516 -0.81754218 -0.15562486 0.55445248 -0.49649247 -0.27334499 0.82388405 0.02506065 0.18445691 0.98252346 0.09000849 0.16642242 0.98194196 0.70864684 -0.47744041 0.51950848 -0.35091044 0.13478842 0.92666008 -0.44033681 0.28888237 0.85009556 -0.31725086 0.06860046 0.94586154 -0.78667284 -0.51475411 0.34084453 -0.47163393 -0.87649201 -0.09656504 -0.72450984 -0.64718554 0.23715832 -0.72432876 -0.47150873 0.50302857 -0.45072003 -0.57553946 0.68236211 -0.15829512 -0.39438288 0.90521594 0.46526783 -0.33742578 0.81833981 -0.42281978 0.43875771 0.79292364 -0.61052415 0.53116238 0.58748626 -0.33853789 0.40504398 0.84931467 -0.94571533 -0.14295521 0.29187625 -1.00000059 0.00169661 0.0008896 -0.97358992 -0.10961114 0.20030173 -0.9999459 0.00913392 0.00559045 -0.95954647 -0.16827706 0.22573931 -0.99962851 0.02120124 0.0172229 -0.99926486 0.02752809 0.02690275 -0.92746278 -0.17265167 0.33168749 -0.91387804 -0.19795675 0.35447602 0.73724515 0.15149004 0.65842745 0.89229582 0.05332474 0.44829484 0.57056307 0.19076922 0.79879792 0.96110596 0.0487897 0.27184548 0.93658527 0.06954104 0.34347881 0.98746707 -0.06210122 0.14509828 0.99724498 0.00413272 0.07407539 0.903138 -0.25461527 0.3457203 0.90181961 -0.2004526 0.38281961 0.87431912 0.13997018 0.4647349 0.94480493 0.31461794 0.09148262 -0.88724785 -0.22688546 0.40164908 -0.73072542 -0.13553115 0.66909245 0.9310347 0.14103329 0.33658473 -0.99524172 0.09497575 0.02207935 -0.80090223 -0.09771671 0.59076935 -0.8995366 0.29967576 0.31786893 -0.98114797 0.19322429 0.00377123 -0.2045067 0.24864817 0.94675823 0.06203578 -0.05379453 0.99662837 0.26516303 -0.34536646 0.90023156 -0.09652258 0.25354814 0.96250071 0 -0.10322867 0.99466517 0.39595266 -0.60192326 0.6934779 -0.99982925 -0.017727 -0.00637832 -0.9126093 -0.09069933 0.39864491 -0.06202945 0.07826996 0.995007 0.33220868 0.1035701 0.93750348 0.30680193 -0.01895026 0.95158573 0.48964249 -0.48051377 0.72757805 0.59673685 -0.23949779 0.7658732 -0.02595083 0.71584291 0.69777963 -0.9694701 0.24521116 0.00130486 -0.96613266 0.2560251 0.03236551 0.86372243 0.46652346 0.19064186 0.08732804 0.93652131 0.33957971 0.6750451 0.68468717 0.27481251 0.15453633 0.88994579 -0.42910423 0.63156292 0.10590727 -0.76806004 0.65426073 -0.04067279 -0.75517816 0.30120869 0.24373264 -0.92188575 0.22964095 0.12627759 -0.9650497 -0.13862377 0.04664919 -0.9892508 -0.03959366 0.08797899 -0.99533566 0.00833641 0.06857717 -0.99761214 0.07473109 -0.06692066 -0.99496277 -0.33549078 0.08227166 -0.93844845 -0.58532917 -0.02675509 -0.81036298 -0.93888475 -0.08908539 -0.33252682 -0.990743 -0.0406572 -0.12953451 -0.94091525 0.07758561 -0.32965676 -0.99362346 -0.04647063 -0.10278506 -0.97405531 -0.14997494 -0.16949655 -0.98898258 -0.00382217 -0.1480336 0.99949446 -0.02380061 0.02126896 0.99969646 -0.02357115 0.00731114 0.94571139 -0.14297793 0.29187506 0.9735889 -0.10961411 0.20030662 0.95954438 -0.16828152 0.2257426 0.92165663 -0.14367833 0.36043923 0.91387435 -0.19796441 0.35448976 -0.04164244 0.12060388 0.9918293 -0.12705951 0.14622266 0.98105808 -0.65690932 0.26276609 0.70670623 -0.58789628 0.00269396 0.80893986 -0.99827506 0.05878862 0.00044483 -0.93982889 0.18672724 0.28610539 -0.99723639 0.07100409 0.02187778 -0.98684933 0.161253 -0.01137585 0.88723563 -0.22689355 0.40166293 0.70609695 -0.12721812 0.69660119 -0.96855577 0.1247188 0.21531188 -0.99724456 0.00413319 0.07407458 -0.94520839 0.30238397 0.12307499 -0.95920517 0.25472283 0.12265979 -0.90360918 0.14501371 0.40308534 -0.68772665 -0.11681916 0.71650947 0.90118881 -0.08813512 0.42437812 0.98434939 -0.02851135 0.17391837 0.98584499 -0.02774351 0.16537052 0.94952818 -0.14181016 0.27980613 0.97090359 -0.1040341 0.21571652 0.18127977 -0.16925503 0.96875759 0.34265621 -0.19405903 0.91920336 0.68622414 -0.05480769 0.72532273 0.54252427 0.02260876 0.83974139 -0.10459178 -0.15821479 0.98185512 -0.19892035 -0.0618024 0.9780661 0.04463526 -0.10808532 0.99314662 0.14066579 -0.02368982 0.98977913 -0.396852 0.00775639 0.91785326 -0.62192598 -0.10161542 0.77645535 -0.95140012 0.05450007 0.30312072 -0.93203183 -0.0813595 0.35312755 -0.99126431 0.04319514 0.12462203 -0.99309935 0.0526712 0.10484358 -0.97309347 0.17414541 0.1509199 -0.98659595 0.03754094 0.15882963 0.10581245 -0.09588576 0.98975905 0.67751983 -0.08455126 0.73063309 0.39702563 -0.26529818 0.8786361 0.45376297 -0.25143638 0.85492133 0.65341732 0.2558414 0.71245981 0.13123376 0.15485829 0.97918274 0.09422414 0.16805924 0.98127093 -0.00170626 -0.05303012 0.9985924 -0.39699786 -0.26530164 0.87864749 -0.48512368 -0.22543933 0.84489457 -0.71826757 -0.0485655 0.694078 0.58953338 0.0230501 -0.807416 0.75050576 -0.36716802 0.54949349 0.58667749 0.80979566 0.00695811 -0.54729515 0.82846705 -0.11882205 -0.99661615 0.04951291 0.06569364 0.84134613 -0.24288275 0.48286312 0.89958249 -0.29929748 0.31808929 0.9123794 -0.28561955 0.29323425 0.85619073 -0.25539365 0.44913273 0.99201181 0.11144825 0.05912624 0.98737534 0.1286028 0.09250359 0.84003244 -0.17832185 0.51239842 0.84211568 -0.07780324 0.53365856 1.00000417 -0.00158001 -0.00036968 -0.98850157 0.10718183 -0.10666414 -0.94182815 -0.08664048 0.32474859 -0.89562743 -0.32861106 0.2998023 -0.63533285 -0.08963908 0.76702435 -0.64114621 -0.25872454 0.72249598 -0.89325409 -0.07793518 0.44275563 -0.63796756 -0.03091085 0.76945055 -0.60203764 0.10216764 0.7919137 -0.6258646 -0.06908474 -0.77687503 -0.62688598 0.02169958 -0.77880937 -0.57687014 -0.04150318 -0.81578974 -0.74911679 -0.04032703 -0.66121707 -0.89546625 0.08173807 -0.43756564 0.93011083 -0.05518314 -0.36312886 0.8992583 -0.13015161 -0.41762345 0.93082788 0.01190166 -0.36527632 0.91052469 0.09124089 -0.40327602 -0.53571009 0.06038451 0.84224586 0.98193147 0.02038981 -0.18815304 0.96524986 0.13443775 -0.22412961 0.95758792 0.10209056 -0.26945251 0.98795672 0.03257998 -0.15127304 0.9457372 0.04242949 -0.3221661 0.98899748 0.01207596 -0.14750318 -0.57112479 -0.17910471 -0.80109046 0.98810717 -0.03047875 -0.15074482 0.99326166 0.0032764 -0.11585714 0.98781016 -0.00392741 0.15564471 0.98660066 -0.00530184 0.16307757 0.99349573 0.00313942 -0.11388576 0.98167332 0.00018076 0.19057236 0.99023511 0.00377791 -0.13937683 0.98109677 -0.00570014 0.19343835 0.98805722 -0.0005153 -0.15412165 0.84892975 -0.13857722 0.51002621 0.96270957 -0.06300963 0.26310747 0.98898955 -0.01207586 0.14750201 0.99368878 0.05546207 0.09752631 0.99176367 0.07746595 0.10204559 0.84237926 -0.13126608 0.52265822 -0.98557981 -0.01835795 0.16824155 -0.98657002 0.00185697 0.16336113 -0.99348076 -0.01334509 -0.11327446 -0.96617432 -0.1100783 0.23324832 -0.98666747 -0.00438446 0.16269041 0.63254538 -0.15005204 0.75985504 0.38312246 0.08561273 0.91972544 -0.15675304 0.07315525 0.98493167 0.83227454 0.06925382 0.55002785 0.90353229 -0.12906102 0.40863149 0.91142859 0.10781169 -0.39710073 0.53706687 0.41217752 0.73598743 -0.32478662 0.09590021 0.94091847 -0.90726598 -0.0080034 0.42049601 -0.79089398 -0.27838301 0.54497659 0.8047807 -0.10154989 0.58482998 0.90417661 -0.05532059 0.42356296 0.51334607 -0.18572992 0.83784459 0.12237367 -0.01329642 0.99240556 0.72000558 0.18650217 -0.66844359 0.53806358 0.28492253 -0.79329063 0.8479775 0.06628408 -0.52588087 0.85044067 0.19594781 -0.48822646 -0.02295835 0.2072049 -0.97803541 -0.30693863 0.11374917 -0.94490733 -0.88260286 0.07301714 -0.46442669 -0.96400609 0.17536905 -0.19985982 -0.70874578 0.06282547 0.70266474 -0.5164088 0.20294399 0.83194934 -0.41330527 -0.1868146 -0.89123212 -0.99428114 0.04982658 -0.09455695 -0.56333994 0.07854106 0.82248948 0.45965802 0.11345093 0.8808227 0.47894563 0.1436613 0.86601715 0.52101516 -0.27841218 -0.80687223 0.41069918 -0.23405639 -0.88122068 0.8232529 -0.02536414 -0.56712401 0.82429974 -0.02570644 -0.56558275 0.92203351 0.01338821 0.3868906 0.93559428 0.0199509 0.35252319 0.98788967 0 0.15522714 0.94069841 0.19171445 -0.2798913 0.96447935 0.00735863 -0.2640691 -0.72388155 0.28289461 0.62926582 -0.16880625 -0.26002287 0.95073774 -0.26526772 -0.96383603 0.02557038 -0.26457109 -0.89775209 -0.35220878 -0.25658741 -0.81160913 -0.52484023 -0.00094975 -0.40321573 0.91511049 -0.57828479 -0.06737322 -0.81305604 -0.99002316 0.04607521 0.13320399 -0.41225745 0.07812015 0.90771689 0.24323428 0.02347312 -0.96969589 0.80788515 -0.10420253 -0.58006376 0.9445944 0.03746279 0.32611288 0.72498722 -0.04902114 0.68702063 0.99784865 -0.05874595 -0.02927839 0.99946394 -0.0108751 -0.03105534 0.9784983 -0.1986434 0.05556661 0.90551509 -0.08848602 -0.41499608 0.99998262 -0.00227043 -0.00644536 0.99841341 0.02189398 -0.05193945 0.90564318 0.09347536 0.41362466 0.99861094 0.02327261 -0.04739848 0.99819823 -0.04085045 -0.04411662 0.83089958 0.01269767 0.55627936 0.67392019 -0.36491476 0.64240083 -0.30214278 0.59038156 0.74844826 0.02692887 0.09898495 0.99472865 -0.87644224 0.41481869 0.2445097 0.96103849 -0.14415404 0.23586524 0.9887804 -0.11891475 -0.09052717 0.92985787 -0.01493588 0.36763291 0.94113799 -0.08007364 0.32842316 -0.53992605 0.74653674 0.38881789 0.98004599 0.1987122 -0.00571672 0.98492654 0.15212908 0.08237147 0.99350467 0.05959666 -0.09694577 0.98570301 -0.13947617 -0.09455006 0.98775264 -0.07887972 -0.13463701 0.98048844 0.04017993 -0.19243891 0.97688391 -0.15868532 -0.14327517 0.98975881 -0.00440304 -0.14268784 0.99348023 -0.05639928 0.09914206 0.91729363 -0.359953 -0.17033891 0.9338819 -0.34788219 -0.08276971 0.95984092 -0.27146818 -0.07080276 0.92253949 -0.38352092 0.04297572 0.93472012 -0.34853525 0.06947403 0.96438791 -0.26444372 -0.0055666 0.95107707 0.00587035 -0.30891208 0.85664509 -0.33124341 -0.39552979 0.93672248 0.04542085 -0.34711559 0.90422662 -0.2738935 0.32766802 0.96809938 -0.23914551 0.07485417 0.99522939 0.09412686 0.02578483 0.96521248 0.20854308 0.1577233 0.89092319 -0.03718823 0.45263239 0.95786168 0.15046973 0.24469455 -0.04027783 -0.10463132 0.99370029 0 -0.30140088 0.95350077 -0.03270643 -0.0196128 0.99928036 -0.13708278 -0.06789662 0.98823484 0.77681602 -0.26160496 0.57282084 0.80856047 -0.1495473 0.56910079 0.98516663 -0.00372385 0.17158353 0.99625137 0.01870941 -0.08453262 0.99850341 -0.01844621 -0.05158528 0.99110218 -0.03873293 -0.12738519 0.9906899 0.13261635 0.03080765 0.98291971 0.17919055 -0.0419722 0.99086424 0.00434406 -0.13480687 0.99783596 0.05535615 -0.03549207 0.99011346 0.12180053 0.06967461 0.95911869 0.27183678 0.07871928 0.67059866 -0.10344226 0.73457981 0.67085061 0.38869093 0.63156966 -0.09958028 0.24451251 -0.96452179 -0.09833262 0.26841875 -0.95827379 -0.09924359 0.25069054 -0.96296944 -0.03346254 0.24230035 -0.96962883 -0.03319729 0.25508218 -0.96635046 0.06289108 0.2719987 -0.96024813 0.21195324 0.27022468 -0.93918433 0.1958254 0.4106219 -0.89053129 0.89603619 0.24550579 -0.36994107 0.71615756 -0.4535872 -0.53046047 0.6497114 0.28362524 -0.70529348 0.67267355 0.32873459 -0.6629071 0.26812842 -0.71934796 -0.64082727 -0.14979481 0.56648743 -0.81034915 -0.11851931 0.42570003 -0.89707701 0.81218765 0.57104831 0.11945916 0.8541439 0.44728096 0.26530754 0.41389127 0.91004821 0.02266965 0.83992807 0.54257649 -0.01201947 0.49250554 0.80913977 -0.32053242 0.75611342 0.452551 -0.47275077 0.99530014 0.09443647 -0.02160563 0.98982348 0.14058032 -0.02235281 0.99563666 0.02059172 -0.0910785 0.98459109 0.11874712 -0.12838865 -0.77751065 -0.44301354 -0.44634854 0.55000078 -0.03688488 -0.83435343 0.00085882 0.98269399 0.18530021 0.00067806 0.98268445 0.18535156 0.00067662 0.98268439 0.18535187 -0.01743096 0.9908128 0.13413137 -0.01486006 0.98886385 0.14810323 0.01789435 0.97460278 0.22328071 0.19941571 0.02916522 0.97948267 0.11381407 0.22022057 0.9687989 -0.97236796 -0.16534881 0.16481381 0.98651799 -0.12278239 0.10826382 0.99349573 0.01882931 0.11235313 0.95856365 0.15981958 0.23582601 -0.35411047 -0.47502809 0.80557881 -0.42803453 -0.37017654 0.82448081 -0.01144369 0.1180993 0.99294349 0.98916252 0.14601103 -0.015557 0.98851766 0.1488973 -0.02583708 0.91708 0.36658899 -0.15680499 0.95513841 0.29438373 0.03239122 0.98930224 0.09436321 0.11128275 0.99498203 0.09679261 0.02563171 0.96624633 -0.11843177 -0.22879238 0.96058681 -0.24601809 -0.12943184 0.06224227 -0.99369409 -0.09338243 0.99606951 -0.04931448 0.07360915 0.99904194 -0.04321508 0.00749748 0.13358627 0.0146346 -0.99092933 0.13517171 0.03669483 -0.99014302 0.13557094 0.05441824 -0.98927953 0.01362104 0.00715409 -0.99988582 0.00062767 0.01474142 -0.99989256 0.00038165 0.01494159 -0.99989071 0.02149082 0.00668509 -0.99974855 0.01937285 -0.00203201 -0.99981417 0.58144325 0.73954285 -0.33913369 0.97926994 -0.14249174 0.14398829 0.99546685 0.04538488 0.08365166 0.98264643 0.01902455 0.18454171 0.96377101 0.26053839 0.05720273 0.04162157 0.91350492 0.40470179 0.99479797 -0.09906123 0.02381469 -0.04523427 -0.4440838 -0.89484887 -0.04460654 -0.46656527 -0.88336478 -0.03814134 -0.53103923 -0.84648995 -0.11884254 -0.38576518 -0.91491492 -0.08412412 -0.00683341 -0.99643239 -0.08402262 0.01105058 -0.99640807 -0.08440604 -0.01721791 -0.99629166 0.05427499 0.03942289 -0.99775978 0.1480468 0.05541651 -0.98743083 -0.13428789 -0.10328933 0.98554822 0.2051708 0.08035854 0.97542473 -0.08452624 -0.0249484 -0.99611487 -0.01932111 -0.02868318 -0.9994091 -0.02068236 -0.02282884 -0.9995295 -0.01896261 -0.01145178 -0.99975707 0.00585577 -0.01239708 -0.99991026 0.00721086 -0.00383344 -0.99997034 0.8907197 0.3253022 -0.3175203 0.72913629 0.67783222 0.09445333 0.51198214 0.7756306 -0.369168 0.98935403 -0.08279565 0.11972746 0.99939635 0.02871082 -0.01958412 0.98305067 0.13748115 0.12134723 0.98494824 0.09427754 -0.14488112 0.94153108 0.33688514 0.00609032 0.959906 0.22780981 0.16337564 0.99161353 0.12057238 -0.04655957 0.99117293 0.05013918 0.12277976 0.01788183 0.98569359 0.16763731 0.99198922 0.12619905 0.00590972 0.97684212 -0.12829507 -0.17124725 0.994509 0.07084958 0.07708693 0.98336782 0.14765249 0.10582412 0.9882641 0.08091926 0.12960092 0.99384888 0.03264587 0.10586381 0.85055547 0.43851029 0.29031148 0.81711654 0.50452554 0.2788971 -0.1311395 -0.37218459 -0.91885104 0.02510002 -0.33871211 -0.94055875 0.00546766 -0.31265358 -0.94985278 0.00710489 -0.28545424 -0.95837118 -0.02496541 -0.28217306 -0.95904335 -0.02477134 -0.27982651 -0.95973881 0.95100578 0.28433456 0.12147424 0.94367947 -0.07514714 -0.32222734 0.96744796 0.24413749 -0.06672119 0.67254397 0.73980916 0.01929446 0.88200323 0.46973573 0.03778655 0.9904637 -0.09257328 -0.10207658 0.94788529 0.25122004 -0.19597764 0.96085163 0.22268552 -0.16488504 0.96826514 0.0746476 -0.2385359 0.94591316 0.25523453 -0.2002923 0.86433463 0.3820707 0.32702844 0.85993747 0.27330737 0.43106105 0.86416112 0.36149089 0.3500887 0.99145868 0.04908685 -0.12083376 0.99335506 0.05106537 -0.10316544 0.98075946 0.19262413 -0.03180445 0.98806771 0.14110915 0.06182579 0.97789677 0.17951512 0.10721433 0.97958614 0.13108515 -0.15244567 0.9932641 -0.10284807 0.05349493 0.99064782 -0.12330903 0.05842958 0.96790918 -0.01521016 -0.25086313 0.93641873 0.29835382 -0.1846805 0.92878528 0.36613528 -0.05750603 0.93216821 0.29234567 0.21355573 0.96131267 0.21317656 0.17447043 0.95124557 -0.17347407 0.2550441 0.9573191 -0.2023308 0.20642791 0.8812447 -0.11062557 0.45953547 0.96251198 -0.14968822 0.2262165 0.96248283 -0.26650824 -0.0510897 0.99214878 0.11118735 0.05729734 0.97760572 0.20461155 -0.0492974 0.98049506 -0.18773779 0.05823001 0.85664766 -0.34972842 0.37928129 0.83144073 -0.36272482 0.42088949 0.93204202 0.35474633 -0.0739321 0.81063305 -0.02309565 0.58510005 0.82240657 -0.32869319 0.46434431 0.82794206 -0.14280334 0.54233968 0.85307483 -0.15500228 0.49824663 0.81500833 -0.13642714 0.56316268 0.29034656 0.30750899 0.90617247 -0.16133625 -0.08924238 0.98285951 -0.74183137 -0.22093228 0.63315752 -0.87132202 0.18314392 0.45526665 0.00781592 0.102195 0.99473699 -0.18874587 0.24698218 0.95046582 0.44388457 0.31006725 0.84073524 0.27135815 0.15102906 0.95056035 -0.20516073 0.00634263 0.97871109 -0.6177741 -0.15199004 0.77153141 -0.72343827 0.1575519 0.6721805 -0.45271655 -0.083087 0.88777785 -0.15508814 0.13174618 0.97907688 0.07040331 0.14112214 0.98748996 -0.19752778 0.24426781 0.94937982 -0.15062765 -0.09597093 0.98392822 0.20798889 0.1029784 0.97269829 -0.68980757 -0.2242998 0.68837443 -0.69082699 -0.24686011 0.67957506 -0.66331563 -0.02787497 0.74782927 -0.41169013 -0.40658714 0.81560407 -0.53702676 -0.0084436 0.84352909 -0.79357673 0.05782247 0.60572848 -0.76062048 -0.4028665 0.50907957 -0.61346355 -0.27841296 0.73903532 -0.57598292 -0.2638753 0.77370179 -0.44384467 -0.30015479 0.84434019 -0.3003373 -0.34794478 0.88811277 0.02247138 0.87299804 0.48721545 0.69408688 0.57663041 0.43097945 -0.15331705 -0.32098929 0.93459441 -0.56866085 -0.44983228 0.68867806 0.3034148 0.18009834 0.9356841 0.23675837 0.07384698 0.96875884 0.37462981 0.32474644 0.86844854 0.7366581 -0.37380074 0.56356817 0.63792816 -0.69817225 0.32498003 0.403773 -0.88665841 0.22545127 0.74912674 -0.36973889 0.54964113 0.48700716 -0.51319789 0.70672835 0.16968186 -0.31276022 0.93455597 -0.22533999 -0.42247327 0.87792115 0.41257699 -0.15952053 -0.8968464 0.62011781 -0.13928896 -0.77204979 0.2053181 -0.24904809 -0.94647791 0.04162216 -0.06206845 0.99720653 -0.30680223 -0.01895029 0.95158561 -0.36342268 -0.02699048 0.93123706 -0.13917003 0.05727605 0.98861386 -0.42751025 -0.55787313 0.71134735 -0.60146323 -0.27299344 0.75081439 0.73742897 0.29386061 0.60815278 0.61939809 -0.21254493 0.75576926 -0.86370294 0.46656313 0.19062973 -0.77242137 0.54817056 0.32076578 -0.08733306 0.93652268 0.33957793 -0.15457858 0.88993232 -0.42910593 -0.75050564 -0.36716799 0.54949349 -0.58666491 0.80980478 0.00695449 0.54728311 0.82847689 -0.11882103 -0.7854364 -0.36308666 0.50125902 -0.82182871 -0.39143671 0.41398199 -0.84003262 -0.1783218 0.51239842 -0.84342091 -0.07693097 0.53172838 -0.99998149 -0.00146966 -0.00667357 0.72194595 0.28269561 0.63157502 0.17380443 -0.26421052 0.94867816 0.21861269 -0.97363414 0.06526193 -0.69966153 -0.24817466 0.66998974 -0.64141241 -0.32089732 0.69686082 -0.85664754 -0.34972842 0.37928129 -0.85824673 -0.29812172 0.41778537 -0.81472854 -0.27580111 0.5100606 -0.83393799 -0.05304853 0.54931575 -0.81065117 -0.02309309 0.58507853 -0.82240657 -0.32869322 0.46434431 -0.82794206 -0.14280326 0.54233974 0.9975436 -0.02350597 0.06602563 0.98488911 0.12902578 0.1155477 0.99793758 -0.0618399 0.01742294 0.96674343 0.23785397 0.09402182 0.97201713 0.20874991 0.10774132 0.99996044 -0.00262356 0.00863275 0.97517123 -0.01308846 0.2210787 0.98169126 0.01932067 -0.1895235 0.30758698 0.61294279 0.7278024 -0.10092175 0.14263337 0.98462232 0.8735355 0.41862925 0.24839469 -0.94269945 0.22897863 0.24267563 -0.96491947 0.01896011 0.26186173 -0.93294533 0.15122345 0.32672344 -0.98877414 -0.11891271 -0.0905256 0.55619377 0.74645949 0.36532281 -0.99927881 -0.02752219 -0.02622584 -0.97843112 0.11494319 0.17164681 -0.9959146 0.08403026 0.03320321 -0.96889063 -0.22096208 -0.1115047 -0.99187174 -0.05589919 -0.11436681 -0.98507323 -0.11705749 -0.12623354 -0.98210492 0.07071505 -0.17455754 -0.99165633 0.00020655 -0.1289647 -0.97951831 -0.20016674 0.02218508 -0.94345887 -0.16487053 -0.28759881 -0.99912568 -0.00983214 -0.04068593 -0.97105886 -0.21825785 -0.0970305 -0.90759994 -0.40720763 -0.10227637 -0.93890806 -0.34171225 -0.04123706 -0.9849322 -0.17295816 0.0029146 -0.92292573 0.02622134 -0.3840978 -0.9459752 0.13703761 -0.29387283 -0.83459996 -0.27808642 -0.4755186 -0.98543878 -0.10581479 -0.13310165 -0.96381428 -0.26370319 -0.03915187 -0.98798295 -0.11201105 0.10654987 -0.95348676 -0.26583546 -0.1421616 -0.98483982 0.02970034 -0.17092214 -0.81100075 -0.3512594 0.46786877 -0.96419772 -0.18994133 -0.18509328 -0.96810754 0.0131868 -0.2501876 -0.97873904 0.09353661 -0.18256476 -0.97888013 0.20194929 -0.03190713 -0.94551976 0.0445084 0.32251416 -0.99744602 0.02274981 -0.06779976 -0.91498132 -0.11348771 -0.38722233 -0.93298097 -0.18540066 -0.30850924 -0.96248521 0.11111635 -0.24755123 -0.98840125 0.13569097 -0.06821742 -0.97989185 0.12220838 -0.15772746 -0.97164561 -0.23639875 0.00535272 -0.9522902 -0.14956426 -0.26604288 -0.93815782 0.10300613 -0.33054362 -0.98002609 0.09641975 -0.17395327 -0.99916931 0.02947879 -0.02834096 -0.98946049 0.1447585 -0.0044431 -0.99720385 0.05485395 -0.05075917 -0.99463334 0.09528983 0.04035319 -0.98591002 0.15307754 0.06749012 -0.97654458 0.18336874 -0.11290772 -0.91667189 0.26391899 0.30010743 -0.9206055 -0.05905559 0.38601647 -0.93909403 -0.34171791 -0.03666185 -0.23698702 -0.62763247 -0.74156363 -0.24776947 -0.92198541 -0.29759749 -0.16971716 -0.95713027 -0.23473299 -0.08466321 -0.55060142 -0.83046745 0.07858239 0.4257292 0.90143247 0.13056828 0.24517503 0.96065017 -0.04859761 0.95169081 0.30321856 -0.09257982 0.9745517 0.20415642 0.48105179 0.25105571 0.83998088 0.46140369 -0.27633615 0.8430597 0.1291294 -0.27224382 0.95352676 0.15697766 -0.26084518 0.95253821 -0.32127772 0.75919456 -0.56605225 -0.50541973 0.65160934 -0.56565803 0.06866261 0.13833099 -0.98800977 0.08642232 0.18876405 -0.97821905 0.01674676 0.38839702 -0.92134287 -0.07132834 0.08659496 -0.99369737 -0.22565468 -0.85206865 -0.47229113 -0.03951897 -0.52357757 -0.85107093 0.26271289 -0.77868355 0.56977796 0.25200879 -0.87228159 0.41908695 0.19922079 -0.740708 0.64161733 -0.89319299 0.09069759 0.44043719 0.77795774 -0.58219492 0.23629233 0.1364448 -0.12165626 0.98315527 0.1400862 -0.06040584 0.98829796 0.15264894 -0.03273959 0.98774435 0 -0.30140094 0.95350077 -0.78235669 -0.17105084 0.59888929 -0.77391583 -0.04145441 0.63194207 -0.8084477 -0.14971586 0.56920862 -0.99110051 -0.03873289 -0.12738497 -0.98713585 0.04603374 -0.15312199 -0.99318942 0.02504742 -0.11384732 -0.98292079 0.17919051 -0.04197217 -0.95008435 0.28567859 -0.12543849 -0.98370727 -0.17530961 -0.03991792 -0.94979187 -0.25009322 -0.18804644 -0.97930236 -0.18642745 -0.07885108 -0.99959501 0.01823465 -0.0218785 -0.67207363 -0.10439383 0.73309214 -0.69372127 -0.04830128 0.71862967 0.09958034 0.24451251 -0.96452167 0.09924364 0.25069057 -0.96296926 0.09833266 0.26841869 -0.95827367 0.03346245 0.24230029 -0.96962889 0.03323067 0.25501835 -0.96636792 -0.06287792 0.27184384 -0.96028568 -0.11884578 0.27563118 -0.95389148 -0.10272118 0.40602677 -0.90807654 -0.6497145 0.2836275 -0.70529903 -0.39642833 -0.14716935 -0.9061993 -0.87413536 0.28508546 -0.39322294 -0.67267725 0.32873843 -0.66291121 -0.2855302 -0.68757996 -0.66761586 0.14978052 0.56648737 -0.81034903 0.11852817 0.42695092 -0.89647393 -0.89379387 0.39536311 0.2117187 -0.86346577 0.49464684 0.09882506 -0.41390507 0.91004141 0.02268839 -0.81776522 0.57428795 0.03838429 -0.66879204 0.56417954 -0.48417087 -0.503286 0.82803301 -0.24712276 -0.99521663 0.09703956 -0.01161154 -0.98077645 0.19498028 0.00859498 -0.99563386 0.02059172 -0.09107838 -0.98459264 0.11874857 -0.12838688 0.75338222 -0.40457417 -0.51841431 -0.43565236 -0.13445408 -0.89002727 -0.0008588 0.98269393 0.18530021 -0.00067661 0.98268433 0.18535187 -0.00067805 0.98268439 0.18535156 0.01743095 0.99081274 0.13413146 0.01486015 0.98886379 0.14810325 -0.01789444 0.9746029 0.22328071 -0.20984923 0.01093434 0.97767641 -0.11382746 0.22021786 0.96878703 0.99090149 -0.12854164 -0.04008255 -0.9945577 -0.08708913 0.05721169 -0.9939846 0.01426611 0.1086354 -0.96768399 0.14005429 0.20973187 0.35202937 -0.36589081 0.86151694 0.26044025 -0.49041503 0.83167289 0.02043956 0.13637061 0.99045374 -0.99018284 0.13944603 -0.01000335 -0.98918124 0.14582659 -0.01613226 -0.98452296 0.1694629 0.04481478 -0.99652215 0.05719694 0.06067308 -0.97251161 0.22307991 -0.06685198 -0.83820252 0.5444535 0.03169085 -0.9389285 -0.19001209 -0.28690191 -0.9316568 -0.337557 -0.13443283 -0.06244002 -0.99384817 -0.09154912 -0.99687418 -0.04363875 0.06595868 -0.99906834 -0.03874821 0.01938194 -0.13854852 0.0144554 -0.99025395 -0.14044567 0.05435619 -0.98860397 -0.14008587 0.03664884 -0.98946263 -0.01360111 0.00715476 -0.99988576 -0.00038163 0.01494151 -0.99989071 -0.00062757 0.0147408 -0.99989256 -0.01937285 -0.00203201 -0.99981417 -0.02149082 0.00668509 -0.99974855 -0.84515945 0.53289383 -0.04165177 -0.99725648 -0.01845693 0.0717218 -0.99310776 0.02362553 0.11484227 -0.98925217 0.01723652 0.14523786 -0.97000398 0.23567704 0.05972105 -0.03909593 0.91575684 0.39984964 -0.99457314 -0.08068335 0.06573259 0.041262 -0.44602667 -0.89407145 0.03443541 -0.53111016 -0.84660314 0.04049903 -0.467878 -0.88287221 0.01894848 -0.3887255 -0.92116048 0.00019433 -0.00746806 -0.99997296 0.00045577 -0.01728049 -0.99985405 0.00003231 0.01109171 -0.99994322 -0.05134414 0.03942867 -0.99790587 -0.14509053 0.05544125 -0.98787173 0.14838758 -0.0845104 0.98531546 -0.07727688 0.07206288 0.99440255 0.00091842 -0.02958978 -0.99956682 0.01932753 -0.02868085 -0.99940898 0.01894064 -0.01145144 -0.99975701 0.02066059 -0.02282979 -0.9995295 -0.00723885 -0.00383357 -0.99997386 -0.00588366 -0.01239753 -0.99990614 -0.72851998 0.21952439 0.64890132 -0.85553221 0.42681058 0.29309973 -0.43089606 0.73357046 0.52556383 -0.99005582 0.11832552 -0.0761075 -0.9669074 -0.10879135 -0.23079487 -0.98368331 0.13422955 0.11981418 -0.98691376 0.0849018 -0.13712599 -0.94744201 0.31959389 0.01511079 -0.96029504 0.22619616 0.16332891 -0.88909201 0.41364925 -0.19599224 -0.99116775 0.05013763 0.12277839 -0.01788039 0.98569872 0.16759255 -0.35201188 0.84710006 0.39814843 -0.97830601 -0.13051704 -0.16092134 -0.9938186 0.07716441 0.07990046 -0.98203911 0.15058715 0.11374103 -0.99385103 0.03264677 0.1058657 -0.98063113 0.12133426 0.15375907 -0.84264545 0.33955426 0.41792013 -0.8045337 0.52522724 0.27726098 0.03556558 -0.3757873 -0.92602916 -0.02509731 -0.33871139 -0.94055893 -0.00713105 -0.28545585 -0.95837071 -0.00549393 -0.31265361 -0.94985284 0.02480838 -0.27982434 -0.95973148 0.02500244 -0.28217071 -0.95904406 -0.90969511 0.37825368 0.17144496 -0.97756918 0.16840846 -0.12648628 -0.96500285 0.25549113 -0.05923048 -0.77229399 0.63387415 -0.04209901 -0.97257711 0.2325853 -0.00331808 -0.99045952 -0.09257523 -0.10207662 -0.09419387 0.47019162 0.87752472 -0.52664005 0.84319065 0.10819956 0.20154994 -0.38098226 0.90235182 0.01855589 -0.55120581 -0.83416872 -0.42519914 -0.88944589 -0.1676073 0.16696138 0.32742895 -0.93000992 0 0.30140121 -0.95350166 -0.28039324 -0.03554499 0.95922991 -0.46909185 -0.13665699 0.87251781 -0.07998009 0.05164648 0.9954594 -0.43770649 -0.32255499 0.83927576 -0.36686213 -0.1128209 0.92341085 -0.49100288 -0.42383124 0.76110698 -0.51409125 -0.36889027 0.77436323 -0.08142522 -0.16562347 0.98282685 0.14754687 0.39744966 0.90569552 0.21132129 -0.07767214 0.97433271 0.82501887 -0.05962896 0.56195712 0.4908699 -0.20764593 0.84612767 -0.21137098 0.62352243 0.75269933 0.03370427 0.67402408 0.73795087 -0.67116711 -0.51748931 0.5307964 0.56359803 -0.13596591 0.814786 0.80090789 -0.09771377 0.59076404 0.2045062 0.24864658 0.94676663 -0.06203576 -0.05379453 0.99662837 -0.265163 -0.34536649 0.90023156 -0.94788482 0.31671132 0.03483092 -0.28191339 0.08771539 0.95542814 -0.63775805 0.19495699 0.74516035 -0.61012718 0.18074294 0.7714125 -0.99065318 0.08327299 -0.10807572 -0.95024344 0.19470063 -0.24319512 -0.98722353 -0.07969689 -0.1379864 -0.77787477 0.2319598 -0.58405244 -0.68314848 0.02108781 -0.72998071 -0.77961708 0.23832358 -0.57914096 -0.64205453 -0.13497444 -0.75469614 -0.9875116 -0.07821235 -0.13676316 -0.9872246 -0.07969697 -0.13798655 -0.99259724 -0.04788739 -0.1116619 -0.99433663 0.00046286 -0.10628351 -0.39979224 0.64320007 -0.65304831 -0.8479567 0.09060597 -0.52226698 -0.6137844 0.57437211 -0.54163247 -0.95498314 0.09821225 -0.2799318 -0.90864177 -0.034251 -0.41617646 -0.77442635 0.20227074 -0.59947294 -0.89699565 -0.1463696 -0.4171138 -0.88988011 -0.13967513 -0.43428933 -0.34393121 -0.68165633 -0.64580569 -0.07367549 -0.84411315 -0.53108173 -0.08851818 0.62208769 -0.77792895 -0.72306449 -0.21404683 0.65678361 -0.99220576 -0.03363091 0.12002564 -0.871832 -0.47774591 0.10807554 -0.99104705 -0.10609229 0.08106557 -0.92986305 -0.25662824 0.26364421 -0.92987593 -0.2562887 0.26392939 -0.83946524 -0.46852677 -0.27532761 -0.29883894 -0.93594732 -0.18628186 -0.50622248 -0.85226755 -0.13187581 -0.8373817 -0.49684718 -0.22789773 -0.92175068 0.09445218 0.37611337 -0.66481272 -0.64839414 0.37098785 -0.92175068 0.09445218 0.37611337 -0.90530827 0.15639503 0.39492487 -0.48611244 -0.35323028 0.79933346 -0.9000481 0.37054814 0.22937047 -0.21350915 -0.92562278 0.31248782 -0.81460844 0.30177234 -0.4953249 0.51383501 -0.71052272 0.48076322 0.26083573 -0.7853852 0.56138622 -0.75504024 -0.64954832 0.08952281 -0.96566971 0.06644736 0.25115993 -0.81906752 -0.54830771 0.16885416 -0.97552403 -0.07018315 0.20841362 -0.96486857 -0.07234153 -0.25259378 -0.9754494 0.03087462 -0.21808266 -0.96026834 0.06388262 -0.27169635 -0.96685555 0.1393181 -0.21397839 -0.81720041 0.1982238 -0.54120487 -0.67123511 0.20607451 -0.71202672 -0.7066486 0.09884868 -0.70062781 -0.20629217 -0.96736523 0.14717966 -0.70618565 -0.28145563 -0.64968935 -0.3386905 0.11336786 -0.93404879 -0.5361967 -0.0780787 -0.840479 -0.51819837 -0.15564213 -0.8409863 -0.5013296 -0.04645033 -0.86401693 -0.43839331 -0.05276888 -0.8972417 -0.5013296 -0.04645033 -0.86401693 -0.55384987 0.01215516 -0.83253614 -0.17138884 -0.48658507 -0.85665791 -0.48043715 0.66300062 -0.57412743 -0.27793249 -0.8949524 -0.34905012 -0.21237492 0.57681268 -0.78879208 -0.70918775 -0.33736433 -0.61907747 -0.06067276 0.29990392 -0.95204016 -0.78129143 -0.01051193 -0.62408361 -0.75319917 0.18879576 -0.63012746 -0.77711595 0.04144466 -0.62799546 -0.65168056 -0.0974122 -0.75221772 0.47084277 0.52231663 -0.71098513 -0.4482566 0.88870196 -0.09638152 -0.64459941 -0.08201288 -0.76011468 -0.49616196 -0.08131561 -0.86442803 -0.54907476 -0.57355338 0.60791925 -0.17666123 -0.90224918 0.39336778 -0.27753916 -0.84033964 0.46562671 -0.07272254 0.99231877 -0.10012497 0.57483941 0.58115875 -0.57604461 -0.54155904 -0.0724079 -0.83753972 -0.54155904 -0.0724079 -0.83753972 -0.55384785 0.01215513 -0.83253299 -0.51819694 -0.15564167 -0.84098385 -0.1332889 -0.98271271 0.12850409 -0.75393362 -0.54392051 0.3684472 0.12594769 0.81088339 -0.5715146 0.09247176 0.79824806 -0.59520024 -0.98461964 -0.10872439 -0.13678628 -0.98596563 -0.05957428 -0.15600583 -0.97904165 -0.19909171 0.0430486 -0.93085106 0.19771686 0.3073077 -0.99651488 0.03434491 -0.07609735 -0.95436837 0.15306291 0.25643011 -0.90530677 0.15639479 0.39492427 -0.99769624 0.0284728 -0.06167891 -0.9290814 0.02833636 0.36880068 -0.92989953 0.02955355 0.3666475 -0.93261834 0.05032877 0.35735647 -0.92989387 0.02955339 0.36664529 -0.93261834 0.05032877 0.35735647 -0.86411242 0.13658615 0.48443358 0.09254901 -0.29003444 0.95253184 0.42303323 -0.67641869 0.60291264 -0.61477378 0.1866751 0.76630236 -0.61013326 0.18074472 0.77142019 -0.61477378 0.1866751 0.76630236 -0.4564304 0.2989546 0.83803718 -0.657904 0.10193036 0.74617375 -0.76129175 0.19918526 0.61707059 -0.61356542 -0.35978524 0.70291949 -0.52130949 -0.52142292 0.67554697 -0.42623164 -0.86948393 0.24967558 -0.4034632 -0.91471728 0.02257791 0.05498571 0.99820276 -0.02406727 -0.14744304 0.81149493 -0.56545454 -0.36441241 0.07963558 -0.92782845 -0.97124119 -0.23790733 -0.00965377 -0.45814329 0.54879564 -0.69923637 -0.76841123 -0.63883481 -0.03804792 0.56073725 0.6875718 -0.46132683 0.51979333 0.69987682 -0.4898869 -0.21737146 0.63499102 -0.74131269 -0.84875302 -0.03667269 -0.52751708 -0.86240451 -0.12136342 -0.49146458 -0.85105072 -0.00393421 -0.52507811 -0.82176332 0.08822915 -0.56296277 -0.76044703 -0.26530092 -0.59274357 -0.77523566 -0.31283395 -0.54878479 -0.90103217 -0.28819039 -0.32418625 -0.4803571 -0.04847306 -0.87573938 -0.49615868 -0.08131507 -0.86442231 -0.88988535 -0.13967597 -0.43429183 -0.92130258 -0.00498939 -0.38882016 -0.91006478 -0.0650381 -0.40933274 -0.93943598 0.05291274 -0.33863689 -0.99843778 -0.00228697 -0.0559362 -0.42135774 0.87711249 0.23051064 -0.8146957 0.57150572 0.09830478 -0.89816223 0.39246579 0.19818556 -0.97164615 -0.05617162 -0.22967253 -0.96698781 -0.10014363 -0.23433835 -0.97164615 -0.05617162 -0.22967253 -0.75388385 0.03803926 -0.65590719 -0.92581155 -0.32817076 -0.18755671 -0.65623185 -0.67042324 -0.34625943 0 -1.00001084 0 -0.53852623 -0.75142575 0.38124822 -0.08652166 -0.99344745 -0.0746739 -0.52982759 -0.61737892 0.58150398 -0.71044106 -0.06660317 0.70060278 -0.76385308 -0.16177688 0.62480304 -0.71044106 -0.06660317 0.70060278 -0.59167939 -0.05760997 0.80412738 -0.83219026 0.55016237 0.06921577 -0.70724983 -0.36047099 0.60816118 -0.88395922 -0.07490412 0.46154596 -0.88395284 -0.07490275 0.46155264 -0.6954842 0.31927143 0.64371404 -0.5737136 -0.18256627 0.79845883 -0.326275 -0.55968213 0.76177836 0.66168812 -0.38791679 0.64163622 0.53277635 -0.14807663 0.83320664 0.18568556 -0.97312983 0.13620699 -0.97386362 -0.1880856 0.12737902 -0.83016638 -0.55521619 0.05068487 -0.81289641 -0.58152198 0.03212349 -0.98189267 -0.18896506 0.01341591 -0.90316703 -0.1958169 0.38204052 -0.9040763 -0.42644515 0.02833665 -0.98189886 -0.18896625 0.01341599 -0.97606118 -0.21655344 0.02043738 -0.71152014 -0.18684747 0.67737696 -0.93564929 0.0346971 0.35122599 -0.70940734 0.08297534 0.6998984 -0.89365708 0.35116686 0.27939787 -0.62769047 0.65700099 0.41755958 -0.3328378 -0.76014824 0.55803948 -0.87333314 0.29540991 0.38734834 -0.32873307 -0.72379334 0.60668185 -0.50492727 0.55514377 -0.66096011 -0.42595004 0.58391964 -0.69110016 -0.87998824 -0.12445676 0.45840435 -0.87998824 -0.12445676 0.45840435 -0.88395159 -0.07490263 0.46155195 -0.57371145 -0.18256557 0.79845584 0.36878939 -0.87581132 0.31137354 0.45374002 -0.85658978 0.24571145 -0.51361018 0.75677897 -0.40434371 -0.48395531 0.78473158 -0.387298 -0.60396484 0.68592015 -0.4058915 -0.76812 0.20393475 -0.60697511 0.2817834 0.3821222 -0.88010649 -0.51778078 0.34600355 -0.78242625 -0.16561667 0.83376323 -0.52670329 0.09758562 0.86534481 -0.49159836 -0.35101916 0.67098269 -0.65312401 -0.36479498 0.71467829 -0.59679305 -0.36479498 0.71467829 -0.59679305 -0.9547629 0.29066753 -0.06279831 -0.37305982 -0.49350738 -0.78568376 0.57483935 0.58115875 -0.57604461 0.12920689 0.83905516 -0.52849018 -0.39637451 0.51432788 -0.76050229 0.32419558 0.54739958 -0.77153588 -0.39637451 0.51432788 -0.76050229 -0.9008201 -0.03952348 -0.4324167 -0.63157079 0.38613002 0.67232934 -0.81680481 0.52174228 -0.24623447 -0.31221406 -0.35981609 0.87923978 -0.64587048 0.00056095 0.76346082 -0.62887767 0.04127791 0.77641667 -0.62505153 0.05482423 0.77865685 -0.47912188 0.09635289 0.87245147 -0.32000883 0.08423138 0.94366463 -0.71160359 0.43630104 0.55070311 -0.51365536 0.76111776 -0.39605774 -0.56040692 0.76611544 -0.31467573 0.87479321 -0.31928755 0.36441944 0.83673356 -0.27775904 0.47194367 0.81313263 -0.25984165 0.52086764 0.85229205 0.03300441 0.52203679 0.75779189 -0.26107162 0.59800553 0.85847364 0.51151073 -0.03732869 0.96348943 -0.01306822 -0.26743405 0.5284993 0.18722376 -0.8280376 0.98611184 -0.14615362 0.07899079 0.14483098 0.01167215 -0.98939105 0.72111798 -0.18432332 0.66784546 0.54475587 -0.28004848 0.79046197 -0.01125828 -0.19919602 0.97990318 -0.34003298 -0.02866798 0.93998124 -0.74029733 0.1590503 0.65319786 -0.74999375 0.08687513 0.65571687 -0.85403256 0.05792232 -0.51699519 -0.70672817 -0.06290128 -0.70469011 -0.91142251 0.10781102 -0.39709799 -0.50864738 -0.20391171 -0.83648692 -0.42441653 0.18661169 0.88603489 -0.7537256 0.03386956 0.65632812 -0.86018132 -0.05889448 -0.50658011 -0.56334251 -0.0785413 -0.822493 0.47895216 -0.14365735 -0.86601494 0.45197722 -0.13431197 -0.88186459 0.50765699 0.30168982 0.80702685 0.39529891 0.24997426 0.88389282 0.98255565 0.17663003 0.05831732 0.98277619 0.13844455 0.12244756 -0.57828313 0.06737319 0.81305353 -0.75122238 0.0156265 0.65986833 -0.86608718 -0.04333497 -0.49801888 -0.41225656 -0.07812087 -0.90771504 0.9363174 0.12369333 0.32866575 0.25913792 -0.13756564 0.95600488 0.72498835 0.04902194 -0.68702188 0.97801568 0.00255148 -0.20854058 0.9491293 -0.13552306 -0.28423297 0.92437734 0.12915792 0.35895427 0.92241653 0.14873294 0.35642366 0.4245614 -0.38112573 -0.82127528 0.41931625 -0.57521849 -0.70236642 -0.13252158 -0.47047039 -0.87241398 -0.10373744 -0.53452003 -0.83877383 -0.84499632 -0.09788268 -0.52574986 -0.83806108 -0.19602146 -0.50915926 -0.91654833 -0.29006853 0.27533375 -0.88095705 -0.14380319 0.45083021 -0.24729816 0.12274469 0.96113428 -0.11881334 0.01799985 0.99275597 -0.94248291 -0.08948694 -0.32206099 -0.93403884 -0.23743614 -0.26684179 -0.94298275 -0.12295455 -0.30933223 -0.92370446 -0.38078783 -0.04224646 -0.97657635 -0.18813081 -0.10448917 -0.99405428 0.10860406 0.00861073 -0.95402803 0.18179988 0.23830061 -0.93644383 0.11643352 0.33093382 0.06201668 0.30420418 0.95059063 0.13333007 0.29759228 0.94534244 -0.28513532 0.38058098 0.87969933 -0.16839894 -0.47031026 -0.86629115 0.17457899 0.22801772 -0.95787855 -0.99677893 -0.04873855 -0.06377934 -0.79508401 -0.22551522 -0.5630145 -0.74452753 0.02131824 -0.66726032 -0.84497343 -0.04856322 0.5326122 0.9959081 -0.08913493 -0.0150061 0.93397852 0.00517234 0.35729803 0.938724 -0.10032313 0.32976524 0.94459226 0.03746271 0.32611213 -0.12243395 0.13174785 0.98369749 0.78509141 -0.13618989 -0.60422471 0.2197502 0.34036995 0.91426112 0.70476354 0.32868536 0.62871221 0.87048654 -0.24051645 -0.42942407 0.97705861 -0.03664388 0.20981303 0.72509301 -0.28699084 -0.62600169 0.95535424 -0.0099748 0.29531616 0.42034759 0.49135729 0.76282055 0.42377003 0.63503263 0.64587435 -0.15337442 0.399727 0.90371235 -0.14153367 0.47987183 0.86584769 -0.81216036 0.20906223 0.54470485 -0.78406275 0.29579937 0.54566425 -0.92099174 0.2092274 -0.32865213 -0.88095884 0.1438035 -0.45083102 -0.54159838 -0.08693829 -0.83613638 -0.50574684 -0.07838299 -0.85912548 -0.98849239 0.15047189 -0.01560562 -0.99786647 -0.04617028 0.04631482 -0.99330755 0.11540743 -0.00584952 -0.91996856 0.38661592 0.06473565 -0.96062442 0.25700601 0.10560652 -0.99384829 -0.10169204 0.04394633 -0.97668328 -0.21213856 -0.03299538 -0.98725774 -0.15807506 0.01868959 0.44813292 -0.01260453 -0.89388608 0.03188649 -0.29516792 -0.95491328 -0.05791213 -0.15110176 -0.9868268 -0.16839848 0.47030945 0.86628924 0.1745794 -0.22801768 0.95787962 -0.99677321 0.04873759 0.06378056 -0.77666724 0.23506758 0.58441931 -0.74456693 -0.02133458 0.66721365 -0.54617828 -0.41012405 -0.73040587 -0.86096226 -0.04416208 -0.50675916 0.99529364 0.09662982 0.00775849 0.9367105 0.10134856 -0.33512087 0.91771628 -0.23637039 -0.31926472 -0.1258645 -0.13755829 -0.98246582 0.78509308 0.13619011 0.60422602 0.17637871 -0.39892198 -0.89986728 0.4817804 -0.37634678 -0.79136486 -0.46164994 -0.5270214 -0.71353758 -0.56909531 -0.61216471 -0.54899865 -0.56909531 -0.61216471 -0.54899865 0.49446737 -0.43902959 -0.75017519 0.83050416 0.03575116 0.55587184 0.83432399 0.02452939 0.55074465 0.99323382 -0.02373304 -0.11370015 0.95395853 -0.05600295 -0.29467991 0.99912205 0 0.04208459 0.99912205 0 0.04208459 0.99912205 0 0.04208459 0.91716572 0 0.39853056 0.93738808 0 0.34831734 0.99876722 0 0.04968288 0.99988171 0 0.01592721 0.98259004 0 0.18580633 0.98251214 0 0.18621741 0.94064446 0 0.33941279 0.95968374 0 0.28109377 0.94640942 0 0.32297359 0.88945626 0 0.45703103 0.49129116 0.01331661 0.87089775 0.64454386 0.01739424 0.76437695 0.85129427 -0.02231461 0.5242266 0.92152937 -0.09501264 0.37652711 -0.09091586 0.65201667 -0.75273419 -0.02530609 0.58019703 -0.81408487 -0.03393235 0.45885884 -0.88786112 -0.29978027 0.3430147 -0.89021711 -0.22292768 0.01193272 -0.97476872 -0.14533302 0.01516621 -0.98927458 -0.00757725 0.05118863 -0.99866541 0.05229119 0.00931279 -0.99858966 -0.21498688 0.20858548 -0.95408221 -0.11957003 0.02453791 -0.99252566 -0.08802713 0.02664706 -0.99576547 -0.09289394 0 0.99568125 -0.11416131 -0.00389459 0.99346014 0.29433095 0.00149166 -0.95570453 0.29305151 0.0020105 -0.95609774 0.29007828 0 -0.95701142 0.31753973 -0.11829923 -0.9408442 0.31753973 -0.11829923 -0.9408442 0.32315634 -0.12223633 -0.93842157 0.58984857 -0.22762359 -0.77477378 0.51372385 -0.13885035 -0.84664892 0.88352178 -0.04714255 -0.46602913 -0.62281123 -0.07926863 0.77835364 -0.2850514 0 0.9585134 -0.28598663 -0.00020517 0.95823421 -0.61098459 -0.08251308 0.78733672 -0.14141753 -0.26471581 -0.95390399 -0.14251068 -0.17931781 -0.97341963 -0.32568516 -0.11653614 -0.93827172 -0.09909985 0.61175361 -0.78482229 -0.02601856 0.40323963 -0.91472997 -0.10892387 0.07309577 -0.99136319 0.24520578 0.07148988 -0.96683373 0.10508251 -0.03112167 -0.9939818 -0.19524544 -0.12813345 -0.97235538 -0.11885341 -0.10072789 -0.98779323 -0.16700704 -0.00385892 -0.9859493 -0.92916276 0.12519724 0.34784518 -0.92174943 0.1095776 0.37201105 0.29485836 -0.01753633 -0.95538499 0.27992146 -0.01495232 -0.95990964 0.01606086 0.03096745 -0.99939211 -0.07203964 0.61970809 -0.78152842 -0.30538992 0.0049137 -0.95221486 -0.15140834 -0.01145064 -0.98841228 -0.03512851 -0.00169871 0.99938794 -0.04407079 -0.0018777 0.99903514 -0.21492097 0.00140418 -0.97663512 -0.23557089 -0.01165379 -0.97179111 0.17558295 0.56376618 -0.80705701 -0.20761026 0.39481308 -0.89500456 0.01375748 -0.00174041 0.99990746 -0.01249629 0 0.99992832 0.26744213 0.1141396 -0.95679881 -0.10488031 -0.07404336 -0.99173012 0.05219487 0.46455418 -0.88401215 0.05334898 0.48823841 -0.87108068 0.19394365 -0.10954822 -0.97487726 -0.34592481 0.39186542 -0.85252403 0.21359504 0.5835371 0.78349824 0.55808568 0.71544773 0.42033644 0.3297425 0.73863477 0.58795499 0.98524871 0.10971698 0.13141149 0.94344737 0.26039507 -0.20521939 0.25464978 0.94353499 -0.21191034 -0.05509749 0.94735118 0.31542374 0.17148236 0.98173281 0.08245423 -0.08899241 0.93783977 0.33547906 0.91745045 0.38956852 0.0807824 0.38286982 0.66269145 -0.64362911 0.93692764 0.11517581 -0.33002661 0.68093977 0.27707108 0.6779097 0.62118647 0.2972345 0.72511215 0.62118647 0.2972345 0.72511215 0.4616498 -0.52702069 -0.71353824 0.56909513 -0.61216459 -0.54899865 0.56909513 -0.61216459 -0.54899865 -0.49446737 -0.43902968 -0.75017513 -0.83050398 0.03575091 0.55587154 -0.99323245 -0.0237335 -0.1137036 -0.83432363 0.02452921 0.55074441 -0.95395472 -0.05600213 -0.29468664 -0.99911901 0 0.04208419 -0.99911901 0 0.04208419 -0.99911901 0 0.04208419 -0.91716583 0 0.39853053 -0.93738814 0 0.34831734 -0.99876722 0 0.04968288 -0.9998795 0 0.01592703 -0.98259487 0 0.18580628 -0.93930473 0 0.34311195 -0.93930473 0 0.34311195 -0.95796253 0 0.28690028 -0.94641145 0 0.32297359 -0.88945614 0 0.45703109 -0.49129858 0.01332201 0.87089632 -0.85128771 -0.02231533 0.5242269 -0.64454076 0.01739656 0.76437254 -0.92152299 -0.09501385 0.37652223 0.09091813 0.65202079 -0.75273026 0.03393201 0.45886101 -0.88786863 0.02530815 0.58020246 -0.81408171 0.2991935 0.34370045 -0.89014374 0.22292873 0.01192685 -0.97476222 0.14533996 0.01515971 -0.98926785 0.00756499 0.05119066 -0.99866506 -0.05228822 0.00931403 -0.99858972 0.21499952 0.20859674 -0.95408203 0.11956906 0.02453735 -0.99252536 0.08802712 0.02664749 -0.99576547 0.09289427 0 0.99568125 0.1141615 -0.0038946 0.99346014 -0.29433077 0.00149162 -0.95570459 -0.29305335 0.00201072 -0.95609715 -0.29007792 0 -0.95701142 -0.28510135 -0.13027737 -0.94960608 -0.30739935 -0.14588823 -0.94033303 -0.28510135 -0.13027737 -0.94960608 -0.55984801 -0.27491753 -0.78166325 -0.49252792 -0.18950219 -0.84942184 -0.88351719 -0.04714344 -0.46603822 0.62280843 -0.07926101 0.77835167 0.28599139 -0.00020433 0.95823534 0.28505998 0 0.9585134 0.61098382 -0.08250346 0.78733624 0.14251071 -0.1793182 -0.97341957 0.14141751 -0.26471584 -0.95390399 0.32568531 -0.1165361 -0.93827154 0.09909969 0.61175349 -0.78482235 0.0260179 0.40324189 -0.91472932 0.10891155 0.07309317 -0.99136343 -0.24520587 0.07148982 -0.96683379 -0.10508496 -0.03111796 -0.99398246 0.17888209 -0.18325178 -0.96665623 0.09080501 -0.15178659 -0.98424049 0.16591587 -0.03692707 -0.98545076 0.92916288 0.12519731 0.34784512 0.92174115 0.1095819 0.37200691 -0.2799271 -0.0149607 -0.95990869 -0.2948611 -0.01754274 -0.9553844 -0.01605708 0.03096665 -0.99939223 0.07202768 0.61969242 -0.78154189 0.30539001 0.00491382 -0.95221486 0.15141166 -0.01144727 -0.98841276 0.03512854 -0.00169842 0.99938794 0.04407085 -0.0018777 0.99903514 0.21294484 0.0278309 -0.97667493 0.2357535 -0.01297869 -0.97173752 -0.17556077 0.56378209 -0.80706559 0.20761294 0.39481713 -0.8950076 -0.0137626 -0.00173965 0.9999074 0.01248613 0 0.99992832 -0.19020973 0.20842709 -0.95936426 0.16819374 -0.04595177 -0.98468729 -0.05219619 0.46455665 -0.88401376 -0.05334995 0.48824232 -0.87108765 -0.19394622 -0.10955008 -0.97487648 0.3459322 0.39187731 -0.85250907 -0.87479321 -0.31928749 0.36441941 -0.81313269 -0.25984162 0.52086758 -0.83673356 -0.27775901 0.47194361 -0.86012094 0.13312069 0.49241384 -0.75779224 -0.26107162 0.59800553 -0.85847376 0.51151073 -0.03732869 -0.02436844 0.34202872 0.93937536 -0.2408955 0.8362913 0.49253845 -0.28535514 0.07948482 0.95512571 -0.10380229 0.80276958 -0.58720123 0.76387496 -0.35075639 -0.54172784 0.3840713 -0.87115858 0.3059159 0.02432283 0.34202872 0.93937524 0.28534805 0.07943104 0.95513173 0.24085055 0.83630274 0.49255731 0.1038177 0.80275272 -0.58721369 -0.76387448 -0.35075645 -0.54172813 -0.38407133 -0.87115858 0.3059159 -0.9754919 -0.07491771 0.20691735 -0.98133828 0.07595015 -0.17669234 -0.12763056 0.52497118 0.84150933 -0.29866269 0.7617792 0.57489579 -0.54596096 0.70691491 0.44967215 -0.76028968 -0.64841584 0.03910793 -0.32210867 0.57833266 -0.74952782 -0.062659 0.91718598 -0.39350192 0.05473342 0.97225674 0.22743582 0.1982727 0.9133593 0.35563211 -0.12648914 0.9919233 0.01004193 -0.88111787 -0.02607233 0.47217833 -0.4688126 0.40979918 -0.78248812 -0.28435933 0.49640384 -0.82020204 -0.7388059 0.17469169 0.65089265 -0.67903903 0.2162695 0.70152701 -0.67903903 0.2162695 0.70152701 -0.29818564 0.72224296 0.6240665 -0.24325863 0.95438828 0.17311592 -0.97968389 0.20019776 -0.01239468 -0.9825864 0.01518685 0.18522892 -0.11648265 0.94264789 -0.3128121 -0.99234244 0.12310818 -0.01011985 -0.98258497 0.01518681 0.18522866 -0.26860266 0.29660335 0.91645743 -0.12902928 0.14284814 0.98130175 -0.93283077 0.10574315 0.34448133 0.93028845 0.23314298 0.28322568 0.05941239 0.34231819 0.93770494 -0.74088968 0.49271473 0.45641654 -0.02415112 -0.61161253 0.79079504 0.20730755 -0.04757044 0.97712298 -1.00000786 0 0 -0.99998941 0.00474916 0.0000219 -0.16005693 -0.01202681 0.98703488 -0.86173312 0.3817998 0.33415888 0.19075021 -0.57846009 0.79309578 -0.9997144 0.02400833 -0.00064062 -0.69062689 0.04775718 -0.72164024 -0.48774414 -0.66329029 0.56759351 0.24158921 -0.56855702 -0.78638286 -0.16056209 0.09943922 -0.98200937 0.19074987 0.57846069 -0.79309661 0.99996509 -0.00953228 -0.00009908 0.86459891 0.38249059 -0.32585315 0.16197153 0.02018808 -0.98660078 -0.24896389 -0.56786775 -0.78458 0.99907597 -0.04315499 0.00207993 0.68854019 0.05471628 0.72314144 0.46324654 -0.66827753 -0.58207822 -0.20842069 -0.55053663 0.80838583 0.15779107 0.11051384 0.98127123 -0.24896095 0.56786221 0.78457207 -0.99821403 0.05963806 0.00397476 -0.10584374 0.05165851 0.99304821 -0.74352516 0.0018216 0.66870555 -0.99978461 0.02110352 -0.00048097 -0.68733046 0.04845891 -0.72473616 -0.46981757 -0.67373636 0.57040393 0.27194583 -0.53972762 -0.7967071 -0.09667636 0.10224208 -0.9900563 0.69830791 0.00697574 -0.71576572 0.99995091 0.01006168 0.00218551 0.69501225 0.00790242 -0.71896017 0.70708383 -0.00835582 0.70708436 0.71121127 0.00423322 0.70297021 -0.69846163 -0.01508535 0.71549774 -0.99978038 -0.02132947 0.00246197 -0.68957904 0.01491009 -0.72405822 0.98869838 -0.04951697 0.14155246 0.98963179 -0.05056081 0.13446456 0.98646208 -0.04974822 0.15628293 0.98869844 -0.049517 -0.14155223 0.98766329 -0.04919696 -0.14869233 0 0 1.00000369 0 0 1.00000369 0 0 1.00000369 0 0 1.00000321 0 0 1.00000321 0 0 1.00000321 0 0 1.00000321 0 0 1.00000369 0 0 1.00000369 0 0 1.00000369 0 0 1.00000321 0 0 1.0000056 0.98593022 -0.12028319 0.11612073 0.98766329 -0.04919696 0.1486923 0.98845842 -0.05686115 0.14050228 0.98963185 -0.05056082 -0.13446456 0.98593022 -0.12028319 -0.1161207 0.98750146 0.0548797 -0.14779779 -0.98883881 -0.04898814 0.14070551 -0.98781457 -0.04870733 0.14786237 -0.98883881 -0.04898811 -0.14070551 -0.98977592 -0.05000563 -0.13360072 0 0 1.00000369 0 0 1.00000369 0 0 1.00000369 0 0 1.00000321 0 0 1.00000321 0 0 1.00000321 0 0 1.00000321 0 0 1.00000369 0 0 1.00000321 0 0 1.0000056 -0.9835247 -0.11949299 0.13566459 -0.98593058 -0.12028319 0.11612074 -0.98845847 -0.0568612 0.14050224 -0.98781457 -0.04870732 -0.14786238 -0.98593058 -0.12028313 -0.11612068 -0.98750158 0.05487972 -0.14779779 0.24843723 0.30705593 0.91869767 0.93282564 0.10574251 0.34447892 0.09233856 0.14831082 0.98462202 -0.94720783 0.21530946 0.23759518 -0.10302767 0.33803038 0.93547883 0.74089015 0.49271473 0.45641636 0.01477577 -0.58542734 0.81059097 -0.22712182 -0.04213155 0.97295733 1.00000846 0 0 0.99999007 0.00474917 0.00002126 0.86173366 0.38179998 0.33415888 0.16005708 -0.01202684 0.98703529 -0.19075002 -0.57846093 0.79309536 0.99971511 0.02400834 -0.0006403 0.69062731 0.04775726 -0.72164036 0.48774453 -0.66329065 0.56759321 -0.24158932 -0.56855696 -0.78638251 0.16056206 0.09943932 -0.98200937 -0.19075027 0.57846063 -0.79309631 -0.99996581 -0.00953229 -0.00009844 -0.16197161 0.02018813 -0.98660102 -0.86459951 0.38249074 -0.325853 0.24896363 -0.56786817 -0.78457976 -0.99906781 -0.04315465 0.00207929 -0.68853978 0.05471636 0.72314066 -0.46324714 -0.66827801 -0.58207768 0.20842079 -0.55053681 0.80838571 -0.15779107 0.11051387 0.98127141 0.24896126 0.56786197 0.78457201 0.99821492 0.05963811 0.00397412 0.74352581 0.0018216 0.66870567 0.10584655 0.05165736 0.99304768 0.99978551 0.02110352 -0.00048033 0.68733302 0.04845735 -0.72473479 0.46981635 -0.67373547 0.57040435 -0.27194603 -0.53972786 -0.79670645 0.09667636 0.10224222 -0.9900563 -0.69830826 0.00697574 -0.71576578 -0.6950126 0.00790242 -0.71896023 -0.99995138 0.01006171 0.00218568 -0.70708383 -0.00835588 0.70708442 -0.71121127 0.00423323 0.70297009 0.69846163 -0.01508534 0.71549774 0.99978038 -0.02132948 0.00246155 0.68957928 0.01491013 -0.72405816 -0.98869832 -0.04951701 0.14155244 -0.98766323 -0.04919696 0.14869229 -0.98646202 -0.04974784 0.15628291 -0.98869838 -0.04951697 -0.14155246 -0.98963185 -0.05056082 -0.13446454 0 0 1.00000369 0 0 1.00000369 0 0 1.00000369 0 0 1.00000321 0 0 1.00000321 0 0 1.00000321 0 0 1.00000321 0 0 1.00000369 0 0 1.00000381 0 0 1.00000369 0 0 1.00000321 0 0 1.0000056 -0.98341729 -0.11947858 0.13644841 -0.98593052 -0.12028319 0.11612074 -0.9884583 -0.0568612 0.14050225 -0.98766323 -0.04919696 -0.14869233 -0.98593034 -0.12028313 -0.11612067 -0.98750134 0.05487972 -0.14779777 0.98883911 -0.04898811 0.14070554 0.98977621 -0.05000562 0.13360077 0.98883905 -0.04898814 -0.14070554 0.9878148 -0.04870733 -0.1478624 0 0 1.00000369 0 0 1.00000369 0 0 1.00000369 0 0 1.00000321 0 0 1.00000321 0 0 1.00000321 0 0 1.00000321 0 0 1.00000369 0 0 1.00000321 0 0 1.0000056 0.98593052 -0.12028319 0.11612074 0.9878148 -0.04870733 0.1478624 0.98845847 -0.05686115 0.14050227 0.98977621 -0.05000562 -0.13360077 0.98593052 -0.12028319 -0.1161207 0.98750158 0.0548797 -0.14779779 0.87563775 -0.31697638 0.36440046 0.67203441 -0.30718688 0.67380998 0.78746904 -0.3175817 0.52824854 0.72186828 0.34085216 0.60226944 0.86703466 0.49697449 0.03566489 0.82199471 -0.42433317 0.37983362 0.99023738 -0.06882242 0.12122014 0.87563561 0.31697644 -0.36441575 0.78746814 0.31758009 -0.52825295 0.67203006 0.30718444 -0.67380533 0.72186936 -0.34085269 -0.60227028 0.86703782 -0.4969761 -0.03566494 0.82199453 0.42433294 -0.37983362 0.99023863 0.0688272 -0.12123777 0.99388536 -0.0003803 -0.11047598 0.91972579 -0.11041705 0.3767205 0.90313228 0.06735607 0.42404829 0.9769034 0.18454574 0.10774807 0.95261194 -0.23540298 -0.19271338 0.39495336 0.62430975 -0.67398575 0.9981785 0.01750256 -0.05777259 0.89832251 -0.18049949 0.40055539 0.79837824 -0.22248902 0.55955416 0.66704521 0.18710276 0.72114343 0.60305777 -0.33056472 0.72599447 0.49191146 -0.01456621 0.87052832 0.72399194 0.68546281 -0.07743179 0.46735682 0 0.88407676 0.86830847 -0.03341357 0.49490907 0.91526957 -0.17353373 0.36355184 0.45407321 -0.33257039 0.82657485 0.58466571 0.80999438 0.04571822 0.82238684 0.12741374 0.5544849 0.79289127 0 0.60936925 0.62456587 0.02255196 0.78065211 0.62456587 0.02255194 0.78065211 -0.62458894 0.02255168 0.78064204 -0.62458906 0.02255165 0.78064198 -0.42735206 0.24121203 0.87131665 -0.99564674 0.00521373 -0.09311772 -0.8952478 0.07941293 0.43843838 -0.91713758 -0.11214709 0.38246836 -0.95157238 0.2890785 0.10467286 -0.99988457 0.00843119 -0.01276447 -0.88406043 -0.04944844 0.46475588 -0.62411752 -0.30094339 0.72105766 -0.62715241 0.07460944 0.77531613 -0.48004072 -0.3258387 0.81449185 -0.32633482 0.26575442 0.90713539 -0.39704393 0.89659958 0.19616554 -0.84284793 0.43053408 0.32290058 -0.84070288 -0.00974125 0.54141593 -0.95907577 -0.12261884 0.25525379 -0.82270108 0.16267147 0.54470372 -0.79289074 0 0.60936871</float_array>
          
            <technique_common>
              <accessor source="#obelix_geom_tangents_array" count="2109" stride="3">
                <param name="X" type="float"/>
                <param name="Y" type="float"/>
                <param name="Z" type="float"/>
              </accessor>
            </technique_common>
          </source>
        
          <source id="obelix_geom_uvMap0" name="uvMap0">
            <float_array id="obelix_geom_uvMap0_array" count="4218">0.25984302 0.15928703 0.42519699 0.15928703 0.25984302 0.01587301 0.42519699 0.01587301 0.35433103 0.39682506 0.25984302 0.49206304 0.25984302 0.98412701 0.45770901 0.986829 0.34645702 0.34920595 0.34645702 0.205792 0.25984302 0.205792 0.25984302 0.34920595 0.42519699 0.205792 0.42519699 0.34920595 0.45770901 0.39412402 0.42519699 0.01587301 0.42519699 0.15928703 0.25984302 0.15928703 0.25984302 0.01587301 0.42519699 0.01587301 0.42519699 0.15928703 0.25984302 0.15928703 0.25984302 0.01587301 0.42519699 0.01587301 0.42519699 0.15928703 0.25984302 0.15928703 0.25984302 0.01587301 0.25984302 0.15928703 0.25984302 0.01587301 0.42519699 0.15928703 0.42519699 0.01587301 0.25984302 0.15928703 0.25984302 0.01587301 0.42519699 0.15928703 0.42519699 0.01587301 0.42519699 0.205792 0.42519699 0.34920595 0.25984302 0.34920595 0.25984302 0.205792 0.25984302 0.34920595 0.25984302 0.205792 0.42519699 0.34920595 0.42519699 0.205792 0.25984302 0.34920595 0.25984302 0.205792 0.42519699 0.34920595 0.42519699 0.205792 0.25984302 0.34920595 0.25984302 0.205792 0.42519699 0.34920595 0.42519699 0.205792 0.25984302 0.34920595 0.25984302 0.205792 0.42519699 0.34920595 0.42519699 0.205792 0.23621999 0.58730203 0.00787399 0.60317502 0.00787399 0.32718895 0.23621999 0.34920595 0.23621999 0.32718895 0.00787399 0.57142901 0.00787399 0.34920595 0.23621999 0.609319 0.23621999 0.609319 0.00787399 0.58730203 0.00787399 0.34920595 0.23621999 0.32718895 0.67818102 0.98822298 0.67818102 0.64669696 0.47929903 0.64669696 0.47929903 0.98822298 0.47929903 0.64669696 0.47929903 0.98822298 0.67818102 0.98822298 0.67818102 0.64669696 0.67716506 0.93650802 0.47929903 0.98822298 0.67716506 0.68253997 0.47929903 0.64669696 0.42519699 0.15928703 0.42519699 0.01587301 0.42519699 0.205792 0.42519699 0.34920595 0.062992 0.69841305 0.031496 0.93650802 0.062992 0.93650802 0.031496 0.69841305 0.00787399 0.93650802 0.00787399 0.69841305 0.23621999 0.69841305 0.212598 0.93650802 0.23621999 0.93650802 0.212598 0.69841305 0.18897601 0.93650802 0.18897601 0.69841305 0.15748001 0.93650802 0.15748001 0.69841305 0.12598399 0.93650802 0.12598399 0.69841305 0.094488 0.93650802 0.094488 0.69841305 0.094488 0.98412701 0.062992 0.98412701 0.00787399 0.98412701 0.212598 0.98412701 0.23621999 0.98412701 0.18897601 0.98412701 0.15748001 0.98412701 0.12598399 0.98412701 0.094488 0.650794 0.062992 0.650794 0.00787399 0.650794 0.212598 0.650794 0.23621999 0.650794 0.17322802 0.650794 0.12598399 0.650794 0.077216 0.00972902 0.07874 0.15873003 0.00965199 0.06809997 0.13995398 0.06809997 0.00965199 0.21403002 0.077216 0.29185903 0.13995398 0.20430099 0.077216 0.00972902 0.07874 0.15873003 0.00965199 0.06809997 0.00965199 0.21403002 0.077216 0.29185903 0.13995398 0.20430099 0.13995398 0.06809997 0.077216 0.00972902 0.07874 0.15873003 0.00965199 0.06809997 0.00965199 0.21403002 0.077216 0.29185903 0.13995398 0.20430099 0.13995398 0.06809997 0.077216 0.00972902 0.07874 0.15873003 0.00965199 0.06809997 0.00965199 0.21403002 0.077216 0.29185903 0.13995398 0.20430099 0.13995398 0.06809997 0.077216 0.00972902 0.07874 0.15873003 0.00965199 0.06809997 0.00965199 0.21403002 0.077216 0.29185903 0.13995398 0.20430099 0.13995398 0.06809997 0.070866 0.01587301 0.070866 0.15873003 0.00965199 0.06809997 0.00965199 0.21403002 0.070866 0.28571402 0.13995398 0.20430099 0.13995398 0.06809997 0.16535398 0.09523803 0.23621999 0.01587301 0.16535398 0.01587301 0.23621999 0.09523803 0.16535398 0.09523803 0.23621999 0.01587301 0.16535398 0.01587301 0.23621999 0.09523803 0.16535398 0.09523803 0.23621999 0.01587301 0.16535398 0.01587301 0.23621999 0.09523803 0.16535398 0.09523803 0.23621999 0.01587301 0.16535398 0.01587301 0.23621999 0.09523803 0.16535398 0.09523803 0.23621999 0.01587301 0.16535398 0.01587301 0.23621999 0.09523803 0.88348 0.73814303 0.76378001 0.66666696 0.76378001 0.82539694 0.81102399 0.95238098 0.81013499 0.55034101 0.88188998 0.52381002 0.881016 0.98842104 0.77165396 0.01587301 0.77165396 0.26984101 0.70078696 0.26984101 0.70078696 0.01587301 0.50962203 0.01018202 0.679355 0.01018202 0.679355 0.22791397 0.50962203 0.22791397 0.50962203 0.01018202 0.850394 0.01587301 0.850394 0.26984101 0.679355 0.01018202 0.679355 0.22791397 0.86614202 0.01587301 0.92913397 0.26984101 0.99212601 0.26984101 0.92913397 0.01587301 0.99212601 0.01587301 0.50962203 0.01018202 0.50962203 0.22791397 0.50962203 0.22791397 0.679355 0.22791397 0.679355 0.01018202 0.50962203 0.01018202 0.91338601 0.47619002 0.79527594 0.47619002 0.20516501 0.21522199 0.181102 0.14285701 0.16535398 0.17460298 0.20472398 0.14285701 0.16535398 0.22222196 0.17516702 0.27736299 0.20472398 0.28571402 0.77165396 0.01587301 0.77165396 0.26984101 0.51144295 0.22547501 0.67753401 0.22547501 0.67753401 0.01261997 0.51144295 0.22547501 0.51144295 0.01261997 0.850394 0.01587301 0.850394 0.26984101 0.67753401 0.22547501 0.67753401 0.01261997 0.86614202 0.01587301 0.92913397 0.26984101 0.92913397 0.01587301 0.51144295 0.22547501 0.51144295 0.01261997 0.67716506 0.22222196 0.67716506 0.01587301 0.23621999 0.17460298 0.228346 0.14285701 0.23621999 0.22222196 0.23511099 0.27623104 0.60524896 0.41693102 0.62519696 0.26560795 0.57532799 0.26560795 0.57532799 0.41693102 0.64514402 0.41693102 0.67506602 0.26560795 0.67506602 0.41693102 0.543307 0.41269802 0.54540699 0.26560795 0.86614202 0.26984101 0.80315004 0.26984101 0.79527594 0.190476 0.74658603 0.27374398 0.78740204 0.26984101 0.81889801 0.190476 0.83464603 0.38095199 0.88197492 0.37805597 0.77165396 0.38095199 0.73228294 0.38095199 0.85826801 0.44444399 0.80315004 0.44444399 0.75290293 0.44684099 0.77952803 0.38095199 0.81102399 0.44444399 0.83464603 0.26984101 0.84252004 0.38095199 0.80315004 0.49206304 0.60524896 0.41693102 0.57532799 0.26560795 0.62519696 0.26560795 0.57532799 0.41693102 0.64514402 0.41693102 0.67506602 0.26560795 0.67506602 0.41693102 0.543307 0.41269802 0.54540699 0.26560795 0.25984302 0.15928703 0.25984302 0.01587301 0.35433103 0.39682506 0.25984302 0.98412701 0.25984302 0.49206304 0.34645702 0.34920595 0.25984302 0.205792 0.34645702 0.205792 0.25984302 0.34920595 0.42519699 0.01587301 0.25984302 0.15928703 0.42519699 0.15928703 0.25984302 0.01587301 0.42519699 0.01587301 0.25984302 0.15928703 0.42519699 0.15928703 0.25984302 0.01587301 0.42519699 0.01587301 0.25984302 0.15928703 0.42519699 0.15928703 0.25984302 0.01587301 0.25984302 0.15928703 0.42519699 0.15928703 0.25984302 0.01587301 0.42519699 0.01587301 0.25984302 0.15928703 0.25984302 0.01587301 0.25984302 0.34920595 0.42519699 0.34920595 0.25984302 0.205792 0.42519699 0.205792 0.25984302 0.34920595 0.42519699 0.34920595 0.25984302 0.205792 0.42519699 0.205792 0.25984302 0.34920595 0.42519699 0.34920595 0.25984302 0.205792 0.42519699 0.205792 0.25984302 0.34920595 0.42519699 0.34920595 0.25984302 0.205792 0.42519699 0.205792 0.25984302 0.34920595 0.25984302 0.205792 0.23621999 0.58730203 0.00787399 0.32718895 0.00787399 0.60317502 0.23621999 0.34920595 0.23621999 0.32718895 0.00787399 0.34920595 0.00787399 0.57142901 0.23621999 0.609319 0.23621999 0.609319 0.00787399 0.34920595 0.00787399 0.58730203 0.23621999 0.32718895 0.67818102 0.98822298 0.47929903 0.64669696 0.67818102 0.64669696 0.47929903 0.98822298 0.67818102 0.98822298 0.67818102 0.64669696 0.67716506 0.93650802 0.67716506 0.68253997 0.47929903 0.98822298 0.47929903 0.64669696 0.42519699 0.15928703 0.42519699 0.01587301 0.42519699 0.205792 0.42519699 0.34920595 0.077216 0.00972902 0.00965199 0.06809997 0.07874 0.15873003 0.13995398 0.06809997 0.00965199 0.21403002 0.077216 0.29185903 0.13995398 0.20430099 0.077216 0.00972902 0.00965199 0.06809997 0.07874 0.15873003 0.00965199 0.21403002 0.077216 0.29185903 0.13995398 0.20430099 0.13995398 0.06809997 0.077216 0.00972902 0.00965199 0.06809997 0.07874 0.15873003 0.00965199 0.21403002 0.077216 0.29185903 0.13995398 0.20430099 0.13995398 0.06809997 0.077216 0.00972902 0.00965199 0.06809997 0.07874 0.15873003 0.00965199 0.21403002 0.077216 0.29185903 0.13995398 0.20430099 0.13995398 0.06809997 0.077216 0.00972902 0.00965199 0.06809997 0.07874 0.15873003 0.00965199 0.21403002 0.077216 0.29185903 0.13995398 0.20430099 0.13995398 0.06809997 0.070866 0.01587301 0.00965199 0.06809997 0.070866 0.15873003 0.00965199 0.21403002 0.070866 0.28571402 0.13995398 0.20430099 0.13995398 0.06809997 0.16535398 0.09523803 0.16535398 0.01587301 0.23621999 0.01587301 0.23621999 0.09523803 0.16535398 0.09523803 0.16535398 0.01587301 0.23621999 0.01587301 0.23621999 0.09523803 0.16535398 0.09523803 0.16535398 0.01587301 0.23621999 0.01587301 0.23621999 0.09523803 0.16535398 0.09523803 0.16535398 0.01587301 0.23621999 0.01587301 0.23621999 0.09523803 0.76378001 0.82539694 0.76378001 0.66666696 0.81102399 0.95238098 0.81013499 0.55034101 0.48235302 0.25984299 0.55686301 0.25984299 0.48235302 0.36220501 0.55686301 0.36220501 0.078431 0.25984299 0.082353 0.36220501 0.003922 0.36220501 0.003922 0.25984299 0.101961 0.45669305 0.003922 0.45669305 0.09803901 0.55905503 0.003922 0.55905503 0.09803901 0.66141698 0.003922 0.66141698 0.32156898 0.45669305 0.4 0.45669305 0.39607801 0.55905503 0.32941203 0.55905503 0.24313701 0.55905503 0.24313701 0.45669305 0.32941203 0.66141698 0.23921601 0.66141698 0.47058799 0.45669305 0.40784301 0.36220501 0.309804 0.36220501 0.254902 0.36220501 0.16862699 0.45669305 0.16078399 0.36220501 0.32941203 0.76378001 0.23921601 0.76378001 0.39607801 0.66141698 0.39607801 0.76378001 0.39607801 0.87401603 0.32156898 0.87401603 0.23921601 0.87401603 0.09803901 0.76378001 0.05098 0.83464603 0.003922 0.83464603 0.172549 0.66141698 0.09803901 0.66141698 0.172549 0.55905503 0.09803901 0.55905503 0.55686301 0.55905503 0.55686301 0.66141698 0.458824 0.66141698 0.462745 0.55905503 0.32941203 0.55905503 0.32941203 0.66141698 0.23921601 0.66141698 0.24313701 0.55905503 0.23921601 0.76378001 0.32941203 0.76378001 0.172549 0.76378001 0.09803901 0.76378001 0.09803901 0.87401603 0.172549 0.87401603 0.23921601 0.87401603 0.32156898 0.87401603 0.55686301 0.83464603 0.509804 0.83464603 0.458824 0.76378001 0.74117602 0.911886 0.76082105 0.92363497 0.75686301 0.90601202 0.77760798 0.92504694 0.77647097 0.90601202 0.80392204 0.90601202 0.79607792 0.89426296 0.80784301 0.86489205 0.8 0.85901801 0.80784301 0.82964597 0.71764696 0.78852607 0.71764696 0.80614899 0.75686301 0.78852607 0.75686301 0.80614899 0.74902005 0.88838898 0.733333 0.88838898 0.77254898 0.88838898 0.78431399 0.86489205 0.78823496 0.82964597 0.76470602 0.82964597 0.768627 0.86489205 0.74117602 0.82964597 0.71372605 0.82964597 0.745098 0.86489205 0.71764696 0.86489205 0.79215695 0.80315004 0.69019703 0.89426296 0.70589102 0.90601202 0.72156901 0.882515 0.69411806 0.87076603 0.72943295 0.90601202 0.66665599 0.87076603 0.65097997 0.91338601 0.95294096 0.28346502 0.921429 0.37629799 0.96078398 0.40005099 0.99609198 0.31953595 0.74120397 0.99412604 0.78828693 0.97650297 0.74120397 0.96475401 0.99609198 0.26613795 0.63134292 0.88838898 0.60387799 0.88838898 0.6313729 0.96850403 0.59215701 0.984252 0.78985501 0.634316 0.75984401 0.63461599 0.77485002 0.66298792 0.76866902 0.71216101 0.75984401 0.67244497 0.68627391 0.83552109 0.66665599 0.80586003 0.99607792 0.37500898 0.99607792 0.41135996 0.91764696 0.22002798 0.89803897 0.25984299 0.89019601 0.31604002 0.84705905 0.31604002 0.89019601 0.36404596 0.65097997 0.850394 0.65490201 0.755906 0.99607792 0.19685 0.58425998 0.96475401 0.57248997 0.97650297 0.59148502 0.99412604 0.79215098 0.91785701 0.78037996 0.93605699 0.79607392 0.97852506 0.80392204 0.95425799 0.57248997 0.89426296 0.58388698 0.90601202 0.63146797 0.99412604 0.61957297 0.76339204 0.61172602 0.83012806 0.6313729 0.823772 0.92156901 0.59826106 0.88235293 0.59826106 0.91764696 0.67686501 0.88235293 0.67686501 0.97254898 0.64550504 0.95686301 0.64550504 0.95686301 0.67694691 0.99607792 0.66908601 0.99607792 0.64550504 0.89267789 0.77090395 0.92100795 0.70078696 0.87586997 0.70078696 0.90596201 0.77952803 0.87210898 0.84252004 0.93229296 0.90551205 0.96238496 0.87401603 0.92853101 0.95275601 0.86834697 0.92125996 0.92853101 0.97637792 0.86834697 0.96850403 0.96078398 0.67686501 0.96078398 0.58253997 0.93229296 0.99212601 0.81960796 0.37604795 0.85490201 0.42405402 0.81960796 0.48814701 0.81960796 0.31604002 0.88235293 0.42405402 0.91484602 0.43224203 0.95434203 0.456218 0.88235293 0.48814701 0.92156901 0.48814701 0.99607792 0.48814701 0.88235293 0.51179695 0.92156901 0.51179695 0.63134292 0.72390897 0.677632 0.70955802 0.66248396 0.681451 0.68671999 0.78919602 0.69019607 0.72440899 0.64313701 0.79527594 0.568627 0.82964597 0.568627 0.76502902 0.79585696 0.68190196 0.783853 0.69135902 0.79585696 0.74810208 0.783853 0.74810208 0.38823502 0.88188998 0.38823502 0.93700804 0.31372596 0.93700804 0.31372596 0.88188998 0.23529399 0.88188998 0.23529399 0.93700804 0.23529399 0.99212601 0.31372596 0.99212601 0.156863 0.99212601 0.156863 0.93700804 0.082353 0.93700804 0.003922 0.88188998 0.082353 0.88188998 0.003922 0.93700804 0.082353 0.99212601 0.003922 0.99212601 0.99707397 0.77952803 0.99766698 0.69778803 0.92156901 0.59826106 0.91764696 0.67686501 0.97254898 0.64550504 0.99607792 0.66908601 0.99607792 0.64550504 0.81861202 0.76378001 0.84546105 0.69773302 0.85907202 0.77799696 0.87586997 0.70078696 0.86834697 0.92125996 0.87210898 0.84252004 0.93229296 0.90551205 0.92853101 0.95275601 0.96078398 0.67686501 0.96078398 0.58253997 0.90596201 0.77952803 0.96238496 0.87401603 0.92853101 0.97637792 0.86834697 0.96850403 0.92100795 0.70078696 0.89267789 0.77090395 0.92156901 0.51179695 0.003922 0.99212601 0.003922 0.93700804 0.09411801 0.93700804 0.09411801 0.99212601 0.23921601 0.88188998 0.23921601 0.93700804 0.16470599 0.88188998 0.16470599 0.93700804 0.31372596 0.93700804 0.31372596 0.88188998 0.31372596 0.99212601 0.23921601 0.99212601 0.38823502 0.99212601 0.38823502 0.93700804 0.46666702 0.93700804 0.46666702 0.88188998 0.55686301 0.88188998 0.55686301 0.93700804 0.46666702 0.99212601 0.55686301 0.99212601 0.81823997 0.69773302 0.96078398 0.51179695 0.99607792 0.58253997 0.99607792 0.51179695 0.85907202 0.77799696 0.84546105 0.69773302 0.81861202 0.76378001 0.81823997 0.69773302 0.99607792 0.58253997 0.99607792 0.51179695 0.96078398 0.51179695 0.38823502 0.99212601 0.70981503 0.92363497 0.79585696 0.65353004 0.77259201 0.74740703 0.76082105 0.74740703 0.71372605 0.74803103 0.73216403 0.75171901 0.72307599 0.71424294 0.73426206 0.76276995 0.75297392 0.66516701 0.75297392 0.63579598 0.701868 0.64865902 0.71398694 0.67676696 0.75297392 0.70628691 0.9962379 0.85826801 0.72307599 0.71424294 0.73216403 0.75171901 0.39607801 0.76378001 0.39607801 0.87401603 0.458824 0.83464603 0.39607801 0.66141698 0.39607801 0.55905503 0.172549 0.55905503 0.172549 0.66141698 0.172549 0.76378001 0.172549 0.87401603 0.09803901 0.83464603 0.458824 0.76378001 0.458824 0.87401603 0.458824 0.66141698 0.462745 0.55905503 0.38823502 0.88188998 0.55686301 0.99212601 0.462745 0.99212601 0.462745 0.93700804 0.55686301 0.93700804 0.462745 0.88188998 0.55686301 0.88188998 0.156863 0.88188998 0.55686301 0.87401603 0.55686301 0.76378001 0.003922 0.87401603 0.003922 0.76378001 0.55686301 0.66141698 0.003922 0.66141698 0.55686301 0.55905503 0.003922 0.55905503 0.55686301 0.45669305 0.16470599 0.99212601 0.09411801 0.88188998 0.003922 0.88188998 0.090196 0.36220501 0.078431 0.25984299 0.003922 0.36220501 0.55686301 0.36220501 0.48235302 0.36220501 0.48235302 0.25984299 0.47058799 0.45669305 0.55686301 0.45669305 0.16862699 0.45669305 0.24313701 0.45669305 0.32156898 0.45669305 0.16470599 0.36220501 0.101961 0.45669305 0.129412 0.36220501 0.254902 0.36220501 0.309804 0.36220501 0.41176497 0.36220501 0.4 0.45669305 0.447059 0.23628902 0.447059 0.11810999 0.40392198 0.11810999 0.39607801 0.23621999 0.248158 0.23628902 0.247059 0.11810999 0.20784298 0.11810999 0.20915799 0.23628902 0.29495802 0.23628902 0.27843102 0.11810999 0.31835796 0.23628902 0.31372596 0.11810999 0.35686304 0.23621999 0.36078398 0.11810999 0.27058797 0.02362197 0.309804 0.02362197 0.35686304 0.02362197 0.40392198 0.07874 0.40392198 0.02362197 0.247059 0.02362197 0.247059 0.07874 0.20784298 0.02362197 0.20784298 0.07874 0.447059 0.07874 0.447059 0.02362197 0.003922 0.45669305 0.80784301 0.63579598 0.80784301 0.67104098 0.568627 0.93538298 0.57641297 0.93538298 0.780392 0.98825099 0.76472301 0.98825099 0.74511505 0.97650297 0.95434203 0.48818599 0.26765799 0.01078897 0.31055797 0.01078897 0.35735799 0.01078897 0.248158 0.01078897 0.20915799 0.01078897 0.447059 0.01078897 0.404159 0.01078897 0.14721 0.08381998 0.17134201 0.08381998 0.157983 0.04724401 0.14268501 0.04749798 0.18340902 0.04749798 0.19579799 0.08661401 0.2 0.04724401 0.18319301 0 0.15601 0.00279402 0.74039901 0.78174795 0.71764696 0.77952803 0.83073203 0.86614202 0.81944798 0.85826801 0.86082403 0.85826801 0.82481603 0.86955003 0.81932501 0.86955003 0.81932501 0.885469 0.82431696 0.885469 0.84577797 0.889764 0.81932501 0.93322607 0.81932501 0.95710506 0.82381801 0.951135 0.82431696 0.93123599 0.82385103 0.96497693 0.81932501 0.97302403 0.82390295 0.97687097 0.81960796 0.98862602 0.824769 0.9909329 0.83180503 0.95710506 0.82917397 0.93226995 0.82781105 0.951135 0.83063201 0.9909329 0.83180503 0.96904399 0.82831101 0.97700401 0.83829503 0.89342801 0.83729605 0.91531696 0.83979206 0.89541797 0.83879404 0.93521603 0.84178899 0.93322607 0.84278695 0.913327 0.83986406 0.97358801 0.83845006 0.96144797 0.83829503 0.97103395 0.81878201 0.61044297 0.81878201 0.57314503 0.84664599 0.57314503 0.84664599 0.61665997 0.85926102 0.95312508 0.86175696 0.93720605 0.85787402 0.93226995 0.86225597 0.95312508 0.85926102 0.97103395 0.86225597 0.97103395 0.85876207 0.9909329 0.86225597 0.9909329 0.862756 0.88745902 0.862756 0.86955003 0.85876207 0.87353001 0.85876207 0.89143895 0.86026601 0.92413201 0.85876207 0.90934797 0.611765 0.69291297 0.61067793 0.63588998 0.570176 0.63577292 0.568627 0.69291297 0.61067793 0.73187 0.570176 0.73022903 0.60990199 0.77276898 0.570176 0.77382404 0.86425297 0.93720605 0.86325501 0.92725601 0.86175696 0.92725601 0.860759 0.91730698 0.86265694 0.92006399 0.570176 0.82468496 0.61067793 0.84999899 0.86624996 0.93521603 0.86624996 0.92924597 0.86475204 0.92924597 0.87373797 0.93322607 0.87373797 0.92327692 0.87224094 0.92526694 0.86974399 0.92924597 0.87070696 0.93601801 0.86823098 0.93601801 0.86824696 0.92924597 0.86425297 0.92327692 0.86325501 0.91133692 0.60987201 0.66895697 0.61067793 0.63588998 0.568627 0.63579598 0.568627 0.67104098 0.61067793 0.74930102 0.568627 0.74740703 0.87141399 0.64774105 0.87141399 0.60422698 0.86475204 0.91730698 0.86974399 0.92526694 0.86824696 0.92526694 0.86624996 0.92526694 0.87141399 0.67882302 0.85902999 0.67882302 0.84664599 0.67882302 0.86624996 0.86955003 0.86624996 0.87551902 0.87373797 0.91730698 0.87224094 0.90934797 0.86971699 0.91607197 0.87074296 0.91929694 0.86824696 0.91531696 0.86824696 0.91929694 0.86624996 0.92139097 0.86824696 0.9212869 0.87074296 0.9212869 0.61168692 0.73022903 0.570176 0.77382404 0.61067793 0.776168 0.570176 0.73022903 0.611765 0.69291297 0.568627 0.69291297 0.61067793 0.63588998 0.570176 0.63577292 0.87373797 0.90735801 0.86974399 0.90934797 0.86824696 0.90934797 0.86624996 0.90942301 0.86824696 0.90536799 0.86624996 0.90337797 0.87074296 0.90536799 0.61067793 0.776168 0.570176 0.84648298 0.61067793 0.84999899 0.570176 0.77382404 0.570176 0.77382404 0.61067793 0.84999899 0.61067793 0.77371205 0.570176 0.84648298 0.59445405 0.84999899 0.81878201 0.67882302 0.82806997 0.67882302 0.61168692 0.73022903 0.570176 0.73022903 0.611765 0.69291297 0.568627 0.69291297 0.61067793 0.63736102 0.570176 0.63577292 0.87219296 0.894796 0.87373797 0.90138795 0.87342004 0.89158397 0.86974399 0.89342801 0.86971699 0.90011503 0.86824696 0.89342801 0.86823098 0.90011503 0.86624996 0.89939796 0.86624996 0.89213596 0.87070696 0.88947694 0.86823098 0.88947694 0.86624996 0.88745902 0.87074296 0.90337797 0.86824696 0.90337797 0.86774801 0.86955003 0.86824696 0.87551902 0.86974399 0.87551902 0.86974399 0.86955003 0.87342004 0.87124096 0.87174098 0.87551902 0.61168692 0.73022903 0.570176 0.73022903 0.611765 0.69291297 0.568627 0.69291297 0.61168692 0.63577292 0.570176 0.63577292 0.86983202 0.88344698 0.86824696 0.88148896 0.86624996 0.88148896 0.87342004 0.88344698 0.87074296 0.885469 0.86824696 0.885469 0.83829503 0.9909329 0.83979206 0.9909329 0.83979206 0.86955003 0.83829503 0.86955003 0.84346805 0.99081203 0.84113298 0.97461297 0.842328 0.98862602 0.84536205 0.97257294 0.84113298 0.87124096 0.84122603 0.89541797 0.84328698 0.86955003 0.84328698 0.89342801 0.84328698 0.96108498 0.85426901 0.97302403 0.85426901 0.9909329 0.85426901 0.96108498 0.85327099 0.93322607 0.85377 0.91133692 0.85327099 0.89143895 0.85426901 0.86955003 0.82980798 0.88347898 0.83080701 0.86955003 0.82331799 0.90337797 0.82831101 0.89939796 0.82831101 0.96506401 0.84778003 0.93123599 0.84827898 0.913327 0.74902005 0.94488205 0.70981503 0.95300605 0.709804 0.99212601 0.74902005 0.99212601 0.678431 0.92913397 0.78436298 0.929509 0.74120397 0.929509 0.678431 0.95275601 0.65097997 0.99212601 0.75686301 0.90601202 0.77647097 0.90601202 0.79607792 0.89426296 0.8 0.85901801 0.71764696 0.80614899 0.75686301 0.80614899 0.733333 0.88838898 0.74902005 0.88838898 0.77254898 0.88838898 0.78431399 0.86489205 0.78823496 0.82964597 0.76470602 0.82964597 0.768627 0.86489205 0.74117602 0.82964597 0.71372605 0.82964597 0.71764696 0.86489205 0.745098 0.86489205 0.69019703 0.89426296 0.69411806 0.87076603 0.72156901 0.882515 0.70589102 0.90601202 0.66665599 0.87076603 0.65097997 0.91338601 0.74120397 0.96475401 0.63134292 0.88838898 0.6313729 0.96850403 0.60387799 0.88838898 0.59215701 0.97637792 0.77485002 0.66298792 0.76866902 0.71216101 0.66665599 0.80586003 0.68627391 0.83552109 0.58425998 0.96475401 0.59136003 0.99412604 0.57236498 0.97650297 0.80782608 0.94838299 0.79997892 0.97265096 0.78428496 0.93018301 0.79605497 0.91198196 0.57236498 0.89426296 0.58376205 0.90601202 0.63134292 0.99412604 0.76074297 0.99085202 0.77254898 0.98825099 0.75289602 0.978718 0.63134292 0.72390897 0.66248396 0.681451 0.677632 0.70955802 0.65490201 0.755906 0.68671999 0.78919602 0.69019607 0.72440899 0.61172602 0.83012806 0.60784301 0.76502902 0.79585696 0.68190196 0.79585696 0.74810208 0.783853 0.69135902 0.783853 0.74810208 0.70981503 0.92363497 0.79585696 0.65353004 0.77259201 0.74740703 0.71372605 0.74803103 0.73426206 0.76276995 0.701868 0.64865902 0.71398694 0.67676696 0.80784301 0.74740703 0.568627 0.93538298 0.57641297 0.93538298 0.78823496 0.98237689 0.74039901 0.78174795 0.71764696 0.77952803 0.70981503 0.95300605 0.70981503 0.98825099 0.678431 0.95275601 0.65097997 0.99212601 0.678431 0.92913397 0.78436298 0.929509 0.74120397 0.929509 0.84977601 0.97302403 0.84927694 0.9909329 0.84877799 0.96108498 0.84927694 0.86955003 0.84827898 0.89143895 0.84827898 0.94715508 0.84178899 0.94516506 0.85377 0.94516506 0.83073203 0.86614202 0.81944798 0.85826801 0.86082403 0.85826801 0.82439099 0.87124096 0.82398198 0.88519101 0.81960796 0.88344698 0.81960796 0.87124096 0.84577797 0.889764 0.82439099 0.952612 0.81960796 0.95668098 0.81960796 0.93226995 0.82398198 0.93123599 0.82439099 0.96481802 0.82439099 0.97702404 0.81960796 0.97295495 0.81960796 0.98922898 0.82439099 0.98922898 0.82752608 0.951256 0.82955102 0.93323799 0.83157699 0.95726206 0.83036999 0.98922898 0.828032 0.97728201 0.83157699 0.96927394 0.83815907 0.89319901 0.83967797 0.89520095 0.83714609 0.91521998 0.828099 0.89989798 0.828099 0.91668494 0.83866505 0.93523999 0.83410804 0.92322799 0.83512108 0.94124599 0.83512108 0.95726206 0.83815907 0.97127594 0.83512108 0.97327794 0.83815907 0.961266 0.84271602 0.91321798 0.842328 0.93226995 0.83975105 0.97384604 0.83993695 0.98922898 0.83874105 0.98922898 0.83410804 0.88318901 0.83036999 0.87124096 0.83395801 0.87124096 0.83036999 0.88344698 0.83395801 0.98922898 0.83993695 0.87124096 0.83874105 0.87124096 0.842328 0.98922898 0.84159802 0.97423895 0.84113298 0.87124096 0.84170298 0.89520095 0.84322207 0.961266 0.84532802 0.972824 0.84322207 0.89319901 0.82296894 0.90320899 0.828032 0.96526994 0.80784301 0.61417297 0.78431399 0.52755904 0.78431399 0.61417297 0.80784301 0.52755904 0.70148499 0.52236598 0.70148499 0.44613801 0.66036603 0.45200204 0.66036603 0.52822899 0.70169897 0.61618397 0.74588902 0.61618397 0.74554104 0.52822899 0.73966701 0.440275 0.63529393 0.52755904 0.63529393 0.44881903 0.61568597 0.52755904 0.61568597 0.44881903 0.63529393 0.61417297 0.61568597 0.61417297 0.78431399 0.44094502 0.80784301 0.44094502 0.76316304 0.52822899 0.76316304 0.61618397 0.76316304 0.440275 0.842328 0.94447501 0.80398099 0.94713207 0.81878201 0.61044297 0.84664599 0.61665997 0.84664599 0.57314503 0.81878201 0.57314503 0.85942505 0.953258 0.85787402 0.93226995 0.86195694 0.93724205 0.86246298 0.97127594 0.85942505 0.97127594 0.86246298 0.953258 0.86265694 0.98922898 0.85906999 0.98922898 0.86296992 0.88719301 0.85891901 0.89119695 0.85906999 0.87530999 0.86265694 0.87124096 0.860741 0.92414602 0.85891901 0.90921398 0.611765 0.69291297 0.570176 0.63577292 0.61067793 0.63588998 0.568627 0.69291297 0.61067793 0.73187 0.570176 0.73022903 0.60990199 0.77276898 0.570176 0.77382404 0.86026601 0.92820098 0.86265694 0.92820098 0.86385302 0.93633797 0.86026601 0.91599496 0.86246298 0.91922398 0.570176 0.82468496 0.61067793 0.84999899 0.86651401 0.92923393 0.86651401 0.93523999 0.86499499 0.92923393 0.87342004 0.93226995 0.87258999 0.92522993 0.87342004 0.92413201 0.87005798 0.92923393 0.87103496 0.93604698 0.86852305 0.93604698 0.86853902 0.92923393 0.86385302 0.92413201 0.86265694 0.91192694 0.60987201 0.66895697 0.568627 0.63579598 0.61067793 0.63588998 0.568627 0.67104098 0.61067793 0.74930102 0.568627 0.74740703 0.87141399 0.64774105 0.87141399 0.60422698 0.86499499 0.91722204 0.87005798 0.92522993 0.86853902 0.92522993 0.86651401 0.92522993 0.85902999 0.67882302 0.87141399 0.67882302 0.84664599 0.67882302 0.86624496 0.87124096 0.86651401 0.875181 0.87107096 0.91922398 0.87002997 0.91597994 0.87258999 0.91321798 0.87342004 0.91599496 0.86853902 0.91521998 0.86853902 0.91922398 0.86651401 0.92133095 0.86853902 0.92122598 0.87107096 0.92122598 0.61168692 0.73022903 0.61067793 0.776168 0.570176 0.77382404 0.570176 0.73022903 0.568627 0.69291297 0.611765 0.69291297 0.570176 0.63577292 0.61067793 0.63588998 0.87342004 0.90785803 0.87005798 0.90921398 0.86853902 0.90921398 0.86651401 0.90928997 0.86853902 0.90521099 0.86651401 0.90320899 0.87107096 0.90521099 0.61067793 0.776168 0.61067793 0.84999899 0.570176 0.84648298 0.570176 0.77382404 0.570176 0.77382404 0.61067793 0.77371205 0.61067793 0.84999899 0.570176 0.84648298 0.59445405 0.84999899 0.81878201 0.67882302 0.82806997 0.67882302 0.61168692 0.73022903 0.570176 0.73022903 0.568627 0.69291297 0.611765 0.69291297 0.570176 0.63577292 0.61067793 0.63736102 0.87254201 0.89992599 0.87342004 0.89158397 0.87342004 0.89972101 0.87005798 0.89319901 0.87002997 0.89992599 0.86853902 0.89319901 0.86852305 0.89992599 0.86651401 0.89920496 0.86651401 0.89189898 0.87103496 0.88922296 0.86852305 0.88922296 0.86651401 0.88719301 0.87107096 0.90320899 0.86853902 0.90320899 0.86744003 0.87124096 0.86853902 0.875181 0.86983202 0.87124096 0.87005798 0.875181 0.87342004 0.87124096 0.87208394 0.875181 0.61168692 0.73022903 0.570176 0.73022903 0.568627 0.69291297 0.611765 0.69291297 0.570176 0.63577292 0.61168692 0.63577292 0.87005798 0.88118695 0.86853902 0.88118695 0.86651401 0.88118695 0.87342004 0.88344698 0.87107096 0.88519101 0.86853902 0.88519101 0.70105798 0.35386799 0.66036603 0.35232 0.748478 0.35232 0.80784301 0.354331 0.78431399 0.354331 0.63529393 0.354331 0.61568597 0.354331 0.95686301 0.28003597 0.96078398 0.40005099 0.921429 0.37629799 0.99609198 0.31953595 0.99609198 0.26613795 0.99607792 0.37500898 0.99607792 0.41135996 0.894118 0.25603306 0.91764696 0.22002798 0.89019601 0.31604002 0.84705905 0.31604002 0.89019601 0.36404596 0.65097997 0.850394 0.64313701 0.79527594 0.99607792 0.19685 0.6313729 0.823772 0.85490201 0.42405402 0.88235293 0.42405402 0.91484602 0.43224203 0.95434203 0.456218 0.01568599 0.15748 0.05098 0.15748 0.01568599 0.13385796 0.05098 0.13385796 0.039216 0.13385796 0.070588 0.15748 0.070588 0.13385796 0.070588 0.11023598 0.003922 0.11023598 0.070588 0.00787401 0.019608 0.00787401 0.003922 0.11023598 0.003922 0.00787401 0.039216 0.00787401 0.039216 0.11023598 0.027451 0.23621999 0.070588 0.23621999 0.023529 0.18897604 0.070588 0.18897604 0.070588 0.15748 0.023529 0.15748 0.070588 0.13385796 0.023529 0.13385796 0.054902 0.23621999 0.054902 0.18897604 0.023529 0.18897604 0.047059 0.13385796 0.003922 0.14960598 0.047059 0.14960598 0.003922 0.13385796 0.070588 0.00787401 0.070588 0.11023598 0.058824 0.23621999 0.07124301 0.237221 0.070588 0.15748 0.058824 0.15748 0.070588 0.11023598 0.003922 0.11023598 0.003922 0.00787401 0.070588 0.00787401 0.058824 0.14960598 0.023529 0.23621999 0.058824 0.23621999 0.023529 0.14960598 0.070588 0.23621999 0.070588 0.13385796 0.05098 0.18897604 0.003922 0.23621999 0.054902 0.23621999 0.003922 0.18897604 0.072106 0.23621999 0.038457 0.18110203 0.038457 0.23621999 0.072106 0.18110203 0.003922 0.13385796 0.002404 0.18110203 0.002404 0.23621999 0.070588 0.18897604 0.05098 0.23621999 0.01568599 0.23621999 0.01568599 0.21259802 0.05098 0.21259802 0.023529 0.15748 0.023529 0.13385796 0.054902 0.13385796 0.054902 0.15748 0.054902 0.15748 0.023529 0.15748 0.058824 0.19685 0.01568599 0.19685 0.054902 0.15748 0.01568599 0.15748 0.070588 0.06299197 0.070588 0.11023598 0.003922 0.11023598 0.002405 0.06527602 0.003922 0.13385796 0.003922 0.19685 0.003922 0.00787401 0.070588 0.00787401 0.070588 0.13385796 0.070588 0.18897604 0.070588 0.23621999 0.003922 0.15748 0.003922 0.18897604 0.035294 0.11023598 0.003922 0.00787401 0.035294 0.00787401 0.003922 0.11023598 0.070588 0.15748 0.070588 0.18897604 0.003922 0.18897604 0.003922 0.13385796 0.003922 0.19685 0.003922 0.23621999 0.035294 0.23621999 0.035294 0.15748 0.003922 0.15748 0.035294 0.13385796 0.058824 0.13385796 0.003922 0.13385796 0.023529 0.13385796 0.058824 0.13385796 0.03137299 0.00787401 0.070588 0.00787401 0.070588 0.11023598 0.003922 0.11023598 0.05098 0.23621999 0.070588 0.156452 0.003922 0.11023598 0.003922 0.00787401 0.070588 0.00787401 0.070588 0.11023598 0.01568599 0.18110203 0.003922 0.23621999 0.054902 0.23621999 0.054902 0.18897604 0.070588 0.23621999 0.070588 0.18897604 0.003922 0.23621999 0.003922 0.13385796 0.019608 0.23621999 0.05098 0.23621999 0.019608 0.18110203 0.05098 0.18110203 0.003922 0.18110203 0.003922 0.23621999 0.011765 0.13385796 0.058824 0.06299197 0.011765 0.06299197 0.003922 0.00787401 0.070588 0.00787401 0.070588 0.11023598 0.003922 0.11023598 0.058824 0.13385796 0.01568599 0.13385796 0.054902 0.13385796 0.003922 0.00787401 0.039216 0.00787401 0.003922 0.11023598 0.070588 0.11023598 0.070588 0.00787401 0.003922 0.23621999 0.01568599 0.23621999 0.003922 0.13385796 0.070588 0.00787401 0.070588 0.11023598 0.003922 0.11023598 0.003922 0.00787401 0.054902 0.23621999 0.054902 0.13385796 0.070588 0.23621999 0.070588 0.18110203 0.070588 0.23621999 0.070588 0.13385796 0.070588 0.11023598 0.003922 0.11023598 0.023529 0.03149598 0.070588 0.00787401 0.01568599 0.14960598 0.047059 0.14960598 0.01568599 0.13385796 0.047059 0.13385796 0.00429 0.175552 0.003922 0.23621999 0.054902 0.23621999 0.070588 0.13385796 0.054902 0.13385796 0.070588 0.23621999 0.070588 0.05511802 0.035294 0.11023598 0.027451 0.00787401 0.070588 0.00787401 0.070588 0.11023598 0.054902 0.13385796 0.003922 0.13385796 0.003922 0.23621999 0.058824 0.18110203 0.058824 0.23621999 0.01568599 0.13385796 0.003922 0.18897604 0.01568599 0.18897604 0.054902 0.18897604 0.011765 0.23621999 0.058824 0.23621999 0.003922 0.19685 0.003922 0.14960598 0.070588 0.00787401 0.003922 0.11023598 0.003922 0.00787401 0.070588 0.11023598 0.066667 0.13385796 0.070588 0.23621999 0.003922 0.17322802 0.003922 0.23621999 0.047059 0.23621999 0.05098 0.18897604 0.003922 0.00787401 0.05098 0.13385796 0.019608 0.13385796 0.003922 0.13385796 0.003922 0.00787401 0.070588 0.00787401 0.003922 0.11023598 0.070588 0.11023598 0.070588 0.18897604 0.003922 0.23621999 0.003922 0.23621999 0.047024 0.15653199 0.01428199 0.12598401 0.029712 0.24405097 0.060539 0.21636503 0.011765 0.13385796 0.003922 0.13385796 0.070588 0.13385796 0.01568599 0.00787401 0.070588 0.00787401 0.003922 0.06299197 0.070588 0.07086598 0.035294 0.11023598 0.01568599 0.23621999 0.003922 0.156452 0.003922 0.23621999 0.13469698 0.11297499 0.114237 0.00513499 0.10656399 0.11297499 0.082353 0.07874 0.080989 0.00513499 0.13469698 0.00513499 0.32941203 0.23621999 0.37647103 0.11810999 0.333333 0.11810999 0.39635901 0.23628902 0.29803901 0.23621999 0.28235301 0.11810999 0.24425799 0.23628902 0.25097998 0.11810999 0.209157 0.23628902 0.20784298 0.11810999 0.447059 0.11810999 0.42755901 0.23628902 0.447059 0.23628902 0.41176497 0.11810999 0.23921601 0.02362197 0.20784298 0.02362197 0.447059 0.02362197 0.40784301 0.02362197 0.37647103 0.02362197 0.37647103 0.07874 0.27843102 0.02362197 0.27843102 0.07874 0.333333 0.02362197 0.333333 0.07874 0.240358 0.01078897 0.209157 0.01078897 0.447059 0.01078897 0.41195898 0.01078897 0.33395798 0.01078897 0.27451002 0.00787401 0.38465802 0.01078897 0.650318 0.25848299 0.650318 0.19428599 0.6316869 0.19685 0.62368694 0.25984102 0.67629197 0.25848299 0.67629197 0.19428599 0.70226598 0.25848299 0.71372605 0.19685 0.72548998 0.25984299 0.733333 0.18897604 0.75294096 0.19685 0.74902005 0.25984299 0.78431399 0.25984299 0.78041799 0.19308001 0.70068098 0.21971797 0.74363799 0.23614197 0.72614396 0.21169298 0.74921001 0.27523803 0.73275001 0.31177597 0.69326506 0.31041102 0.674346 0.27481901 0.67930201 0.22686499 0.80642901 0.29921007 0.80642901 0.25984102 0.77969897 0.29921007 0.71092499 0.29860699 0.67629197 0.29860699 0.74117602 0.29921305 0.74117602 0.33070896 0.71092499 0.33070503 0.78431399 0.33070896 0.64598897 0.29860699 0.61568597 0.29921007 0.64166001 0.33070503 0.61568597 0.33070503 0.80642901 0.33070503 0.67196295 0.33070503 0.80642901 0.19685 0.61568597 0.19685 0.76433898 0.19564396 0.74311907 0.19564396 0.77282602 0.25984299 0.74311907 0.25984299 0.71765698 0.25984299 0.71765698 0.19564396 0.69219402 0.25984299 0.69643799 0.19564396 0.67046103 0.25884699 0.67046103 0.19617998 0.64058301 0.19617998 0.64058301 0.25884699 0.61497393 0.25884699 0.61497393 0.19617998 0.69400606 0.309207 0.72190095 0.21169298 0.70077795 0.21772801 0.68016604 0.27326899 0.68679497 0.23558598 0.726856 0.31004296 0.74243999 0.276973 0.74064101 0.22963702 0.77282602 0.29996705 0.80677692 0.25984299 0.80677692 0.29996705 0.68370602 0.29996705 0.71765698 0.29996705 0.64126799 0.29996705 0.64126799 0.33206598 0.68370602 0.33206598 0.615805 0.29996705 0.61497393 0.33195899 0.74736304 0.29996705 0.75160695 0.33206598 0.77706999 0.33206598 0.80704604 0.33195899 0.72190095 0.33206598 0.80704604 0.19617998 0.78555799 0.19564396 0.80823497 0.02911901 0.78428597 0.10506498 0.80823497 0.17516898 0.78428597 0.17516898 0.511828 0.13385796 0.511828 0.18897604 0.48336499 0.18897604 0.48336499 0.13385796 0.60496697 0.29133904 0.56758207 0.37731801 0.60496697 0.39351599 0.56758207 0.29921305 0.57908499 0.25984299 0.59346408 0.25984299 0.60496697 0.48840796 0.56758207 0.488739 0.568627 0.56692898 0.60496697 0.57480299 0.56758207 0.59045005 0.60496697 0.59842509 0.58771205 0.61417297 0.45680004 0.13385796 0.45680004 0.18897604 0.511828 0.13385796 0.511828 0.19685 0.61322102 0.17535197 0.63130793 0.09448802 0.63716999 0.17535197 0.62006399 0.04664498 0.66269198 0.07874 0.66111902 0.02911901 0.66454104 0.17516898 0.69533203 0.02911901 0.69191102 0.10506498 0.511828 0.18897604 0.511828 0.13385796 0.45680004 0.18897604 0.45680004 0.13385796 0.69533203 0.00575101 0.74322999 0.02911901 0.74322999 0.00575101 0.78422398 0.08039903 0.74322999 0.15764296 0.74503399 0.06698399 0.78422398 0.06698399 0.78422398 0.026739 0.80823497 0.02911901 0.45680004 0.18897604 0.511828 0.18897604 0.511828 0.13385796 0.45680004 0.13385796 0.78422398 0.06698399 0.74322999 0.17516898 0.74322999 0.12843298 0.61322102 0.09922302 0.63716999 0.10506498 0.66454104 0.10506498 0.63032797 0.03514301 0.66454104 0.06417101 0.78428597 0.02911901 0.745143 0.06707501 0.73638798 0.02911901 0.45680004 0.19685 0.45680004 0.13385796 0.511828 0.19685 0.511828 0.13385796 0.69533203 0.02911901 0.69191102 0.05248701 0.45680004 0.18897604 0.45680004 0.13385796 0.45680004 0.13385796 0.45680004 0.19685 0.69533203 0.00575101 0.745143 0.00670701 0.69191102 0.10506498 0.69191102 0.17516898 0.511828 0.18897604 0.511828 0.13385796 0.69875405 0.05248701 0.74322999 0.10506498 0.69875405 0.10506498 0.69875405 0.17516898 0.74322999 0.10506498 0.69875405 0.10506498 0.082353 0.18897604 0.109804 0.18897604 0.082353 0.13385796 0.109804 0.15748 0.13333299 0.18897604 0.13333299 0.13385796 0.082353 0.18897604 0.10588199 0.18897604 0.082353 0.14960598 0.10588199 0.14960598 0.13333299 0.18897604 0.13333299 0.14960598 0.13333299 0.23621999 0.11372499 0.20472395 0.082353 0.23621999 0.80823497 0.02911901 0.80823497 0.17516898 0.78428597 0.10506498 0.78428597 0.17516898 0.511828 0.13385796 0.48336499 0.18897604 0.511828 0.18897604 0.48336499 0.13385796 0.60496697 0.29133904 0.60496697 0.39351599 0.56758207 0.37731801 0.56758207 0.29921305 0.57908499 0.25984299 0.59346408 0.25984299 0.60496697 0.48840796 0.56758207 0.488739 0.60496697 0.57480299 0.56758207 0.56748402 0.56758207 0.59045005 0.60496697 0.59842509 0.58771205 0.61417297 0.45680004 0.13385796 0.511828 0.13385796 0.45680004 0.18897604 0.511828 0.19685 0.61322102 0.17535197 0.63716999 0.17535197 0.63280294 0.09439701 0.62006399 0.04664498 0.66269198 0.07874 0.66111902 0.02911901 0.66454104 0.17516898 0.69533203 0.02911901 0.69191102 0.10506498 0.511828 0.18897604 0.511828 0.13385796 0.45680004 0.18897604 0.45680004 0.13385796 0.69533203 0.00575101 0.74322999 0.02911901 0.74322999 0.00575101 0.78422398 0.08039903 0.745143 0.06036698 0.74322999 0.15764296 0.78422398 0.06698399 0.78422398 0.026739 0.80823497 0.02911901 0.45680004 0.18897604 0.511828 0.13385796 0.511828 0.18897604 0.45680004 0.13385796 0.74322999 0.17516898 0.78422398 0.06698399 0.74322999 0.12843298 0.61322102 0.09922302 0.63716999 0.10506498 0.66454104 0.10506498 0.63032797 0.03514301 0.66454104 0.06417101 0.78428597 0.02911901 0.745143 0.06036698 0.745143 0.02683001 0.45680004 0.19685 0.45680004 0.13385796 0.511828 0.13385796 0.511828 0.19685 0.69533203 0.02911901 0.69191102 0.05248701 0.45680004 0.18897604 0.45680004 0.13385796 0.45680004 0.13385796 0.45680004 0.19685 0.69533203 0.00575101 0.745143 0.00670701 0.69191102 0.10506498 0.69191102 0.17516898 0.511828 0.18897604 0.511828 0.13385796 0.69875405 0.05248701 0.74322999 0.10506498 0.69875405 0.10506498 0.69875405 0.17516898 0.74322999 0.10506498 0.69875405 0.10506498 0.13469698 0.11297499 0.10656399 0.11297499 0.114237 0.00513499 0.080989 0.08216399 0.080989 0.00513499 0.13469698 0.00513499 0.59660101 0.010737 0.58640498 0.010737 0.57647097 0.11023598 0.57620894 0.010737 0.56261396 0.010737 0.55241799 0.010737 0.59660101 0.010737 0.57647097 0.11023598 0.58640498 0.010737 0.57620894 0.010737 0.56261396 0.010737 0.55241799 0.010737 0.55686301 0.76378001 0.003922 0.76378001 0.082353 0.18897604 0.082353 0.13385796 0.109804 0.18897604 0.109804 0.15748 0.13333299 0.18897604 0.13333299 0.13385796 0.082353 0.18897604 0.082353 0.14960598 0.10588199 0.18897604 0.10588199 0.14960598 0.13333299 0.18897604 0.13333299 0.14960598 0.13333299 0.23621999 0.082353 0.23621999 0.11372499 0.20472395 0.67451003 0.61417297 0.66045502 0.61618397 0.84472005 0.981092 0.84472005 0.98922898 0.64787504 0.61517796 0.84337298 0.88221996 0.84352408 0.87124096 0.94902005 0.19685 0.95686301 0.10236197 0.99607792 0.09448802 0.909804 0.11810999 0.945098 0.00787401 0.97254898 0.00787401 0.945098 0.00787401 0.95686301 0.10236197 0.91764696 0.00787401 0.16862699 0.17322802 0.14509799 0.17322802 0.16958899 0.09931397 0.152941 0.10236197 0.16862699 0.17322802 0.156863 0.23621999 0.16958899 0.239268 0.18823501 0.23621999 0.196078 0.17322802 0.18823501 0.10236197 0.172549 0.17322802 0.17158701 0.239268 0.196078 0.17322802 0.18823501 0.23621999 0.172549 0.17322802 0.18431399 0.10236197 0.17158701 0.09931397 0.152941 0.10236197 0.14509799 0.17322802 0.152941 0.23621999 0.16862699 0.17322802 0.14509799 0.17322802 0.16958899 0.09931397 0.16862699 0.17322802 0.156863 0.23621999 0.16958899 0.239268 0.18823501 0.23621999 0.196078 0.17322802 0.57220691 0.18197798 0.54615104 0.18247801 0.54786807 0.23854195 0.52203494 0.18187099 0.54786908 0.13093697 0.57306903 0.180844 0.54840701 0.17969798 0.52161496 0.18081802 0.52156901 0.18110203 0.545098 0.13385796 0.57254898 0.18110203 0.52156901 0.18110203 0.54117602 0.23621999 0.55686301 0.21259802 0.55686301 0.19685 0.53725498 0.21259802 0.53725498 0.19685 0.53725498 0.16535401 0.55686301 0.16535401 0.53725498 0.14960598 0.55686301 0.14960598 0.54902005 0.13385796 0.54902005 0.23621999 0.55686301 0.18110203 0.53725498 0.18110203 0.52941203 0.14173197 0.54117602 0.23621999 0.52548998 0.22834598 0.545098 0.13385796 0.52941203 0.14173197 0.52509397 0.23124503 0.52156901 0.18110203 0.54117602 0.23621999 0.52156901 0.18110203 0.545098 0.13385796 0.55686301 0.21259802 0.53725498 0.21259802 0.55686301 0.19685 0.53725498 0.19685 0.53725498 0.16535401 0.53725498 0.14960598 0.55686301 0.16535401 0.55686301 0.14960598 0.55686301 0.18110203 0.53725498 0.18110203 0.545098 0.13385796 0.52941203 0.14173197 0.52548998 0.22834598 0.54117602 0.23621999 0.52941203 0.14173197 0.52509397 0.23124503 0.95294096 0.19685 0.99607792 0.09448802 0.95686301 0.10236197 0.909804 0.11810999 0.945098 0.00787401 0.97254898 0.00787401 0.945098 0.00787401 0.95294096 0.10236197 0.91764696 0.00787401 0.16862699 0.17322802 0.16958899 0.09931397 0.14509799 0.17322802 0.152941 0.10236197 0.16862699 0.17322802 0.156863 0.23621999 0.16958899 0.239268 0.18823501 0.23621999 0.196078 0.17322802 0.18823501 0.10236197 0.172549 0.17322802 0.196078 0.17322802 0.17158701 0.239268 0.18823501 0.23621999 0.172549 0.17322802 0.18431399 0.10236197 0.17158701 0.09931397 0.152941 0.10236197 0.14509799 0.17322802 0.152941 0.23621999 0.16862699 0.17322802 0.16958899 0.09931397 0.14509799 0.17322802 0.16862699 0.17322802 0.156863 0.23621999 0.16958899 0.239268 0.18823501 0.23621999 0.196078 0.17322802 0.57220691 0.18197798 0.54786807 0.23854195 0.54615104 0.18247801 0.52203494 0.18187099 0.54786908 0.13093697 0.57306903 0.180844 0.54840701 0.17969798 0.52161496 0.18081802 0.52156901 0.18110203 0.54117602 0.23621999 0.57254898 0.18110203 0.52156901 0.18110203 0.545098 0.13385796 0.55686301 0.21259802 0.53725498 0.21259802 0.55686301 0.19685 0.53725498 0.19685 0.53725498 0.16535401 0.53725498 0.14960598 0.55686301 0.16535401 0.55686301 0.14960598 0.54902005 0.13385796 0.54902005 0.23621999 0.55686301 0.18110203 0.53725498 0.18110203 0.545098 0.13385796 0.52941203 0.14173197 0.52548998 0.22834598 0.54117602 0.23621999 0.52941203 0.14173197 0.52509397 0.23124503 0.52156901 0.18110203 0.545098 0.13385796 0.52156901 0.18110203 0.54117602 0.23621999 0.55686301 0.21259802 0.55686301 0.19685 0.53725498 0.21259802 0.53725498 0.19685 0.53725498 0.16535401 0.55686301 0.16535401 0.53725498 0.14960598 0.55686301 0.14960598 0.55686301 0.18110203 0.53725498 0.18110203 0.52941203 0.14173197 0.54117602 0.23621999 0.52548998 0.22834598 0.545098 0.13385796 0.52941203 0.14173197 0.52509397 0.23124503 0.59215701 0.19685 0.58431399 0.19685 0.59215701 0.21259802 0.58431399 0.23621999 0.59607798 0.23621999 0.60392204 0.23621999 0.60392204 0.19685 0.59607798 0.19685 0.59607798 0.21259802 0.60392204 0.19685 0.60392204 0.23621999 0.59215701 0.23621999 0.58431399 0.23621999 0.58431399 0.19685 0.52156901 0.05511802 0.50588202 0.05511802 0.50196099 0.08661401 0.52156901 0.07874 0.54117602 0.07086598 0.53333294 0.05511802 0.50594896 0.012712 0.49021202 0.00787401 0.48414101 0.02019602 0.48235302 0.06299197 0.47058799 0.03149598 0.46318298 0.06531101 0.47486504 0.09830302 0.458824 0.03149598 0.51372605 0.11023598 0.49019598 0.03149598 0.46666702 0.05511802 0.50196099 0.00787401 0.51764696 0.01574802 0.47032 0.00787401 0.52156901 0.05511802 0.53725498 0.09448802 0.52156901 0.05511802 0.53725498 0.09448802 0.54117602 0.05511802 0.52156901 0.05511802 0.50196099 0.08661401 0.50588202 0.05511802 0.52156901 0.07874 0.50588202 0.01574802 0.49019598 0.00787401 0.48235302 0.02362197 0.48235302 0.06299197 0.47058799 0.03149598 0.462745 0.06299197 0.47451003 0.09448802 0.458824 0.03149598 0.51372605 0.11023598 0.50196099 0.00787401 0.51959204 0.01265501 0.47058799 0.00787401</float_array>
          
            <technique_common>
              <accessor source="#obelix_geom_uvMap0_array" count="2109" stride="2">
                <param name="S" type="float"/>
                <param name="T" type="float"/>
              </accessor>
            </technique_common>
          </source>
        
          <vertices id="obelix_geom_vertices">
            <input semantic="POSITION" source="#obelix_geom_positions"/>
            <input semantic="NORMAL" source="#obelix_geom_normals"/>
            <input semantic="TANGENT" source="#obelix_geom_tangents"/>
            <input semantic="TEXCOORD" source="#obelix_geom_uvMap0" set="0"/>
          </vertices>
        
          <triangles material="obelix01" count="1949">
            <input semantic="VERTEX" source="#obelix_geom_vertices" offset="0"/>
            <p>410 409 411 412 410 411 414 413 415 415 413 416 417 414 418 415 418 414 419 417 420 418 420 417 421 419 422 420 422 419 424 423 425 426 425 423 426 423 427 428 427 423 430 429 426 427 430 426 424 431 432 411 432 431 424 432 423 433 423 432 434 428 433 423 433 428 435 434 436 434 435 428 413 414 436 417 436 414 417 435 436 438 437 429 430 438 429 439 429 440 437 440 429 425 426 439 439 426 429 441 440 442 437 442 440 443 442 438 437 438 442 445 444 446 448 447 449 449 450 448 452 451 453 454 453 451 456 455 457 458 457 455 457 459 456 460 456 459 461 447 462 448 462 447 459 457 461 447 461 457 457 458 447 449 447 458 462 463 461 463 464 461 461 464 459 465 459 464 466 460 465 459 465 460 468 467 469 471 470 472 473 471 472 472 474 473 475 473 474 474 476 475 477 475 476 476 478 477 477 478 479 481 480 482 483 481 482 484 472 485 470 485 472 486 474 484 472 484 474 476 474 486 487 476 486 478 476 487 487 488 478 489 488 487 487 490 489 489 491 483 481 483 491 481 491 492 493 484 494 485 494 484 491 493 492 494 492 493 490 486 493 484 493 486 489 490 491 493 491 490 487 486 490 482 495 483 495 488 483 489 483 488 497 496 498 499 498 496 485 470 498 500 498 470 502 501 496 499 496 501 485 498 494 504 503 505 506 505 503 508 507 509 510 506 503 512 511 513 513 514 512 516 515 517 518 516 517 518 519 516 520 501 521 522 505 506 523 505 522 524 503 525 525 503 526 528 527 526 521 529 530 503 531 510 533 532 534 514 534 532 536 535 537 538 537 535 540 539 512 513 541 514 534 514 541 543 542 544 546 545 547 547 548 546 550 549 551 553 552 549 551 549 552 555 554 556 558 557 559 560 559 557 562 561 563 564 562 563 547 545 565 565 545 566 563 567 564 559 561 562 562 558 559 569 568 527 569 570 568 571 527 568 527 528 569 572 569 528 528 504 572 573 572 504 505 573 504 573 505 574 572 573 575 576 575 573 575 570 572 569 572 570 505 523 574 577 574 523 554 555 557 546 578 545 579 545 578 530 580 581 582 581 580 530 583 521 530 584 583 580 530 585 585 542 580 543 586 587 542 543 587 589 588 590 591 589 590 593 592 594 594 592 595 596 594 595 596 597 594 597 598 594 598 599 594 597 600 598 597 601 600 603 602 604 603 605 602 605 606 602 605 607 606 608 557 609 555 609 557 611 610 546 546 548 611 551 612 550 551 613 612 614 612 613 616 615 617 618 616 617 620 619 621 619 622 621 611 623 610 624 610 623 626 625 621 620 621 625 627 622 628 619 628 622 608 609 625 629 625 609 617 630 618 578 610 631 578 546 610 627 628 567 633 632 634 632 635 634 637 636 638 637 638 639 640 636 637 641 636 640 637 642 640 637 643 642 642 644 640 640 644 645 647 646 648 646 649 648 646 650 649 650 651 649 616 652 615 630 617 620 630 620 625 501 520 499 494 499 520 494 520 492 492 520 583 521 583 520 499 494 498 610 624 631 631 624 653 624 654 655 655 653 624 657 656 658 556 656 657 658 659 657 661 660 566 662 661 566 545 579 566 566 579 662 663 593 599 594 599 593 497 498 664 500 664 498 488 479 478 479 488 495 589 665 588 517 665 589 518 517 589 518 589 666 589 591 666 519 518 667 667 518 666 669 668 670 668 584 670 584 530 581 669 671 668 668 583 584 673 672 674 675 674 672 675 581 674 582 674 581 670 584 675 581 675 584 675 672 670 670 672 676 676 667 670 669 670 667 677 608 626 625 626 608 677 560 608 557 608 560 676 678 667 679 667 678 460 466 680 681 680 466 680 681 469 682 469 681 469 453 680 683 680 453 680 683 460 456 460 683 455 456 684 683 684 456 684 683 454 453 454 683 435 685 428 427 428 685 685 435 419 417 419 435 419 421 685 686 685 421 430 427 686 685 686 427 687 686 444 421 444 686 438 430 687 686 687 430 689 688 444 687 444 688 438 687 443 688 443 687 440 441 690 691 690 441 692 439 690 440 690 439 439 692 425 693 425 692 693 424 425 431 424 693 640 694 641 645 694 640 646 647 645 694 645 647 650 645 644 645 650 646 696 695 697 698 697 695 663 696 593 697 593 696 698 699 697 699 698 700 592 593 699 697 699 593 597 596 601 601 596 701 602 601 604 701 604 601 606 600 602 601 602 600 691 702 690 703 690 702 705 704 462 463 462 704 703 706 690 692 690 706 707 705 448 462 448 705 693 692 708 706 708 692 709 707 450 448 450 707 708 710 693 431 693 710 710 412 431 411 431 412 639 634 711 635 711 634 637 639 643 711 643 639 712 634 638 639 638 634 634 712 633 713 633 712 416 714 715 716 714 416 717 410 718 719 718 410 718 720 717 721 717 720 720 454 721 451 721 454 722 449 723 458 723 449 723 458 724 455 724 458 722 725 726 727 726 725 722 723 725 728 725 723 729 728 724 723 724 728 731 730 729 729 724 731 719 730 718 720 718 730 720 730 731 733 732 734 735 734 732 737 736 738 739 738 736 736 737 740 741 740 737 743 742 741 740 741 742 742 743 744 745 744 743 744 745 735 734 735 745 746 743 741 746 747 743 748 745 747 743 747 745 749 748 750 749 734 745 749 745 748 752 751 746 737 752 741 752 746 741 754 753 751 754 751 752 754 752 738 737 738 752 755 750 756 749 750 755 755 733 749 734 749 733 724 455 731 684 731 455 731 684 720 454 720 684 450 449 722 726 450 722 757 709 726 450 726 709 757 726 716 714 716 726 588 758 759 588 665 758 515 665 517 515 758 665 760 532 533 760 761 532 539 761 760 539 540 761 514 761 512 514 532 761 540 512 761 537 762 536 762 763 536 764 536 763 573 574 576 765 576 574 574 577 765 766 747 746 767 747 766 768 748 767 747 767 748 769 751 770 751 753 770 771 756 772 756 750 772 751 769 746 769 766 746 772 750 768 750 748 768 554 558 656 554 557 558 774 773 775 775 773 776 775 777 774 778 774 777 777 779 778 781 780 775 777 775 780 780 779 777 781 775 776 671 782 668 783 668 782 656 556 554 630 625 629 629 618 630 615 784 617 784 615 785 620 617 786 788 787 789 790 789 787 617 784 786 791 786 784 793 792 794 795 794 792 797 796 798 797 793 796 794 796 793 797 798 799 800 799 798 802 801 803 802 803 795 805 804 806 800 806 804 806 800 798 808 807 809 810 808 811 812 811 808 814 813 815 817 816 818 819 818 816 821 820 822 820 823 824 825 824 823 826 824 827 825 827 824 829 828 830 831 830 828 833 832 822 835 834 836 834 837 836 834 838 837 838 839 837 839 840 841 840 839 838 842 821 843 844 843 821 845 843 844 843 845 846 848 847 841 841 840 848 820 842 823 820 821 842 849 842 850 842 851 850 853 852 854 856 855 852 854 852 855 856 857 855 857 858 855 850 857 849 857 850 858 842 843 851 843 859 851 843 846 859 845 860 846 862 861 863 861 864 863 861 865 864 865 866 864 821 822 832 818 867 868 867 818 819 846 860 859 860 869 859 859 832 851 832 859 869 854 855 870 870 855 871 855 858 871 871 850 872 858 850 871 873 867 874 867 819 874 874 819 875 829 876 877 829 877 828 879 878 880 881 880 878 883 882 880 883 880 881 883 872 882 872 883 884 884 885 872 885 871 872 885 870 871 886 870 885 854 870 853 886 853 870 888 887 889 890 887 888 891 890 892 887 890 891 893 892 894 891 892 893 878 879 895 880 896 879 880 897 896 882 897 880 897 872 898 882 872 897 900 899 898 899 897 898 899 896 897 901 896 899 879 896 895 901 895 896 903 902 904 902 903 905 907 906 908 906 907 909 910 888 889 816 911 819 911 912 819 819 912 875 906 913 908 914 913 906 915 914 916 913 914 915 917 916 918 915 916 917 920 919 921 923 922 919 923 924 922 925 924 923 924 926 927 925 926 924 928 921 922 919 922 921 929 922 924 928 922 929 930 929 927 929 924 927 931 923 920 919 920 923 931 932 923 932 925 923 932 900 926 932 926 925 933 877 876 877 933 934 935 933 936 933 935 934 936 937 935 938 935 937 905 939 902 940 939 905 941 940 942 939 940 941 943 942 944 941 942 943 945 935 938 945 934 935 946 934 945 934 947 877 946 947 934 937 948 938 949 945 948 938 948 945 949 950 945 950 946 945 947 950 930 950 947 946 951 813 952 813 951 815 807 953 809 953 807 954 956 955 957 955 956 958 813 957 952 957 813 956 809 959 960 959 809 953 960 961 962 961 960 959 963 813 814 956 813 963 956 963 958 960 812 809 809 812 808 812 960 962 964 824 965 826 965 824 824 964 820 966 820 964 822 967 833 968 833 967 969 831 968 833 968 831 970 830 969 830 831 969 971 790 972 787 972 790 789 790 973 971 974 790 973 790 974 794 795 803 806 798 796 796 975 806 811 812 976 977 976 812 500 978 664 979 664 978 978 980 979 981 980 978 982 502 496 983 508 509 509 984 983 986 985 980 979 980 985 502 982 986 985 986 982 987 470 471 987 471 473 473 988 987 988 473 475 475 989 988 989 475 477 477 990 989 479 990 477 482 480 991 482 991 992 993 987 994 987 993 470 994 988 995 988 994 987 995 988 989 995 989 996 996 989 990 990 997 996 996 997 998 998 999 996 992 1000 998 1000 992 991 1001 1000 991 1002 994 1003 994 1002 993 1001 1003 1000 1003 1001 1002 1003 995 999 995 1003 994 1000 999 998 999 1000 1003 999 995 996 992 495 482 992 997 495 997 992 998 1005 1004 1006 1007 1006 1004 1006 470 993 470 1006 500 1005 1008 1004 1009 1004 1008 1002 1006 993 1010 507 508 1012 1011 1013 1013 1014 1012 1015 515 516 1015 516 1016 516 519 1016 1018 1017 1008 1020 1019 1021 1019 1020 1014 1023 1022 1024 1025 1024 1022 1013 1026 1027 1020 1028 1014 1012 1014 1028 1024 1029 1030 1029 1024 1031 1033 1032 1034 1035 1034 1032 1017 1036 1035 1036 1037 1035 587 586 1038 587 1038 1039 1041 1040 1042 1041 1042 1043 1005 1018 1008 1018 1005 1002 1001 1018 1002 1036 1018 1001 1018 1036 1017 1006 1002 1005 1044 1006 1007 1006 1044 500 990 479 997 495 997 479 1040 1045 1042 1042 1045 1015 1042 1015 1016 1046 1042 1016 1046 1043 1042 667 1016 519 1046 1016 667 678 1047 679 678 1037 1047 1034 1035 1037 1047 1048 679 1037 1036 1047 673 1049 672 1050 672 1049 1033 1034 1049 1050 1049 1034 1034 1037 1050 678 1050 1037 678 672 1050 676 672 678 1041 759 1040 759 1041 1051 759 758 1040 758 1045 1040 1015 1045 515 1045 758 515 1021 1019 1052 1019 1053 1052 1052 1053 1026 1053 1027 1026 1013 1053 1014 1053 1019 1014 1053 1013 1027 1024 1054 1023 1024 1030 1054 1056 1055 1047 1048 1047 1055 1057 978 1044 500 1044 978 1059 1058 1057 1058 1059 1060 1009 1061 1004 1010 508 1062 1062 1063 1010 981 978 1058 1057 1058 978 1009 1060 1061 1059 1061 1060 801 975 803 805 975 801 805 806 975 796 803 975 796 794 803 965 1064 964 965 1065 1064 1065 958 1064 1065 955 958 963 1064 958 963 1066 1064 1066 964 1064 1066 966 964 1068 1067 969 970 969 1067 962 961 1068 1067 1068 961 977 1068 968 969 968 1068 812 962 977 1068 977 962 968 967 977 976 977 967 1066 963 1069 1069 963 1070 1069 1071 1066 966 1066 1071 967 1069 976 967 1071 1069 1069 1070 976 811 976 1070 811 1070 810 1070 814 810 1070 963 814 822 1071 967 822 820 1071 966 1071 820 656 1072 658 1073 658 1072 1074 656 558 1076 1075 1077 1078 1077 1075 656 1074 1072 1079 1072 1074 1081 1080 1082 1083 1082 1080 1085 1084 1086 1086 1084 1081 1080 1081 1084 1087 1085 1086 1085 1087 1088 1083 1089 1090 1091 1090 1089 1080 1089 1083 1093 1092 1094 1092 1093 1088 1085 1088 1093 1096 1095 1097 1095 1098 1097 1098 1099 1097 1101 1100 1097 1100 1101 1102 1101 1099 1090 1090 1102 1101 1102 1090 1103 1091 1103 1090 1105 1104 1106 1105 1106 1103 1107 1097 1108 1100 1108 1097 1104 1109 1106 1110 1109 1111 1104 1111 1109 1113 1112 1114 1112 1113 1115 1104 1105 1116 1116 1111 1104 1096 1117 1095 1118 1095 1117 1110 1119 1109 1120 1109 1119 1122 1121 1096 1117 1096 1121 1106 1109 1123 1123 1109 1120 1124 1123 1120 1096 1097 1122 1107 1122 1097 1125 1122 1107 1098 1112 1115 1112 1098 1095 1118 1114 1112 1112 1095 1118 1075 1076 1113 1115 1113 1076 1126 1076 1077 1115 1076 1098 1126 1098 1076 1084 1085 1093 1093 1127 1084 1101 1097 1099 1116 1094 1092 1094 1116 1105 1129 1128 1130 1128 1129 1131 1094 1091 1127 1089 1127 1091 1127 1093 1094 1127 1089 1084 1089 1080 1084 1133 1132 1134 1132 1135 1134 1136 1132 1137 1132 1138 1137 1132 1133 1138 1133 1139 1138 1135 1140 1134 1141 1134 1140 1141 1142 1143 1142 1141 1140 1140 1144 1142 1145 1142 1144 1131 1146 1147 1146 1131 1129 1148 1137 1138 1149 1137 1148 1139 1150 1138 1148 1138 1150 1129 1148 1146 1148 1150 1146 1130 1149 1129 1148 1129 1149 1100 1151 1108 1100 1106 1151 1106 1123 1151 1103 1106 1102 1100 1102 1106 1094 1105 1091 1105 1103 1091 588 759 590 504 526 503 528 526 504 983 1152 508 1152 1062 508 1154 1153 1155 1156 1155 1153 1158 1157 1159 1161 1160 1162 1157 1161 1162 1164 1163 1161 1160 1161 1163 1166 1165 1167 1168 1167 1165 1158 1169 1170 1172 1171 1173 1172 1174 1171 1174 1175 1171 1174 1176 1175 1178 1177 1176 1175 1176 1177 1179 1159 1180 1181 1180 1159 1179 1180 1182 1183 1182 1180 1178 1184 1185 1185 1177 1178 1162 1181 1157 1181 1159 1157 1186 1181 1187 1186 1188 1181 1190 1189 1191 1190 1192 1189 1193 1189 1192 1192 1194 1193 1192 1195 1194 1187 1194 1186 1195 1186 1194 1188 1180 1181 1188 1196 1180 1196 1183 1180 1183 1197 1182 1199 1198 1200 1199 1201 1198 1201 1202 1198 1201 1203 1202 1169 1158 1159 1205 1204 1155 1154 1155 1204 1196 1197 1183 1196 1206 1197 1188 1169 1196 1206 1196 1169 1207 1192 1190 1208 1192 1207 1208 1195 1192 1209 1186 1208 1208 1186 1195 1210 1204 1211 1210 1154 1204 1212 1154 1210 1214 1213 1168 1165 1214 1168 1216 1215 1217 1218 1217 1215 1216 1219 1220 1215 1216 1220 1219 1209 1220 1221 1220 1209 1209 1222 1221 1209 1208 1222 1208 1207 1222 1222 1207 1223 1223 1190 1191 1190 1223 1207 1225 1224 1226 1226 1224 1227 1228 1227 1229 1229 1227 1224 1230 1228 1231 1231 1228 1229 1232 1217 1218 1217 1233 1216 1233 1234 1216 1216 1234 1219 1235 1209 1234 1234 1209 1219 1235 1236 1237 1235 1234 1236 1234 1233 1236 1236 1233 1238 1238 1217 1232 1217 1238 1233 1240 1239 1241 1242 1241 1239 1244 1243 1245 1246 1245 1243 1225 1226 1247 1154 1248 1153 1154 1249 1248 1212 1249 1154 1244 1250 1243 1243 1250 1251 1252 1251 1253 1253 1251 1250 1254 1252 1255 1255 1252 1253 1257 1256 1258 1256 1259 1260 1259 1261 1260 1260 1261 1262 1264 1263 1261 1261 1263 1262 1259 1256 1265 1265 1256 1257 1261 1259 1266 1266 1259 1265 1264 1266 1267 1264 1261 1266 1256 1268 1258 1256 1260 1268 1260 1269 1268 1260 1262 1269 1263 1237 1269 1262 1263 1269 1213 1214 1270 1271 1270 1214 1272 1270 1273 1271 1273 1270 1275 1274 1273 1272 1273 1274 1239 1276 1242 1242 1276 1277 1278 1277 1279 1279 1277 1276 1280 1278 1281 1281 1278 1279 1275 1273 1282 1273 1271 1282 1282 1271 1283 1214 1284 1271 1271 1284 1283 1275 1285 1274 1275 1282 1285 1286 1285 1282 1282 1287 1286 1282 1283 1287 1267 1287 1284 1283 1284 1287 1289 1288 1134 1133 1134 1288 1139 1133 1290 1288 1290 1133 1292 1291 1146 1147 1146 1291 1141 1143 1293 1294 1293 1143 1141 1289 1134 1141 1293 1289 1146 1150 1292 1150 1290 1292 1290 1150 1139 542 585 544 1296 1295 1297 1295 1296 1298 1295 1298 1299 1298 1296 1300 1300 1296 1301 1302 1295 1303 1304 1295 1302 1304 1305 1306 1308 1307 1035 1299 1309 1295 1310 1039 1038 1305 568 1311 568 570 1311 568 1305 571 1311 1306 1305 1306 1311 1312 1312 1297 1306 1297 1312 1313 1297 1313 1296 1314 1296 1313 575 1313 1312 1313 575 576 1312 570 575 570 1312 1311 1314 1301 1296 1301 1314 577 1308 1035 1032 1032 1039 1308 576 1314 1313 1314 576 765 765 577 1314 1295 1304 1297 1297 1304 1306 1039 1310 1308 1316 1315 1317 1318 1316 1317 1320 1319 1321 1323 1322 1324 1325 1323 1324 1327 1326 1328 1329 1328 1326 1331 1330 1332 1332 1333 1331 1335 1334 1332 1333 1332 1334 1337 1336 1335 1334 1335 1336 1339 1338 1340 1342 1341 1343 1342 1344 1341 1345 1329 1346 1329 1345 1328 1348 1347 1349 1350 1349 1347 1352 1351 1353 1354 1353 1351 1356 1355 1357 1356 1358 1355 1360 1359 1355 1357 1355 1359 1362 1361 1363 1362 1364 1361 1364 1343 1361 1364 1342 1343 1366 1365 1367 1366 1368 1365 1319 1368 1366 1319 1320 1368 1366 1369 1319 1366 1370 1369 1367 1370 1366 1367 1371 1370 1361 1372 1363 1343 1341 1361 1372 1361 1341 1374 1373 1375 1376 1375 1373 1378 1377 1379 1380 1379 1377 1339 1340 1381 1382 1381 1340 1384 1383 1374 1373 1374 1383 1386 1385 1384 1383 1384 1385 1388 1387 1389 1390 1389 1387 1386 1384 1391 1392 1391 1384 1390 1387 1393 1394 1393 1387 1385 1395 1383 1396 1383 1395 1396 1397 1383 1373 1383 1397 1382 1340 1398 1399 1398 1340 1401 1400 1402 1401 1403 1400 1381 1404 1339 1405 1339 1404 1405 1338 1339 1406 1332 1330 1406 1407 1332 1335 1332 1407 1409 1408 1410 1347 1410 1408 1347 1411 1350 1408 1411 1347 1408 1412 1411 1411 1413 1350 1350 1413 1414 1412 1415 1411 1411 1415 1413 1358 1416 1355 1417 1355 1416 1419 1418 1420 1421 1420 1418 1422 1316 1423 1425 1424 1426 1427 1426 1424 1429 1428 1430 1431 1430 1428 1431 1432 1430 1431 1433 1432 1358 1356 1434 1435 1358 1434 1437 1436 1438 1439 1437 1438 1440 1438 1441 1436 1441 1438 1440 1442 1438 1444 1443 1445 1446 1445 1443 1448 1447 1444 1443 1444 1447 1449 1438 1442 1449 1439 1438 1385 1386 1450 1451 1385 1450 1453 1452 1454 1455 1453 1454 1456 1453 1455 1458 1457 1459 1461 1460 1462 1463 1462 1460 1458 1459 1464 1465 1464 1459 1464 1465 1466 1439 1449 1467 1468 1437 1439 1467 1468 1439 1431 1469 1433 1471 1470 1472 1473 1472 1470 1475 1474 1476 1477 1475 1476 1479 1478 1480 1481 1480 1482 1483 1480 1481 1485 1484 1486 1487 1486 1484 1488 1484 1485 1490 1489 1491 1492 1491 1489 1492 1493 1491 1352 1485 1486 1431 1494 1469 1431 1428 1494 1495 1428 1429 1495 1494 1428 1475 1496 1474 1475 1497 1496 1497 1498 1496 1497 1499 1498 1500 1496 1498 1500 1501 1496 1474 1496 1501 1503 1502 1504 1503 1505 1502 1506 1497 1475 1506 1507 1497 1499 1497 1507 1509 1508 1510 1511 1510 1508 1323 1325 1512 1513 1511 1508 1514 1513 1508 1515 1514 1508 1517 1516 1518 1519 1517 1518 1520 1511 1513 1399 1340 1521 1384 1374 1522 1392 1384 1522 1524 1523 1525 1526 1525 1523 1480 1527 1482 1527 1480 1478 1528 1527 1478 1492 1489 1529 1531 1530 1532 1533 1531 1532 1533 1534 1427 1533 1532 1534 1315 1316 1535 1422 1535 1316 1536 1315 1537 1535 1537 1315 1539 1538 1540 1541 1539 1540 1539 1541 1542 1543 1538 1539 1545 1544 1546 1544 1545 1547 1546 1548 1549 1548 1546 1544 1550 1549 1548 1549 1550 1551 1550 1552 1551 1553 1551 1552 1555 1554 1556 1554 1555 1557 1547 1557 1555 1557 1547 1545 1551 1553 1558 1553 1559 1558 1560 1557 1561 1557 1560 1554 1562 1561 1563 1557 1545 1563 1561 1557 1563 1558 1564 1565 1551 1565 1549 1551 1558 1565 1564 1566 1567 1565 1564 1567 1546 1565 1567 1565 1546 1549 1566 1562 1567 1567 1562 1563 1563 1546 1567 1546 1563 1545 1558 1559 1568 1568 1559 1569 1570 1561 1571 1561 1570 1560 1572 1564 1573 1572 1566 1564 1574 1566 1572 1574 1562 1566 1558 1573 1564 1558 1568 1573 1571 1562 1574 1571 1561 1562 445 689 444 468 469 682 1576 1575 1577 1578 1577 1575 1580 1579 1576 1575 1576 1579 1582 1581 1580 1579 1580 1581 1584 1583 1582 1581 1582 1583 1583 1584 1585 1585 1586 1583 1588 1587 1585 1586 1585 1587 1590 1589 1591 1590 1592 1593 1590 1593 1589 1589 1593 1594 1589 1594 1595 1589 1595 1596 1598 1597 1587 1599 1587 1597 1579 1581 1600 1579 1600 1601 1583 1600 1581 1586 1602 1583 1600 1583 1602 1602 1603 1600 1604 1600 1603 1587 1599 1586 1602 1586 1599 1602 1599 1603 1599 1605 1603 1606 1578 1575 1606 1607 1578 1608 1607 1606 1608 1609 1607 1599 1610 1605 1599 1597 1610 1601 1575 1579 1601 1606 1575 1611 1606 1601 1611 1608 1606 1601 1604 1611 1601 1600 1604 1612 1598 1588 1587 1588 1598 1577 1578 1613 1615 1614 1616 1616 1617 1615 1615 1618 1619 1618 1615 1617 1619 1620 1621 1620 1619 1618 1621 1622 1623 1622 1621 1620 1624 1623 1622 1622 1625 1624 1624 1626 1627 1626 1624 1625 1629 1628 1630 1628 1631 1632 1632 1630 1628 1633 1628 1629 1634 1633 1629 1635 1634 1629 1637 1636 1616 1636 1637 1638 1639 1620 1618 1640 1639 1618 1620 1639 1622 1622 1641 1625 1641 1622 1639 1643 1642 1639 1641 1639 1642 1625 1644 1626 1644 1625 1641 1642 1644 1641 1642 1645 1644 1617 1616 1646 1616 1636 1646 1646 1636 1647 1636 1648 1647 1649 1648 1638 1648 1636 1638 1618 1617 1640 1617 1646 1640 1640 1646 1650 1646 1647 1650 1650 1643 1640 1643 1639 1640 1651 1616 1652 1616 1651 1637 1652 1616 1614 1654 1653 1655 1654 1655 1656 1658 1657 1659 1657 1660 1659 1662 1661 1663 1661 1662 1664 1664 1665 1661 1666 1661 1665 1667 1662 1663 1662 1667 1668 1668 1667 1669 1670 1669 1667 1670 1671 1669 1672 1671 1670 1671 1672 1673 1675 1674 1676 1676 1677 1675 1679 1678 1680 1679 1681 1678 1681 1682 1683 1682 1681 1679 1679 1680 1682 1684 1682 1680 1683 1682 1685 1686 1685 1682 1674 1675 1687 1674 1687 1688 1687 1689 1690 1688 1687 1690 1692 1691 1685 1691 1692 1693 1695 1694 1696 1696 1697 1698 1692 1696 1698 1698 1697 1699 1701 1700 1702 1700 1703 1702 1704 1656 1705 1705 1706 1704 1680 1678 1707 1680 1707 1708 1709 1680 1708 1680 1709 1684 1708 1710 1711 1711 1709 1708 1713 1712 1704 1712 1713 1714 1713 1704 1706 1716 1715 1677 1676 1716 1677 1717 1716 1718 1716 1717 1715 1710 1708 1707 1710 1719 1711 1719 1720 1711 1721 1657 1658 1657 1721 1722 1717 1723 1724 1723 1717 1718 1725 1714 1719 1714 1725 1726 1704 1712 1653 1711 1720 1709 1727 1709 1720 1728 1686 1684 1682 1684 1686 1722 1729 1730 1722 1721 1729 1727 1728 1709 1728 1684 1709 1660 1700 1659 1700 1660 1703 1719 1714 1713 1719 1713 1731 1731 1713 1732 1731 1732 1733 1733 1732 1705 1733 1705 1734 1734 1705 1735 1734 1735 1736 1735 1685 1736 1685 1735 1692 1720 1731 1733 1720 1733 1727 1727 1733 1734 1727 1734 1728 1728 1734 1736 1728 1736 1686 1686 1736 1685 1719 1731 1720 1738 1737 1739 1740 1738 1739 1741 1738 1740 1742 1741 1740 1744 1743 1745 1746 1744 1745 1747 1744 1746 1748 1747 1746 1742 1740 1739 1750 1749 1751 1743 1750 1751 1753 1752 1754 1755 1753 1754 1757 1756 1758 1757 1759 1756 1761 1760 1762 1763 1762 1760 1760 1764 1763 1764 1760 1765 1761 1762 1766 1767 1766 1762 1768 1766 1769 1767 1769 1766 1769 1770 1768 1768 1770 1771 1772 1771 1770 1774 1773 1775 1775 1776 1774 1778 1777 1779 1777 1780 1779 1782 1781 1780 1779 1780 1781 1783 1778 1781 1779 1781 1778 1784 1781 1782 1781 1784 1785 1786 1775 1773 1787 1786 1773 1789 1788 1786 1789 1786 1787 1784 1790 1791 1792 1791 1790 1794 1793 1795 1797 1796 1794 1797 1794 1791 1798 1796 1797 1800 1799 1801 1800 1802 1799 1803 1755 1804 1804 1805 1803 1806 1777 1778 1807 1806 1778 1807 1778 1808 1783 1808 1778 1810 1809 1807 1807 1808 1810 1804 1811 1812 1813 1812 1811 1805 1804 1812 1776 1814 1815 1776 1815 1774 1816 1815 1817 1814 1817 1815 1806 1807 1809 1810 1818 1809 1810 1819 1818 1758 1756 1820 1821 1820 1756 1823 1822 1817 1816 1817 1822 1818 1813 1824 1825 1824 1813 1752 1811 1804 1826 1819 1808 1810 1808 1819 1781 1785 1783 1827 1783 1785 1829 1828 1821 1828 1820 1821 1808 1827 1826 1808 1783 1827 1757 1799 1759 1802 1759 1799 1812 1813 1818 1830 1812 1818 1831 1812 1830 1832 1831 1830 1803 1831 1832 1833 1803 1832 1834 1803 1833 1835 1834 1833 1835 1784 1834 1791 1834 1784 1832 1830 1819 1826 1832 1819 1833 1832 1826 1827 1833 1826 1835 1833 1827 1785 1835 1827 1784 1835 1785 1819 1830 1818 1837 1836 1838 1837 1838 1839 1840 1839 1838 1838 1836 1841 1843 1842 1844 1845 1843 1844 1845 1844 1846 1844 1847 1846 1849 1848 1850 1849 1850 1851 1852 1849 1851 1852 1853 1849 469 452 453 469 1854 452 469 467 1854 444 1855 446 421 1855 444 421 422 1855 1857 1856 1858 1857 1858 1859 1859 1858 1860 1859 1860 1861 1863 1862 1864 1863 1864 1865 1865 1864 1866 1865 1866 1867 1857 1859 1861 1869 1868 1870 1869 1870 1862 1136 1871 1132 1871 1135 1132 1871 1872 1135 1874 1873 1119 1873 1120 1119 1873 1124 1120 1872 1875 1135 1875 1140 1135 1875 1144 1140 1876 1122 1125 1876 1121 1122 1877 1121 1876 1879 1878 1880 1309 1880 1878 1303 1878 1881 1882 1881 1879 1882 1879 1883 1880 1883 1879 1885 1884 1883 1880 1885 1883 1885 1881 1884 1886 1884 1881 1879 1881 1878 1885 1303 1881 1888 1887 1889 1888 1889 1890 1891 1888 1890 1888 1891 1892 1893 1888 1892 1888 1893 1887 1893 1894 1895 1893 1895 1887 1895 1889 1887 1889 1895 1896 1894 1891 1895 1891 1894 1892 1896 1891 1890 1891 1896 1895 1898 1897 1899 1900 1898 1899 1900 1899 1901 1902 1901 1899 1902 1899 1903 1897 1903 1899 1905 1904 1903 1897 1905 1903 1897 1898 1905 1906 1905 1898 1905 1901 1904 1902 1904 1901 1900 1901 1906 1905 1906 1901 1908 1907 1909 1910 1908 1909 1908 1910 1911 1912 1908 1911 1908 1912 1907 1912 1913 1914 1912 1914 1907 1914 1909 1907 1913 1910 1914 1910 1913 1911 1910 1909 1914 1309 1885 1880 1878 1303 1295 1309 1878 1295 1916 1915 1917 1918 1916 1917 1916 1918 1919 1915 1916 1919 1921 1920 1917 1922 1921 1917 1921 1922 1919 1920 1921 1919 1924 1923 1925 1927 1926 1925 1929 1928 1930 1931 1929 1930 1933 1932 1934 1935 1933 1934 1935 1934 1936 1930 1928 1937 1931 1938 1929 1931 1939 1938 1939 1933 1938 1939 1932 1933 1940 1923 1924 1941 1925 1923 1923 1942 1941 1943 1925 1926 1944 1943 1926 1927 1945 1926 1947 1946 1925 1949 1948 1925 1951 1950 1952 1951 1952 1953 1955 1954 1956 1955 1956 1957 1936 1955 1957 1937 1950 1951 1952 1958 1953 1958 1959 1953 1958 1956 1959 1956 1954 1959 1960 1946 1961 1960 1925 1946 1947 1962 1946 1963 1925 1948 1948 1949 1964 1948 1965 1963 1967 1966 1968 1966 1967 531 524 1969 1966 1968 1969 1970 1971 1968 1970 1968 1971 1967 1971 1972 1973 1971 1973 1967 1972 1969 1973 1969 1972 1974 1968 1966 1969 1969 524 1973 1976 1975 1977 1978 1976 1977 1978 1977 1979 1980 1979 1977 1980 1977 1981 1975 1981 1977 1983 1982 1981 1975 1983 1981 1975 1976 1983 1984 1983 1976 1983 1979 1982 1980 1982 1979 1978 1979 1984 1983 1984 1979 1986 1985 1987 1986 1987 1988 1989 1986 1988 1986 1989 1990 1991 1986 1990 1986 1991 1985 1991 1992 1993 1991 1993 1985 1993 1987 1985 1987 1993 1994 1992 1989 1993 1989 1992 1990 1994 1989 1988 1989 1994 1993 1996 1995 1997 1996 1997 1998 1999 1998 1997 1999 1997 2000 1995 2000 1997 2002 2001 2000 1995 2002 2000 1995 1996 2002 2002 1998 2001 1999 2001 1998 2002 1996 1998 1967 1973 531 503 524 1966 503 1966 531 2004 2003 2005 2004 2005 2006 2007 2006 2005 2007 2005 2003 2004 2008 2009 2004 2009 2010 2007 2010 2009 2007 2009 2008 2012 2011 2013 2015 2014 2013 2017 2016 2018 2017 2018 2019 2021 2020 2022 2021 2022 2023 2024 2021 2023 2025 2016 2017 2018 2026 2019 2026 2027 2019 2026 2022 2027 2022 2020 2027 2028 2011 2029 2028 2013 2011 2012 2030 2011 2031 2013 2014 2014 2015 2032 2014 2033 2031 2035 2034 2013 2037 2036 2013 2039 2038 2040 2041 2039 2040 2043 2042 2044 2045 2043 2044 2045 2044 2024 2040 2038 2025 2041 2046 2039 2041 2047 2046 2047 2043 2046 2047 2042 2043 2048 2034 2035 2049 2013 2034 2034 2050 2049 2051 2013 2036 2052 2051 2036 2037 2053 2036 1036 1056 1047 668 783 583 1017 1035 1307 585 530 529 2055 2054 2056 2057 2055 2056 2058 2057 2056 2059 2058 2056 2060 2059 2056 2054 2060 2056 2062 2061 2063 2062 2063 2064 2062 2064 2065 2062 2065 2066 2062 2066 2067 2062 2067 2061 2069 2068 2070 2071 2070 2068 2073 2072 2068 2071 2068 2072 2074 2068 2069 2068 2074 2073 2076 2075 2069 2074 2069 2075 2076 2077 2078 2080 2079 2077 2078 2077 2079 2081 2078 2079 2077 2070 2080 2082 2080 2070 2076 2069 2077 2070 2077 2069 2082 2070 2071 2083 2078 2080 2084 2080 2078 2081 2084 2078 2083 2080 2085 2086 2085 2080 2087 2075 2076 2088 2073 2086 2088 2089 2073 2091 2090 2092 2085 2087 2083 2094 2093 2095 2093 2094 2096 2096 2072 2093 2092 2093 2072 2095 2093 2097 2092 2097 2093 2095 2098 2099 2098 2095 2097 2101 2100 2099 2100 2102 2103 2102 2100 2101 2102 2101 2104 2105 2094 2103 2100 2103 2094 2100 2095 2099 2095 2100 2094 2096 2094 2105 2102 2101 2103 2099 2103 2101 2101 2102 2104 2106 2103 2099 2103 2106 2107 2099 2098 2108 2099 2108 2106 2107 2092 2090 1973 524 531 1885 1309 1303
            </p>
          </triangles>
        
          <triangles material="spec1_obelix" count="335">
            <input semantic="VERTEX" source="#obelix_geom_vertices" offset="0"/>
            <p>1 0 2 3 1 2 5 4 6 7 6 4 9 8 10 11 10 8 9 12 8 13 8 12 14 7 4 16 15 17 18 17 15 20 19 21 22 21 19 24 23 25 26 25 23 28 27 29 28 29 30 32 31 33 32 33 34 36 35 37 38 37 35 40 39 41 40 41 42 44 43 45 44 45 46 48 47 49 48 49 50 52 51 53 52 53 54 56 55 57 58 57 55 60 59 61 59 60 62 64 63 65 63 66 65 68 67 69 70 69 67 72 71 73 74 73 71 76 75 77 78 76 77 0 79 2 79 80 2 82 81 11 10 11 81 84 83 85 86 83 84 87 86 84 88 86 87 90 89 91 92 89 90 93 92 90 94 92 93 95 94 93 96 94 95 97 96 95 98 96 97 99 98 97 100 98 99 85 100 99 83 100 85 85 99 101 102 85 101 85 102 103 84 85 103 105 104 91 90 91 104 84 103 87 106 90 104 93 90 106 107 93 106 95 93 107 108 95 107 97 95 108 108 101 99 99 97 108 109 100 83 110 109 83 110 83 86 111 110 86 89 92 112 113 89 112 111 86 88 112 92 94 114 112 94 114 94 96 115 114 96 115 96 98 109 115 98 100 109 98 117 116 118 117 119 116 117 118 120 117 120 121 117 121 122 117 122 119 124 123 125 124 125 126 124 126 127 124 127 128 124 128 129 124 129 123 131 130 132 131 132 133 131 133 134 131 134 135 131 135 136 131 136 130 138 137 139 138 139 140 138 140 141 138 141 142 138 142 143 138 143 137 145 144 146 145 146 147 145 147 148 145 148 149 145 149 150 145 150 144 152 151 153 152 153 154 152 154 155 152 155 156 152 156 157 152 157 151 159 158 160 161 158 159 163 162 164 165 162 163 167 166 168 169 166 167 171 170 172 173 170 171 175 174 176 177 174 175 179 178 180 180 178 181 182 178 179 183 178 182 181 178 184 186 185 187 188 187 185 190 189 191 190 192 193 191 192 190 185 186 194 194 186 195 196 193 197 192 197 193 199 198 195 199 200 201 201 200 202 203 196 204 204 196 197 206 205 207 208 207 205 200 199 209 199 201 198 210 209 195 195 209 199 186 187 210 195 186 210 212 211 213 214 211 212 213 211 215 211 216 215 211 217 216 188 218 187 219 187 218 220 189 221 221 222 223 223 222 224 218 225 219 225 226 219 228 227 224 223 224 227 226 229 230 229 231 230 231 200 230 202 200 231 233 232 228 227 228 232 235 234 233 232 233 234 209 230 200 226 209 210 230 209 226 210 187 219 210 219 226 236 211 237 237 211 214 238 211 236 238 239 211 239 217 211 241 240 242 243 242 240 244 240 241 241 245 244 246 244 245 243 247 248 248 242 243 250 249 251 252 250 251 254 253 252 250 255 249 249 255 256 255 250 257 250 252 257 257 252 258 256 255 259 260 259 255 257 260 255 258 261 257 260 257 261 261 262 263 262 261 258 254 249 264 254 264 253 264 249 265 256 265 249 262 253 265 264 265 253 253 262 252 258 252 262 265 256 259 259 263 265 265 263 262 260 266 259 266 260 261 220 191 189 222 221 189 268 267 269 267 268 270 269 267 271 271 272 269 272 271 273 275 274 270 270 268 275 277 276 1 277 1 3 279 278 280 278 279 7 282 281 283 281 282 284 281 12 283 12 281 13 278 7 14 286 285 287 285 286 288 290 289 291 289 290 292 294 293 295 293 294 296 298 297 299 300 298 299 33 301 302 34 33 302 304 303 305 306 304 305 308 307 309 310 308 309 312 311 313 314 312 313 316 315 317 318 316 317 53 319 320 54 53 320 322 321 323 321 322 324 326 325 327 328 327 325 330 329 331 330 332 329 334 333 335 333 334 336 337 71 72 71 337 338 340 339 341 340 341 342 277 343 276 277 344 343 284 345 346 345 284 282 348 347 349 347 350 349 351 348 349 352 351 349 353 352 349 350 353 349 355 354 356 357 355 356 358 357 356 359 358 356 360 359 356 354 360 356 362 361 363 364 362 363 365 364 363 366 365 363 367 366 363 361 367 363 369 368 370 371 369 370 372 371 370 373 372 370 374 373 370 368 374 370 376 375 377 378 376 377 379 378 377 380 379 377 381 380 377 375 381 377 383 382 384 385 383 384 386 385 384 387 386 384 388 387 384 382 388 384 390 389 391 391 389 392 394 393 395 395 393 396 398 397 167 167 397 169 172 170 399 399 170 400 402 401 403 403 401 404 405 178 406 407 178 405 406 178 408 408 178 183 184 178 407
            </p>
          </triangles>
        </mesh>
      </geometry>
    </library_geometries>
  
    <library_visual_scenes>
      <visual_scene id="TheVisualScene" name="Obelix">
        <node name="obelix" id="obelix" sid="obelix" type="NODE">
          <rotate sid="rotateX">1 0 0 -0.000</rotate>
        
          <rotate sid="rotateY">0 1 0 -0.000</rotate>
        
          <rotate sid="rotateZ">0 0 1 0.000</rotate>
        
          <translate sid="offset">-0.000000 0.000000 0.000000</translate>
        
          <instance_geometry url="#obelix_geom">
            <bind_material>
              <technique_common>
                <instance_material symbol="obelix01" target="#obelix01">
                  <bind_vertex_input input_semantic="TEXCOORD" semantic="UVSET0" input_set="0"/>
                </instance_material>
              
                <instance_material symbol="spec1_obelix" target="#spec1_obelix">
                  <bind_vertex_input input_semantic="TEXCOORD" semantic="UVSET0" input_set="0"/>
                </instance_material>
              </technique_common>
            </bind_material>
          </instance_geometry>
        </node>
      </visual_scene>
    </library_visual_scenes>
  
    <scene>
      <instance_visual_scene url="#TheVisualScene"/>
    </scene>
  </COLLADA>
