# Exported by ZModeler 3.2.0 (Build 1182) with WavefrontOBJ filter (Build 82)
# 

mtllib Obelix.mtl

v -0.172279 1.08845 0.282865
v -0.00297 1.13468 0.271061
v -0.152621 1.12977 0.248461
v -0.00297 1.09395 0.308226
v -0.219059 0.952578 0.311059
v -0.10173 0.914933 0.382163
v -0.194152 0.898409 0.316405
v -0.096054 0.863587 0.365827
v -0.00297 0.844531 0.385383
v -0.00297 0.894645 0.401528
v -0.28697 1.11786 0.165696
v -0.345203 1.11618 0.026998
v -0.388389 1.0728 0.048893
v -0.313343 1.07467 0.194838
v -0.345175 1.12627 -0.122733
v -0.388357 1.08218 -0.12398
v -0.286271 1.14102 -0.24194
v -0.322257 1.10067 -0.267449
v -0.160623 1.151 -0.307139
v -0.181258 1.11186 -0.340614
v -0.00297 1.15292 -0.330652
v -0.00297 1.11402 -0.366998
v -0.33869 0.993509 0.210182
v -0.40293 1.01614 0.05637
v -0.399124 0.968599 0.052762
v -0.319568 0.945233 0.217303
v -0.406795 1.01677 -0.126848
v -0.403396 0.968685 -0.120337
v -0.341579 1.00527 -0.291082
v -0.323467 0.955902 -0.27148
v -0.197454 0.99828 -0.384587
v -0.187538 0.948029 -0.365351
v -0.00297 0.994169 -0.422739
v -0.00297 0.943826 -0.396892
v 0.431637 1.33565 0.087208
v 0.418083 1.24413 0.072449
v 0.558047 1.31729 0.074241
v 0.544493 1.22576 0.059482
v 0.403659 1.19063 -0.003101
v 0.530069 1.17227 -0.016068
v 0.396814 1.20649 -0.095184
v 0.523224 1.18813 -0.108151
v 0.401558 1.28243 -0.149861
v 0.527968 1.26406 -0.162828
v 0.415112 1.37395 -0.135101
v 0.541522 1.35558 -0.148068
v 0.432536 1.43645 -0.059552
v 0.558946 1.41808 -0.072519
v 0.43938 1.42058 0.032532
v 0.565791 1.40222 0.019565
v 0.420885 1.39686 0.021639
v 0.417033 1.331 0.075609
v 0.399569 1.22635 0.035406
v 0.389084 1.21597 -0.065784
v 0.390192 1.25932 -0.117175
v 0.40138 1.35078 -0.127289
v 0.415623 1.41149 -0.058299
v 0.572466 1.3847 0.006903
v 0.568 1.30937 0.067982
v 0.547337 1.19384 0.008231
v 0.538079 1.20076 -0.104758
v 0.547439 1.30279 -0.150706
v 0.567566 1.39983 -0.069755
v -0.232291 1.015 0.281354
v -0.2713 1.03841 0.274279
v -0.267416 0.993713 0.267652
v -0.295278 1.01227 0.242457
v -0.225029 1.05185 0.269859
v -0.252891 1.06741 0.244664
v -0.288016 1.04912 0.230963
v -0.348043 1.04844 0.148305
v -0.372367 1.04319 0.13441
v -0.355496 1.02725 0.150723
v -0.353879 1.05989 0.126683
v -0.367169 1.05015 0.107479
v -0.374621 1.02896 0.109897
v -0.368785 1.01751 0.131519
v -0.394084 1.05665 -0.012528
v -0.408846 1.05153 -0.03827
v -0.399971 1.03577 -0.014754
v -0.39084 1.06901 -0.036197
v -0.393483 1.06049 -0.062092
v -0.39937 1.03961 -0.064319
v -0.402614 1.02725 -0.04065
v -0.370209 1.06398 -0.178361
v -0.378954 1.05555 -0.206231
v -0.376905 1.03866 -0.181037
v -0.358622 1.07671 -0.198284
v -0.35373 1.06412 -0.220882
v -0.360425 1.0388 -0.223558
v -0.372013 1.02607 -0.203635
v -0.286947 1.06296 -0.303074
v -0.26786 1.05541 -0.342468
v -0.290865 1.0305 -0.314107
v -0.253995 1.08125 -0.315491
v -0.224961 1.06707 -0.338942
v -0.22888 1.03461 -0.349976
v -0.261832 1.01633 -0.337558
v -0.126472 1.072 -0.366132
v -0.094833 1.06214 -0.402206
v -0.130226 1.03488 -0.381921
v -0.087181 1.08991 -0.365335
v -0.051645 1.0707 -0.380327
v -0.055399 1.03357 -0.396116
v -0.09469 1.01566 -0.396912
v -0.09287 1.01665 0.331786
v -0.089499 0.970376 0.356529
v -0.080621 1.02798 0.361709
v -0.078579 0.988811 0.383883
v -0.053938 0.931194 0.379815
v -0.047949 0.955062 0.403104
v -0.00297 0.918992 0.390058
v -0.00297 0.944565 0.411802
v -0.00297 1.08001 0.31437
v -0.061145 1.06044 0.315359
v -0.00297 1.08256 0.339924
v -0.053296 1.0657 0.345053
v -0.00297 1.01954 0.394705
v -0.00297 1.72994 0.04137
v -0.032578 1.72467 0.028768
v -0.038645 1.70288 0.055522
v -0.00297 1.71035 0.070432
v -0.04564 1.68261 0.065616
v -0.00297 1.6924 0.083647
v -0.067395 1.66359 0.026071
v -0.063981 1.68726 0.018625
v -0.05046 1.71108 -0.002041
v -0.066441 1.67203 -0.015416
v -0.069224 1.64497 -0.014373
v -0.036884 1.69079 -0.046986
v -0.041866 1.66145 -0.051674
v -0.00297 1.68904 -0.060997
v -0.00297 1.65875 -0.065557
v -0.03935 1.63618 -0.052718
v -0.00297 1.62923 -0.06414
v -0.00297 1.71802 -0.040052
v -0.001455 1.73573 -0.016244
v 0.036741 1.70293 0.053661
v 0.026638 1.72467 0.028768
v 0.058041 1.68726 0.018625
v 0.0397 1.68261 0.065616
v 0.061821 1.66359 0.026071
v 0.04452 1.71108 -0.002041
v 0.064473 1.64654 -0.014849
v 0.060502 1.67203 -0.015416
v 0.030944 1.69079 -0.046986
v 0.034832 1.66132 -0.052124
v 0.036132 1.63612 -0.052711
v 0.066414 1.71864 -0.020164
v 0.079267 1.70131 -0.013306
v 0.06588 1.72613 0.000421
v 0.073556 1.70872 0.006535
v -0.001023 1.7641 -0.029088
v -0.017986 1.75682 -0.025748
v -0.005289 1.76195 -0.008614
v -0.001023 1.75062 -0.039459
v 0.014579 1.75401 -0.031985
v -0.022498 1.74596 -0.010335
v -0.002731 1.74932 0.000577
v -0.023428 1.73868 -0.02935
v -0.002731 1.73487 -0.039898
v -0.001164 1.73883 -0.005748
v -0.011598 1.73342 -0.015029
v -0.000447 1.73067 -0.028178
v 0.010007 1.73233 -0.016547
v 0.019284 1.7391 -0.029434
v 0.014853 1.75983 -0.015947
v 0.020407 1.74572 -0.00834
v -0.072353 1.71864 -0.020164
v -0.085207 1.70131 -0.013306
v -0.07182 1.72613 0.000421
v -0.079496 1.70872 0.006535
v 0.166339 1.08845 0.282865
v 0.146681 1.12977 0.248461
v 0.213119 0.952578 0.311059
v 0.09579 0.914933 0.382163
v 0.090114 0.863587 0.365827
v 0.188212 0.898409 0.316405
v 0.339263 1.11618 0.026998
v 0.28103 1.11786 0.165696
v 0.382449 1.0728 0.048893
v 0.307403 1.07467 0.194838
v 0.339235 1.12627 -0.122733
v 0.382417 1.08218 -0.12398
v 0.280331 1.14102 -0.24194
v 0.316317 1.10067 -0.267449
v 0.154683 1.151 -0.307139
v 0.175318 1.11186 -0.340614
v 0.313628 0.945233 0.217303
v 0.396991 1.01614 0.05637
v 0.33275 0.993509 0.210182
v 0.393184 0.968599 0.052762
v 0.400855 1.01677 -0.126848
v 0.397456 0.968685 -0.120337
v 0.335639 1.00527 -0.291082
v 0.317528 0.955902 -0.27148
v 0.191514 0.99828 -0.384587
v 0.181598 0.948029 -0.365351
v 0.262985 1.03841 0.269585
v 0.224107 1.012 0.277457
v 0.258957 0.990713 0.263044
v 0.28884 1.00927 0.235709
v 0.216595 1.04885 0.266124
v 0.243934 1.06741 0.240378
v 0.278784 1.04912 0.225965
v 0.366428 1.04105 0.134554
v 0.342441 1.0468 0.148877
v 0.349584 1.02551 0.151343
v 0.348067 1.05799 0.127054
v 0.360835 1.0479 0.107698
v 0.367978 1.02661 0.110165
v 0.362352 1.01542 0.131988
v 0.402906 1.05153 -0.03827
v 0.388144 1.05665 -0.012528
v 0.394031 1.03577 -0.014754
v 0.3849 1.06901 -0.036197
v 0.387543 1.06049 -0.062092
v 0.39343 1.03961 -0.064319
v 0.396674 1.02725 -0.04065
v 0.373014 1.05555 -0.206231
v 0.365527 1.06398 -0.175638
v 0.372223 1.03866 -0.178314
v 0.352682 1.07671 -0.198284
v 0.34779 1.06412 -0.220882
v 0.354485 1.0388 -0.223558
v 0.366073 1.02607 -0.203635
v 0.26192 1.05541 -0.342468
v 0.278348 1.06296 -0.304463
v 0.282267 1.0305 -0.315497
v 0.248055 1.08125 -0.315491
v 0.22168 1.06707 -0.337553
v 0.225599 1.03461 -0.348586
v 0.255892 1.01633 -0.337558
v 0.088893 1.06214 -0.402206
v 0.120532 1.072 -0.366137
v 0.124287 1.03488 -0.381926
v 0.081241 1.08991 -0.365335
v 0.045704 1.0707 -0.380322
v 0.049459 1.03357 -0.396111
v 0.08875 1.01566 -0.396912
v 0.084559 0.970376 0.356529
v 0.08693 1.01665 0.331786
v 0.074681 1.02798 0.361709
v 0.072639 0.988811 0.383883
v 0.048999 0.931194 0.379815
v 0.042009 0.955062 0.403104
v 0.055206 1.06044 0.315359
v 0.047356 1.0657 0.345053
v -0.136692 0.341337 -0.14585
v -0.000439 0.327129 -0.051156
v -0.118862 0.336379 -0.033971
v -0.000439 0.35722 -0.23268
v -0.000439 0.352456 0.098751
v -0.127029 0.356103 0.076495
v -0.000434 0.436302 0.260523
v -0.155409 0.436302 0.240647
v -0.000434 0.556653 0.357039
v -0.190718 0.556653 0.327031
v -0.000439 0.690425 0.397982
v -0.205294 0.690425 0.364632
v -0.346029 0.556652 -0.312958
v -0.295306 0.436302 -0.266952
v -0.368735 0.436302 -0.13328
v -0.438234 0.556652 -0.148018
v -0.425011 0.556652 0.040258
v -0.354365 0.436302 0.018961
v -0.45014 0.690425 0.055143
v -0.460144 0.690425 -0.148034
v -0.222161 0.351447 -0.183088
v -0.15388 0.436302 -0.354363
v -0.303531 0.371509 -0.10684
v -0.282835 0.365144 -0.006845
v -0.196132 0.345167 0.04293
v -0.273589 0.436302 0.154848
v -0.442334 0.834021 0.05995
v -0.451872 0.83402 -0.145325
v -0.360137 0.82902 -0.318572
v -0.363272 0.690425 -0.32634
v -0.19966 0.824021 0.355526
v 0.334284 0.556652 -0.312808
v 0.206337 0.695425 -0.427319
v 0.362587 0.690425 -0.32619
v 0.188514 0.556652 -0.413065
v 0.204362 0.690425 0.359632
v 0.189747 0.556653 0.322031
v 0.447634 0.690425 -0.147884
v 0.448122 0.690425 0.055443
v 0.418655 0.556652 0.040558
v 0.421489 0.556652 -0.147868
v 0.441476 0.83402 -0.137178
v 0.436355 0.834021 0.062049
v 0.194294 0.829325 -0.414509
v 0.354304 0.82902 -0.31023
v 0.198767 0.824021 0.350526
v -0.027769 1.62636 0.166738
v -0.00297 1.62942 0.161884
v -0.00297 1.60352 0.134113
v -0.00297 1.64143 0.19995
v -0.027633 1.63138 0.199817
v -0.00297 1.62586 0.230785
v -0.031944 1.61032 0.228025
v -0.00297 1.59241 0.238204
v -0.03301 1.58054 0.229765
v -0.00297 1.55832 0.231302
v -0.00297 1.51892 0.172895
v -0.041668 1.52192 0.127741
v -0.00297 1.51388 0.129208
v -0.035823 1.52817 0.172991
v -0.037351 1.59569 0.129682
v -0.051746 1.60487 0.16061
v -0.054042 1.61021 0.19623
v -0.052819 1.58178 0.214931
v -0.034885 1.55138 0.212421
v -0.058274 1.54935 0.184855
v -0.063505 1.57813 0.189777
v -0.058394 1.5427 0.147719
v -0.049693 1.53888 0.11348
v -0.047725 1.56692 0.121225
v -0.063091 1.57189 0.153506
v -0.00297 1.53498 0.210916
v -0.031108 1.5916 0.116656
v -0.027283 1.60097 0.105575
v -0.036493 1.60414 0.098307
v -0.05608 1.58624 0.111003
v -0.00297 1.59853 0.115628
v -0.050308 1.61296 0.084217
v -0.072863 1.59103 0.0807
v -0.04564 1.67961 0.059616
v -0.064395 1.66659 0.026071
v -0.082615 1.6019 0.045412
v -0.030169 1.67905 0.078635
v -0.00297 1.67706 0.088483
v -0.00297 1.6954 0.074647
v -0.095402 1.58034 0.011888
v -0.124845 1.53049 -0.024572
v -0.104927 1.52282 -0.004191
v -0.109487 1.60704 -0.02405
v -0.025748 1.48234 0.168858
v -0.00297 1.46753 0.170873
v -0.00297 1.48488 0.180431
v -0.02608 1.46988 0.13968
v -0.00297 1.46176 0.152219
v -0.096489 1.5554 0.059996
v -0.079157 1.55901 0.10581
v -0.036057 1.64943 0.084028
v -0.091846 1.59996 -0.004266
v -0.076646 1.62447 -0.012861
v -0.066224 1.65097 -0.014373
v -0.03935 1.63518 -0.052718
v -0.110275 1.51223 0.021089
v -0.098662 1.60652 -0.034412
v -0.109275 1.6003 -0.05185
v -0.123732 1.59838 -0.041717
v -0.122669 1.54567 -0.048892
v -0.087456 1.54779 -0.026193
v -0.133334 1.54875 -0.041063
v -0.064078 1.52976 -0.066912
v -0.092066 1.49007 -0.059253
v -0.119104 1.39061 -0.175602
v -0.002967 1.2907 -0.253929
v -0.145972 1.28097 -0.234847
v -0.002967 1.3972 -0.188738
v -0.00297 1.50117 -0.10427
v -0.212594 1.37036 -0.139339
v -0.215199 1.45012 -0.055733
v -0.275527 1.17865 0.141329
v -0.163112 1.19619 0.226934
v -0.238139 1.23435 0.15999
v -0.110889 1.41183 0.046551
v -0.236498 1.33907 0.091772
v -0.19316 1.26783 0.175084
v -0.068858 1.38029 0.087713
v -0.212345 1.4261 0.038249
v -0.115349 1.45675 -0.005167
v -0.241615 1.25457 -0.18381
v -0.03343 1.68357 -0.043186
v -0.00297 1.66246 -0.063471
v -0.00297 1.69593 -0.048672
v -0.00297 1.62823 -0.06414
v -0.044619 1.69618 -0.014064
v -0.042634 1.70401 0.020045
v -0.02544 1.70462 0.055933
v -0.00297 1.71645 -0.01471
v -0.00297 1.71785 0.022641
v -0.002933 1.2029 -0.288547
v -0.15091 1.2 -0.26025
v -0.108808 1.43749 0.071826
v -0.094232 1.52506 0.088791
v -0.104203 1.47222 0.087893
v -0.00297 1.5201 -0.10117
v -0.026325 1.50321 0.118487
v -0.036564 1.49027 0.142941
v -0.025615 1.50693 0.152893
v -0.033286 1.49054 0.123994
v -0.342264 1.15426 -0.128159
v -0.278871 1.1713 -0.238089
v -0.346392 1.14824 0.021562
v -0.310195 1.17169 0.013328
v -0.30998 1.17837 -0.112497
v -0.314545 1.15367 0.174265
v -0.170634 1.16914 0.266415
v -0.002613 1.17797 0.28517
v -0.002933 1.19681 0.25091
v -0.002967 1.27266 0.189612
v 0.113169 1.39061 -0.175602
v 0.140037 1.28097 -0.234847
v 0.209259 1.45012 -0.055733
v 0.206655 1.37036 -0.139339
v 0.282657 1.24579 0.076056
v 0.307926 1.16684 0.022964
v 0.296591 1.21386 -0.049
v 0.258413 1.1738 0.145183
v 0.104949 1.41183 0.046551
v 0.230558 1.33907 0.091772
v 0.206406 1.4261 0.038249
v 0.109409 1.45675 -0.005167
v 0.235675 1.25457 -0.18381
v 0.062918 1.38029 0.087713
v 0.187225 1.26783 0.175084
v 0.086126 1.49007 -0.059253
v 0.145998 1.19114 0.226934
v 0.232204 1.23435 0.15999
v 0.145043 1.2 -0.26025
v 0.160461 1.18368 -0.302539
v -0.002933 1.18902 -0.331623
v 0.330249 1.15931 -0.117534
v 0.273425 1.17615 -0.238536
v 0.339491 1.14763 0.031197
v 0.295199 1.17837 -0.096083
v 0.292011 1.15294 0.175197
v 0.161406 1.17022 0.269055
v 0.234659 1.19394 -0.196972
v -0.302526 1.21386 -0.049
v -0.288591 1.24579 0.076056
v -0.248973 1.1899 -0.202437
v -0.018153 1.60641 0.105178
v -0.020421 1.50117 0.172526
v -0.030816 1.47789 0.129474
v -0.00297 1.46257 0.134986
v -0.049564 1.44102 0.123849
v -0.059401 1.48313 0.117994
v -0.00297 1.36613 0.096591
v -0.00297 1.39742 0.119094
v -0.068311 1.40691 0.108299
v -0.00297 1.4319 0.131595
v 0.043624 1.44102 0.123849
v 0.024877 1.47789 0.129474
v 0.356601 0.829021 0.243352
v 0.361861 0.690425 0.247887
v 0.329386 0.556653 0.227552
v -0.341131 0.556653 0.222402
v -0.367791 0.690425 0.242737
v -0.363353 0.829021 0.23482
v -0.197793 0.829325 -0.421882
v -0.203332 0.690425 -0.441511
v -0.18885 0.556652 -0.423864
v -0.161057 1.18368 -0.307092
v -0.000456 0.829976 -0.4449
v 0.003503 0.695425 -0.464873
v -0.000434 0.556652 -0.453141
v -0.000434 0.436302 -0.378474
v 0.117985 0.336379 -0.038971
v 0.135815 0.341337 -0.14585
v 0.12698 0.356103 0.076495
v 0.154542 0.436302 0.235647
v 0.362868 0.436302 -0.13328
v 0.283026 0.436302 -0.276952
v 0.353498 0.436302 0.018961
v 0.153012 0.436302 -0.354363
v 0.221284 0.351447 -0.183088
v 0.302654 0.371509 -0.10684
v 0.281958 0.365144 -0.006845
v 0.272722 0.436302 0.159848
v 0.195255 0.345167 0.04293
v 0.129561 0.260602 -0.032936
v 0.181778 0.257178 -0.007318
v 0.233046 0.260488 -0.036922
v 0.234341 0.258255 -0.085322
v 0.193146 0.253274 -0.121943
v 0.140981 0.259971 -0.088803
v 0.21859 0.202163 -0.08048
v 0.184193 0.200628 -0.110358
v 0.141252 0.203492 -0.086158
v 0.133697 0.205915 -0.033988
v 0.132871 0.219086 -0.033331
v 0.223618 0.217604 -0.041449
v 0.221857 0.205496 -0.0434
v 0.181023 0.215811 -0.012918
v 0.181059 0.206753 -0.015295
v -0.002962 1.51078 0.152893
v -0.00297 1.50502 0.172526
v -0.118172 1.57734 -0.059109
v -0.134498 1.57542 -0.047503
v -0.00297 1.7122 0.051666
v 0.21545 0.184193 -0.080628
v 0.182664 0.183511 -0.109427
v 0.140901 0.185622 -0.084932
v 0.181873 0.194459 -0.019039
v 0.220013 0.189556 -0.046559
v 0.134622 0.192585 -0.035352
v -0.025678 1.50142 0.084195
v -0.046236 1.50349 0.0936
v 0.019738 1.50142 0.084195
v 0.035728 1.52192 0.127741
v 0.040297 1.50349 0.0936
v 0.020385 1.50321 0.118487
v 0.301402 1.31915 0.088506
v 0.300348 1.3591 -0.147917
v 0.316177 1.26161 -0.130838
v 0.282619 1.42316 0.06237
v 0.272154 1.43496 -0.090991
v 0.274453 1.44951 -0.01059
v 0.341332 1.41654 0.051455
v 0.343033 1.42115 -0.090195
v 0.576968 1.19328 -0.11536
v 0.629922 1.27795 0.079085
v 0.656492 1.19755 0.002852
v 0.589358 1.39773 -0.081354
v 0.945473 1.28227 -0.016747
v 0.945473 1.30118 -0.076592
v 1.00373 1.29686 -0.097578
v 0.999063 1.29614 -0.017973
v 0.946859 1.32861 0.052767
v 0.997366 1.34007 0.086913
v 0.958246 1.38986 0.01678
v 0.958246 1.39799 -0.061271
v 1.01454 1.39259 0.012366
v 1.01454 1.39579 -0.068506
v 1.00801 1.36113 -0.122655
v 0.950053 1.34371 -0.115003
v 0.997366 1.30873 0.0811
v 1.2413 1.37535 0.065295
v 1.23763 1.38508 0.03058
v 1.18402 1.38747 0.029095
v 1.18559 1.37688 0.0739
v 1.14172 1.38955 0.029525
v 1.14062 1.37653 0.07659
v 1.09011 1.37643 0.078055
v 1.10249 1.39109 0.02871
v 1.06004 1.34679 0.096045
v 1.04717 1.35879 0.074866
v 1.02023 1.32941 0.139264
v 1.02783 1.32262 0.172607
v 1.06591 1.31208 0.150682
v 1.0871 1.33669 0.068184
v 1.05244 1.31178 0.06849
v 1.22184 1.35384 0.047212
v 1.17292 1.34995 0.060311
v 1.14483 1.34787 0.06345
v 1.06004 1.30373 0.090232
v 1.02783 1.29128 0.166794
v 1.02023 1.29023 0.131997
v 1.17311 1.35792 0.039168
v 1.14422 1.35934 0.037616
v 1.10449 1.36001 0.028625
v 1.1063 1.3512 -0.026137
v 1.09248 1.34466 -0.118591
v 1.09366 1.37307 -0.126487
v 1.1849 1.35667 0.014904
v 1.23906 1.34971 0.000644
v 1.25578 1.37328 0.020189
v 1.20757 1.38462 0.023298
v 1.14814 1.39118 0.02609
v 1.15761 1.3579 0.016469
v 1.10732 1.39396 -0.022091
v 1.14875 1.39123 -0.020653
v 1.20764 1.3855 -0.018795
v 1.25638 1.37323 -0.015811
v 1.18552 1.35538 -0.009453
v 1.15807 1.35524 -0.011368
v 1.10242 1.39293 -0.081447
v 1.10162 1.34475 -0.081728
v 1.14321 1.39092 -0.078619
v 1.14422 1.39264 -0.028274
v 1.19029 1.38557 -0.031771
v 1.18943 1.38482 -0.075284
v 1.2408 1.37719 -0.038007
v 1.23964 1.37729 -0.072183
v 1.22705 1.35177 -0.053729
v 1.17269 1.35847 -0.041013
v 1.17287 1.35756 -0.06355
v 1.15523 1.35684 -0.065094
v 1.15534 1.35836 -0.039726
v 1.13836 1.37565 -0.12466
v 1.14487 1.34961 -0.113671
v 1.18043 1.37669 -0.120944
v 1.16405 1.35115 -0.111765
v 1.21051 1.37571 -0.11619
v 1.19649 1.35429 -0.099746
v 1.13731 1.39132 -0.084494
v 1.18017 1.3871 -0.086201
v 1.21123 1.38377 -0.088529
v 1.16336 1.35818 -0.090068
v 1.14348 1.3559 -0.088825
v 0.574226 1.31001 -0.156378
v 0.62238 1.31351 -0.168106
v 0.629958 1.39376 -0.081042
v 0.659734 1.31336 -0.162439
v 0.69575 1.40906 -0.080285
v 0.628352 1.19421 -0.125571
v 0.665687 1.20871 -0.125245
v 0.654985 1.40841 -0.001105
v 0.861924 1.33602 -0.141324
v 0.86291 1.40245 -0.074327
v 0.859774 1.4033 -0.001701
v 0.842191 1.29126 0.087362
v 0.846334 1.23637 -0.001858
v 0.838031 1.25407 -0.114713
v 0.344682 1.43634 -0.01437
v 0.74076 1.27521 0.09866
v 0.751413 1.20696 0.000497
v -0.00297 1.61325 0.106697
v -0.020183 1.62542 0.099216
v -0.017011 1.64614 0.096504
v -0.00297 1.65215 0.09859
v -0.038672 1.62009 0.091854
v -0.031976 1.62928 0.092213
v 0.021829 1.62636 0.166738
v 0.021693 1.63138 0.199817
v 0.026004 1.61032 0.228025
v 0.027071 1.58054 0.229765
v 0.029884 1.52817 0.172991
v 0.045806 1.60487 0.16061
v 0.031411 1.59569 0.129682
v 0.048102 1.61021 0.19623
v 0.046879 1.58178 0.214931
v 0.028945 1.55138 0.212421
v 0.052334 1.54935 0.184855
v 0.057565 1.57813 0.189777
v 0.052454 1.5427 0.147719
v 0.043753 1.53888 0.11348
v 0.057151 1.57189 0.153506
v 0.041785 1.56692 0.121225
v 0.025168 1.5916 0.116656
v 0.05014 1.59224 0.111003
v 0.030553 1.60414 0.098307
v 0.021343 1.60097 0.105575
v 0.066924 1.59103 0.0807
v 0.044369 1.61296 0.084217
v 0.024229 1.67905 0.078635
v 0.120905 1.53049 -0.024572
v 0.089462 1.58034 0.011888
v 0.103987 1.52282 -0.004191
v 0.105547 1.60704 -0.02405
v 0.019808 1.48234 0.168858
v 0.020141 1.46988 0.13968
v 0.073217 1.55901 0.10581
v 0.090549 1.5554 0.059996
v 0.105335 1.6003 -0.05185
v 0.091722 1.60652 -0.034412
v 0.119792 1.59838 -0.041717
v 0.09394 1.53579 -0.02796
v 0.118853 1.54267 -0.049148
v 0.129395 1.54575 -0.041063
v 0.085906 1.59996 -0.004266
v 0.102868 1.43749 0.071826
v 0.104335 1.51223 0.021089
v 0.088292 1.52006 0.088791
v 0.095263 1.47222 0.090893
v 0.058138 1.54476 -0.057912
v 0.030625 1.49027 0.142941
v 0.019676 1.50693 0.152893
v 0.027346 1.49054 0.123994
v 0.012213 1.60641 0.105178
v 0.014481 1.50117 0.172526
v 0.053461 1.48813 0.117994
v 0.062371 1.40691 0.108299
v 0.114232 1.57734 -0.059109
v 0.130558 1.57542 -0.047503
v 0.014243 1.62542 0.099216
v 0.026036 1.62928 0.092213
v 0.011071 1.64614 0.096504
v 0.030117 1.64943 0.084028
v 0.032732 1.62009 0.091854
v 0.78433 1.41075 -0.082306
v 0.775829 1.32969 -0.156881
v 0.767379 1.41086 0.003597
v 0.753859 1.23139 -0.127979
v 0.746143 1.36668 0.074185
v 0.632454 1.36318 0.05749
v 0.847982 1.36228 0.06383
v -0.408438 1.22359 0.035298
v -0.391697 1.21069 -0.055031
v -0.307342 1.31915 0.088506
v -0.322117 1.26161 -0.130838
v -0.306288 1.3591 -0.147917
v -0.424481 1.32242 0.064344
v -0.293559 1.42316 0.06237
v -0.283094 1.43496 -0.090991
v -0.285393 1.45451 -0.01059
v -0.352272 1.41654 0.051455
v -0.437567 1.38208 0.012564
v -0.441953 1.40452 -0.046419
v -0.353973 1.42615 -0.090195
v -0.403269 1.32995 -0.127493
v -0.55414 1.19322 0.011859
v -0.60176 1.19066 -0.127098
v -0.565378 1.19764 -0.114796
v -0.49328 1.24489 0.062368
v -0.579825 1.29496 0.04941
v -0.501071 1.31917 0.072569
v -0.506026 1.38997 0.012489
v -0.574486 1.38786 -0.007585
v -0.50149 1.40904 -0.064629
v -0.569339 1.40396 -0.069437
v -0.635862 1.27795 0.079085
v -0.662432 1.19755 0.002852
v -0.600235 1.39707 -0.081798
v -0.568184 1.31201 -0.149987
v -0.599668 1.31236 -0.168175
v -0.488436 1.33975 -0.149477
v -0.483146 1.23929 -0.136701
v -0.407844 1.26547 -0.120163
v -0.633257 1.31286 -0.16855
v -0.635898 1.39376 -0.081042
v -0.639229 1.19356 -0.126016
v -0.660925 1.40841 -0.001105
v -0.70169 1.40906 -0.080285
v -0.671627 1.20871 -0.125246
v -0.355622 1.44134 -0.01437
v -0.7467 1.27521 0.09866
v -0.757353 1.20696 0.000497
v -0.867864 1.33602 -0.141324
v -0.86885 1.40245 -0.074327
v -0.79027 1.41075 -0.082306
v -0.781769 1.32969 -0.156881
v -0.773319 1.41086 0.003597
v -0.865714 1.4033 -0.001701
v -0.759799 1.23139 -0.127979
v -0.843971 1.25407 -0.114713
v -0.852274 1.23637 -0.001858
v -0.848131 1.29126 0.087362
v -0.752083 1.36668 0.074185
v -0.638394 1.36318 0.05749
v -0.853922 1.36228 0.06383
v -0.951407 1.28227 -0.016747
v -1.005 1.29614 -0.017973
v -1.00966 1.29686 -0.097578
v -0.951407 1.30118 -0.076592
v -1.0033 1.34007 0.086913
v -0.952794 1.32861 0.052767
v -0.96418 1.38986 0.01678
v -1.02047 1.39259 0.012366
v -0.96418 1.39799 -0.061271
v -1.02047 1.39579 -0.068506
v -0.955987 1.34371 -0.115003
v -1.01394 1.36113 -0.122655
v -1.0033 1.30873 0.0811
v -1.24357 1.38508 0.03058
v -1.24724 1.37535 0.065295
v -1.18996 1.38747 0.029095
v -1.19152 1.37688 0.0739
v -1.14765 1.38955 0.029525
v -1.14655 1.37653 0.07659
v -1.09604 1.37643 0.078055
v -1.10342 1.39109 0.02871
v -1.06598 1.34679 0.096045
v -1.02616 1.32941 0.139264
v -1.0531 1.35879 0.074866
v -1.03377 1.32262 0.172607
v -1.07185 1.31208 0.150682
v -1.09303 1.33669 0.068184
v -1.05838 1.31178 0.06849
v -1.22777 1.35384 0.042212
v -1.17886 1.34995 0.060311
v -1.15077 1.34787 0.06345
v -1.06598 1.30373 0.090232
v -1.03377 1.29128 0.166794
v -1.02616 1.29023 0.131997
v -1.17904 1.35792 0.039168
v -1.15016 1.35934 0.037616
v -1.10542 1.36001 0.028625
v -1.10724 1.3512 -0.026137
v -1.10342 1.34466 -0.118591
v -1.10459 1.37307 -0.126487
v -1.24325 1.34901 0.002839
v -1.19083 1.35667 0.014904
v -1.2135 1.38462 0.023298
v -1.26171 1.37328 0.020189
v -1.15407 1.39118 0.02609
v -1.17355 1.3579 0.016469
v -1.10826 1.39396 -0.022091
v -1.15469 1.39123 -0.020653
v -1.21357 1.3855 -0.018795
v -1.26231 1.37323 -0.015811
v -1.19145 1.35538 -0.009453
v -1.174 1.35524 -0.011368
v -1.10836 1.39293 -0.081447
v -1.10755 1.34475 -0.081728
v -1.14915 1.39092 -0.078619
v -1.15015 1.39264 -0.028274
v -1.19536 1.38482 -0.075284
v -1.19623 1.38557 -0.031771
v -1.24557 1.37729 -0.072183
v -1.24673 1.37719 -0.038008
v -1.23239 1.35344 -0.054599
v -1.17862 1.35847 -0.041013
v -1.1788 1.35756 -0.06355
v -1.16116 1.35684 -0.065094
v -1.16127 1.35836 -0.039726
v -1.14429 1.37565 -0.12466
v -1.1508 1.34961 -0.113671
v -1.16998 1.35115 -0.111765
v -1.18636 1.37669 -0.120944
v -1.20242 1.35928 -0.099746
v -1.21645 1.37571 -0.11619
v -1.14325 1.39132 -0.084494
v -1.18611 1.3871 -0.086201
v -1.21716 1.38377 -0.088529
v -1.16929 1.35818 -0.090068
v -1.14942 1.3559 -0.088825
v 0.058455 1.66659 0.026071
v 0.0397 1.67961 0.059616
v 0.076675 1.6019 0.045412
v 0.067095 1.63047 -0.01932
v 0.060285 1.65097 -0.014373
v 0.03341 1.63518 -0.052718
v 0.02749 1.68357 -0.043186
v 0.038679 1.69618 -0.014064
v 0.036694 1.70401 0.020045
v 0.0195 1.70462 0.055933
v -0.093776 1.49624 -0.079648
v -0.134032 1.52241 -0.055952
v -0.105281 1.51429 -0.08865
v -0.124096 1.50522 -0.041313
v -0.00297 1.65096 -0.114152
v -0.00297 1.66601 -0.112212
v 0.04093 1.65451 -0.108016
v 0.057631 1.62211 -0.060415
v 0.028442 1.63081 -0.082331
v 0.075249 1.64581 -0.085462
v -0.006331 1.62871 -0.087833
v 0.068558 1.61 -0.091659
v 0.027378 1.61423 -0.10373
v 0.083935 1.62938 -0.126732
v 0.041454 1.62241 -0.14542
v 0.091028 1.61607 -0.127755
v 0.041232 1.60826 -0.152057
v 0.101311 1.60881 -0.057542
v 0.089232 1.60422 -0.087109
v -0.035966 1.66413 -0.107339
v -0.037384 1.64728 -0.111337
v -0.047711 1.61731 -0.076088
v -0.06545 1.61653 -0.134084
v -0.056606 1.58875 -0.081036
v -0.053197 1.62934 -0.132541
v -0.016797 1.60812 -0.155308
v -0.00297 1.58676 -0.10117
v -0.074036 1.53803 -0.071109
v -0.00297 1.55343 -0.10117
v -0.092783 1.53315 -0.13117
v -0.026882 1.53109 -0.157449
v -0.087263 1.50143 -0.11974
v -0.042581 1.64136 -0.079748
v -0.00297 1.64369 -0.088648
v 0.034701 1.64097 -0.078532
v 0.063364 1.62969 -0.048341
v 0.085565 1.59289 -0.041763
v 0.099621 1.56465 -0.044515
v 0.076943 1.56171 -0.081804
v 0.064939 1.5867 -0.075237
v 0.113408 1.61772 -0.100547
v 0.126567 1.6193 -0.073615
v 0.12704 1.59716 -0.073089
v 0.111 1.59751 -0.0972
v 0.112347 1.55332 -0.055616
v 0.088009 1.54783 -0.09488
v 0.146828 1.55445 -0.086592
v 0.124845 1.55207 -0.127689
v 0.08944 1.53226 -0.092566
v 0.120486 1.53718 -0.053866
v 0.1463 1.53286 -0.078483
v 0.122845 1.52901 -0.119347
v -0.008976 1.62415 -0.149271
v -0.025118 1.49945 -0.144243
v -0.067814 1.62447 -0.074275
v -0.090978 1.62394 -0.034842
v 0.078365 1.52937 -0.094354
v 0.022403 1.52839 -0.129109
v 0.06485 1.5128 -0.083235
v 0.091872 1.49693 -0.122703
v 0.006447 1.50613 -0.117813
v 0.029246 1.50365 -0.165606
v 0.112483 1.56619 -0.114707
v 0.055328 1.56907 -0.164434
v -0.118219 1.64353 -0.0549
v -0.085153 1.63777 -0.088977
v -0.084746 1.58734 -0.134259
v -0.129448 1.61049 -0.109173
v -0.084746 1.61427 -0.132513
v -0.129448 1.58355 -0.110918
v -0.093059 1.57715 -0.030303
v -0.069618 1.5688 -0.106005
v -0.148607 1.56767 -0.087103
v -0.114676 1.55042 -0.060428
v 0.00849 1.58177 -0.163887
v -0.084161 1.55067 -0.123874
v -0.070335 1.5666 -0.16281
v -0.073228 1.60079 -0.103801
v -0.120055 1.5935 -0.070292
v 0.094316 1.64425 -0.084678
v 0.103358 1.62696 -0.067854
v -0.110725 1.56764 -0.131882
v -0.182655 0.262178 -0.002318
v -0.130438 0.265602 -0.027936
v -0.233923 0.265488 -0.031922
v -0.235218 0.258255 -0.085322
v -0.194023 0.253274 -0.121943
v -0.141858 0.259971 -0.088803
v -0.219467 0.202163 -0.08048
v -0.18507 0.200628 -0.110358
v -0.142129 0.203492 -0.086158
v -0.133748 0.219086 -0.033331
v -0.134574 0.205915 -0.033988
v -0.225495 0.217604 -0.041449
v -0.223734 0.205496 -0.0434
v -0.181901 0.215811 -0.012918
v -0.181936 0.206753 -0.015295
v -0.216327 0.184193 -0.080628
v -0.183541 0.183511 -0.109427
v -0.141778 0.185622 -0.084932
v -0.22089 0.189556 -0.046559
v -0.18275 0.194459 -0.019039
v -0.135499 0.192585 -0.035352
v 0.157274 0.107611 0.012724
v 0.209199 0.11027 0.022855
v 0.192464 0.161979 0.004577
v 0.133602 0.155088 -0.00799
v 0.263426 0.098319 -0.008821
v 0.237865 0.155965 -0.026997
v 0.269641 0.062598 -0.094972
v 0.233132 0.13466 -0.072735
v 0.225622 0.055807 -0.15295
v 0.213256 0.11715 -0.120855
v 0.139393 0.055152 -0.152104
v 0.155699 0.112611 -0.120684
v 0.102712 0.060837 -0.089793
v 0.127193 0.133684 -0.07599
v 0.119993 0.090224 -0.020534
v 0.116589 0.1891 -0.020341
v 0.120966 0.177316 -0.099076
v 0.232951 0.178654 -0.094122
v 0.24088 0.18664 -0.03595
v 0.180189 0.169299 -0.13344
v 0.185126 0.188195 0.005425
v -0.134479 0.155088 -0.00799
v -0.210076 0.11327 0.022855
v -0.158151 0.102611 0.012724
v -0.193341 0.161979 0.004577
v -0.264303 0.093319 -0.008821
v -0.238742 0.155965 -0.026997
v -0.270518 0.062598 -0.094972
v -0.234009 0.13466 -0.072735
v -0.226499 0.055807 -0.15295
v -0.214133 0.11715 -0.120855
v -0.14027 0.055152 -0.152104
v -0.156576 0.112611 -0.120684
v -0.103589 0.060837 -0.089793
v -0.12807 0.133684 -0.07599
v -0.12087 0.090224 -0.020534
v -0.117466 0.1891 -0.020341
v -0.121843 0.177316 -0.099076
v -0.233828 0.178654 -0.094122
v -0.241757 0.18664 -0.03595
v -0.181066 0.169299 -0.13344
v -0.186003 0.188195 0.005425
v -0.198423 0.033832 -0.165501
v -0.146983 0.066133 -0.136322
v -0.152892 0.033832 -0.163027
v -0.224925 0.06778 -0.131775
v -0.148206 0.002589 -0.158356
v -0.199448 0.002589 -0.160905
v -0.127589 0.002589 -0.013766
v -0.263237 0.002589 -0.034824
v -0.12638 0.002589 -0.110507
v -0.23069 0.002589 -0.143455
v -0.100847 0.002589 0.097365
v -0.292416 0.002589 0.061442
v -0.304623 0.002589 0.150167
v -0.104466 0.002589 0.235058
v -0.277251 0.002589 0.236641
v -0.149901 0.002589 0.310961
v -0.206094 0.002589 0.299629
v -0.272814 0.033577 0.236641
v -0.206173 0.033577 0.294629
v -0.212681 0.080794 0.239771
v -0.263513 0.049692 0.228361
v -0.308356 0.033577 0.150167
v -0.291925 0.062987 0.154456
v -0.218708 0.104517 0.16315
v -0.300063 0.033577 0.061279
v -0.278441 0.068031 0.080035
v -0.269597 0.033832 -0.036069
v -0.268532 0.077326 -0.031768
v -0.207775 0.099968 -0.014473
v -0.236748 0.033832 -0.146527
v -0.160888 0.097512 -0.013236
v -0.153546 0.033577 0.305961
v -0.153443 0.080158 0.237417
v -0.157086 0.100093 0.16357
v -0.105707 0.058721 0.155522
v -0.106312 0.033577 0.235058
v -0.129527 0.080114 -0.016378
v -0.126835 0.033832 -0.110507
v -0.122967 0.033832 -0.013766
v -0.100327 0.033832 0.099385
v -0.116323 0.066372 0.098829
v -0.157136 0.090304 0.102216
v -0.221248 0.093171 0.095955
v -0.108424 0.07634 0.089089
v -0.148303 0.107987 0.092748
v -0.227543 0.111083 0.085986
v -0.289312 0.078932 0.068792
v -0.013515 1.63087 0.102856
v -0.024233 1.6418 0.100123
v -0.02536 1.63872 0.095989
v -0.015209 1.63668 0.105194
v -0.020003 1.64232 0.098633
v -0.009593 1.63942 0.104464
v -0.035598 1.65739 0.088189
v -0.035449 1.65483 0.087336
v -0.034456 1.65942 0.086385
v -0.046818 1.65439 0.074078
v 0.146116 0.066133 -0.136322
v 0.197556 0.033832 -0.165501
v 0.152025 0.033832 -0.163027
v 0.224058 0.06778 -0.131775
v 0.147339 0.002589 -0.158356
v 0.198581 0.002589 -0.160905
v 0.26237 0.002589 -0.034824
v 0.126721 0.002589 -0.013766
v 0.125513 0.002589 -0.110507
v 0.229823 0.002589 -0.143455
v 0.099979 0.002589 0.097365
v 0.291549 0.002589 0.061442
v 0.303756 0.002589 0.150167
v 0.103598 0.002589 0.235058
v 0.276384 0.002589 0.236641
v 0.149034 0.002589 0.310961
v 0.205227 0.002589 0.299629
v 0.271946 0.033577 0.236641
v 0.205306 0.033577 0.294629
v 0.262646 0.049692 0.228361
v 0.211814 0.080794 0.239771
v 0.307489 0.033577 0.150167
v 0.291057 0.062987 0.154456
v 0.21784 0.104517 0.16315
v 0.299196 0.033577 0.061279
v 0.277573 0.068031 0.080035
v 0.26873 0.033832 -0.036069
v 0.206908 0.099968 -0.014473
v 0.267664 0.077326 -0.031768
v 0.23588 0.033832 -0.146527
v 0.160021 0.097512 -0.013236
v 0.152679 0.033577 0.305961
v 0.152576 0.080158 0.237417
v 0.156218 0.100093 0.16357
v 0.10484 0.058721 0.155522
v 0.105445 0.033577 0.235058
v 0.12866 0.080114 -0.016378
v 0.125968 0.033832 -0.110507
v 0.1221 0.033832 -0.013766
v 0.09946 0.033832 0.099385
v 0.115455 0.066372 0.098829
v 0.156269 0.090304 0.102216
v 0.22038 0.093171 0.095955
v 0.107557 0.07634 0.089089
v 0.147436 0.107987 0.092748
v 0.226676 0.111083 0.085986
v 0.288445 0.078932 0.068792
v 0.089001 1.75062 -0.010143
v -0.094941 1.75062 -0.010143
v -0.000426 0.808723 0.392778
v 0.015793 1.6493 0.100123
v 0.006575 1.63587 0.102356
v 0.01642 1.64672 0.095989
v 0.007769 1.64068 0.104194
v 0.014063 1.65232 0.095133
v 0.004653 1.64292 0.101464
v 0.029658 1.65645 0.086951
v 0.02951 1.65383 0.086336
v 0.028516 1.65731 0.084969
v 0.040878 1.65439 0.074078
v -0.682378 1.36774 -0.138843
v -0.665674 1.31336 -0.162439
v -0.662386 1.25451 -0.158741
v 0.10537 1.52711 0.064512
v 0.122938 1.52711 0.035202
v 0.104005 1.57262 0.030761
v 0.11525 1.47943 0.024516
v 0.10537 1.47943 0.045141
v 0.065802 1.52711 0.035202
v 0.09549 1.47943 0.024516
v 0.10537 1.39154 0.045159
v 0.141531 1.43496 0.036054
v 0.10537 1.43496 0.068382
v 0.114415 1.39154 0.026276
v 0.10537 1.43496 0.003725
v 0.069209 1.43496 0.036054
v 0.096325 1.39154 0.026276
v 0.137852 1.35136 0.036974
v 0.10537 1.35136 0.066083
v 0.10537 1.35136 0.007864
v 0.112115 1.31036 0.029637
v 0.10537 1.31036 0.043719
v 0.072888 1.35136 0.036974
v 0.098624 1.31036 0.029637
v 0.10537 1.23723 0.038278
v 0.133535 1.27343 0.038053
v 0.10537 1.27343 0.063384
v 0.10537 1.27343 0.012721
v 0.077205 1.27343 0.038053
v 0.10542 1.24973 0.038028
v 0.10612 1.22723 0.058528
v 0.12612 1.22723 0.038028
v 0.08562 1.22723 0.038028
v 0.10542 1.20473 0.038028
v 0.10612 1.22723 0.017028
v 0.10562 1.22723 0.038028
v 0.06162 1.1808 0.032028
v 0.01662 1.23171 0.023928
v 0.05162 1.27666 0.044028
v 0.01662 1.23171 0.052128
v 0.05162 1.27666 0.032028
v 0.02662 1.27139 0.048028
v 0.02662 1.27139 0.028028
v 0.03162 1.19203 0.048028
v 0.03162 1.19203 0.028028
v 0.06162 1.1808 0.044028
v 0.16062 1.27666 0.032028
v 0.19562 1.23171 0.023928
v 0.15062 1.1808 0.044028
v 0.19562 1.23171 0.052128
v 0.18562 1.27139 0.048028
v 0.16062 1.27666 0.044028
v 0.18562 1.27139 0.028028
v 0.18062 1.19203 0.048028
v 0.15062 1.1808 0.032028
v 0.18062 1.19203 0.028028
v -0.128878 1.52711 0.035202
v -0.11131 1.52711 0.064512
v -0.109945 1.57262 0.030761
v -0.12119 1.47943 0.024516
v -0.11131 1.47943 0.045141
v -0.071742 1.52711 0.035202
v -0.10143 1.47943 0.024516
v -0.147471 1.43496 0.036054
v -0.11131 1.39154 0.045159
v -0.11131 1.43496 0.068382
v -0.120355 1.39154 0.026276
v -0.11131 1.43496 0.003725
v -0.075149 1.43496 0.036054
v -0.102265 1.39154 0.026276
v -0.143792 1.35136 0.036974
v -0.11131 1.35136 0.066083
v -0.11131 1.35136 0.007864
v -0.118055 1.31036 0.029637
v -0.11131 1.31036 0.043719
v -0.078828 1.35136 0.036974
v -0.104564 1.31036 0.029637
v -0.139475 1.27343 0.038053
v -0.11131 1.23723 0.038278
v -0.11131 1.27343 0.063384
v -0.11131 1.27343 0.012721
v -0.083145 1.27343 0.038053
v -0.11206 1.22723 0.058528
v -0.11136 1.24973 0.038028
v -0.13206 1.22723 0.038028
v -0.09156 1.22723 0.038028
v -0.11136 1.20473 0.038028
v -0.11206 1.22723 0.017028
v -0.11156 1.22723 0.038028
v -0.05756 1.27666 0.032028
v -0.02256 1.23171 0.023928
v -0.06756 1.1808 0.044028
v -0.02256 1.23171 0.052128
v -0.03256 1.27139 0.048028
v -0.05756 1.27666 0.044028
v -0.03256 1.27139 0.028028
v -0.03756 1.19203 0.048028
v -0.06756 1.1808 0.032028
v -0.03756 1.19203 0.028028
v -0.15656 1.1808 0.032028
v -0.20156 1.23171 0.023928
v -0.16656 1.27666 0.044028
v -0.20156 1.23171 0.052128
v -0.16656 1.27666 0.032028
v -0.19156 1.27139 0.048028
v -0.19156 1.27139 0.028028
v -0.18656 1.19203 0.048028
v -0.18656 1.19203 0.028028
v -0.15656 1.1808 0.044028
v -0.030521 1.61778 0.103141
v -0.035011 1.61228 0.099525
v -0.029184 1.60993 0.103434
v -0.035084 1.61915 0.096754
v -0.029329 1.62366 0.097892
v -0.023502 1.62131 0.101801
v -0.023429 1.61445 0.104572
v 0.029071 1.61228 0.099525
v 0.024581 1.61778 0.103141
v 0.023244 1.60993 0.103434
v 0.029144 1.61915 0.096754
v 0.023389 1.62366 0.097892
v 0.017562 1.62131 0.101801
v 0.01749 1.61445 0.104572
v -0.068487 1.52331 0.121134
v -0.064402 1.50246 0.126338
v -0.038286 1.50054 0.128994
v -0.026325 1.50421 0.118487
v -0.051401 1.48413 0.122994
v -0.086909 1.48678 0.108607
v -0.078772 1.478 0.109568
v -0.09942 1.48873 0.095021
v -0.091102 1.50656 0.105107
v -0.107301 1.50832 0.076742
v -0.115461 1.49043 0.064677
v -0.101506 1.4765 0.092096
v 0.020385 1.50421 0.118487
v 0.058462 1.50246 0.126338
v 0.062547 1.52031 0.121134
v 0.032346 1.50054 0.128994
v 0.053461 1.48313 0.119994
v 0.080969 1.48678 0.108607
v 0.072832 1.478 0.109568
v 0.09348 1.48873 0.089021
v 0.085162 1.50656 0.105107
v 0.101361 1.49832 0.076742
v 0.109521 1.49043 0.069677
v 0.095566 1.4765 0.092096


vn -0.285193 0.684429 0.670987
vn 3.75806e-009 0.675321 0.737528
vn -0.281322 0.689491 0.667429
vn -0 0.674095 0.738649
vn -0.283564 0.386856 0.877465
vn -0.41406 0.319432 0.852361
vn -0.219567 0.400499 0.889607
vn -0 0.437272 0.899333
vn -0.575337 -0.238919 0.78225
vn -0.388989 -0.318076 0.864595
vn -0.396055 -0.278713 0.874908
vn -0.626004 -0.18703 0.757068
vn 3.8474e-009 -0.318198 0.948026
vn -0 -0.306645 0.951826
vn -0 0.423973 0.90568
vn -0.6523 0.697171 0.297439
vn -0.619675 0.743576 0.251209
vn -0.681427 0.647028 0.342074
vn -0.706426 0.706503 0.0427818
vn -0.714346 0.69823 0.0469088
vn -0.698399 0.714668 0.0386483
vn -0.670781 0.704792 -0.230914
vn -0.649038 0.724834 -0.231017
vn -0.69194 0.684136 -0.230611
vn -0.368408 0.708814 -0.601552
vn -0.368408 0.708808 -0.601555
vn -0.368409 0.708819 -0.601548
vn -1.87529e-009 0.683839 -0.729643
vn -0.115929 0.679227 -0.724722
vn -0.116237 0.68031 -0.723665
vn -0 0.682723 -0.730678
vn -0.904347 -0.197398 0.378417
vn -0.923201 -0.102028 0.370564
vn -0.876904 -0.290893 0.382676
vn -0.996982 -0.0742622 0.0226623
vn -0.996476 -0.0813464 0.0207406
vn -0.997443 -0.0671747 0.024583
vn -0.879643 -0.286324 -0.379811
vn -0.926055 -0.114164 -0.35973
vn -0.80491 -0.449265 -0.387664
vn -0.51755 -0.432142 -0.738515
vn -0.495937 -0.471518 -0.72919
vn -0.538072 -0.391855 -0.746284
vn -0 -0.423631 -0.905835
vn -0.173098 -0.417239 -0.892166
vn -0.185611 -0.383022 -0.904902
vn -0 -0.456741 -0.889607
vn -0.855074 0.309818 0.415782
vn -0.837445 0.342102 0.426221
vn -0.871449 0.27708 0.404735
vn -0.96771 0.25118 0.021279
vn -0.965183 0.260962 0.0178959
vn -0.962554 0.270716 0.0145109
vn -0.887841 0.269292 -0.373138
vn -0.88794 0.26675 -0.374714
vn -0.887728 0.271829 -0.371556
vn -0.4797 0.340468 -0.808691
vn -0.508372 0.302666 -0.806197
vn -0.449944 0.3775 -0.809358
vn -0.154355 0.397383 -0.904581
vn -0 0.421703 -0.906736
vn -0 0.402202 -0.915552
vn -0.170638 0.376809 -0.910446
vn -0.529225 0.328816 0.782183
vn -0.524563 0.31346 0.791567
vn -0.533701 0.344057 0.772523
vn -0.430778 0.680702 0.592515
vn -0.43851 0.671177 0.597693
vn -0.667494 -0.157027 0.727874
vn -0.6616 -0.193657 0.724424
vn -0.430062 0.283095 0.857271
vn -0.313401 -0.420833 0.85129
vn 0.453286 0.10191 0.885527
vn 0.305934 -0.600781 0.738565
vn -0.206871 -0.779391 0.591404
vn 0.112475 -0.820931 0.559849
vn -0.736938 -0.675481 -0.0254418
vn -0.606245 -0.707625 -0.362961
vn 0.336886 -0.926271 -0.168922
vn 0.173801 -0.778897 -0.602599
vn -0.574844 -0.193779 -0.794993
vn 0.292787 -0.181262 -0.938845
vn -0.498038 0.454843 -0.738307
vn 0.424431 0.439918 -0.79142
vn -0.339569 0.890137 -0.303912
vn 0.612404 0.7751 -0.155515
vn -0.399501 0.823216 0.403381
vn 0.580506 0.618492 0.529614
vn -0.758407 0.499077 0.419217
vn -0.644981 0.163994 0.746405
vn -0.70789 -0.292274 0.643017
vn -0.961586 -0.244562 0.124733
vn -0.938469 -0.343701 -0.0339982
vn -0.933446 -0.144144 -0.328502
vn -0.883505 0.257191 -0.391508
vn -0.843339 0.535956 -0.039268
vn 0.905847 0.349233 0.239773
vn 0.766921 -0.0240325 0.641296
vn 0.674508 -0.609257 0.416968
vn 0.760796 -0.539694 -0.360464
vn 0.829348 -0.54943 -0.101604
vn 0.777001 -0.0255672 -0.62899
vn 0.912489 0.300983 -0.2771
vn -0.137856 0.0689028 0.988055
vn -0.502005 0.347718 0.791894
vn -0.512867 -0.169347 0.841602
vn -0.823479 0.0699623 0.563025
vn -0.0797355 0.548222 0.832527
vn -0.35854 0.76863 0.529773
vn -0.730571 0.541632 0.415829
vn -0.504796 0.524819 0.68538
vn -0.844878 0.343955 0.409747
vn -0.668653 0.051463 0.7418
vn -0.568109 0.766973 0.298342
vn -0.829221 0.558706 -0.015638
vn -0.995463 0.0854921 0.0419205
vn -0.895094 -0.171234 0.411701
vn -0.808754 0.454379 0.373448
vn -0.962689 0.27045 0.00955809
vn -0.942374 -0.0340603 0.33283
vn -0.698475 0.714064 0.0474921
vn -0.792965 0.521254 -0.315443
vn -0.93384 0.0354779 -0.355942
vn -0.968859 -0.245658 -0.031217
vn -0.86979 0.476313 0.128829
vn -0.897081 0.27384 -0.346802
vn -0.996946 -0.00457455 0.0780123
vn -0.649745 0.718034 -0.24953
vn -0.556834 0.478877 -0.67869
vn -0.683989 -0.00200472 -0.729499
vn -0.904044 -0.243744 -0.351151
vn -0.730657 0.511579 -0.452139
vn -0.489937 0.332965 -0.805667
vn -0.790627 0.0341292 -0.611346
vn -0.363753 0.758954 -0.540068
vn -0.0839868 0.558311 -0.825377
vn -0.144914 0.0842969 -0.985853
vn -0.483722 -0.182163 -0.856058
vn -0.520481 0.589663 -0.617582
vn -0.164426 0.400063 -0.90162
vn -0.566 0.128897 -0.814269
vn -0.0971578 0.804635 -0.585773
vn 0.276752 0.574043 -0.770648
vn 0.231434 0.11346 -0.96622
vn -0.18733 -0.111721 -0.975929
vn -0.93381 0.113408 0.339334
vn -0.940719 0.116334 0.318636
vn -0.947169 0.119203 0.297783
vn -0.755927 -0.361809 0.545613
vn -0.751389 -0.360373 0.552768
vn -0.746806 -0.358916 0.55989
vn -0.295084 -0.628316 0.719823
vn -0.00144669 -0.651183 0.75892
vn -0.290565 -0.624532 0.724942
vn -0 -0.64777 0.761842
vn -1.98093e-006 0.995055 -0.0993743
vn -0.321517 0.942843 -0.0876215
vn -9.91433e-007 0.995711 -0.0925318
vn -0.324169 0.942521 -0.081051
vn -0.787399 0.608198 0.100538
vn -0.787151 0.609273 0.0958294
vn -0.786892 0.610338 0.0911192
vn -0.290981 0.50345 0.813555
vn -0.27999 0.37818 0.882376
vn 7.79237e-009 0.454138 0.89094
vn -0.209462 0.601194 0.771169
vn -0.194282 0.258786 0.946202
vn -0 0.222333 0.974977
vn -0 0.656029 0.754744
vn -0.00212252 0.909164 0.416434
vn -0.553479 0.805611 0.211338
vn -0.518837 0.719895 0.461042
vn -0.00698136 0.829146 0.55899
vn -0.57242 0.522512 0.631924
vn -0.744385 0.426306 0.513964
vn -0.00185458 0.579354 0.81508
vn -0.977472 0.167555 0.128386
vn -0.922281 0.291349 0.254025
vn -0.774772 0.586076 0.237176
vn -0.636958 0.716574 -0.28428
vn -0.97441 0.10748 -0.197425
vn -0.910256 0.0385246 -0.412267
vn -0.570074 0.464541 -0.677661
vn -0.778602 0.349056 -0.521478
vn -0.50494 0.198002 -0.840146
vn -0.000189402 0.32755 -0.944837
vn -0.00059432 0.148863 -0.988858
vn -0.807209 0.00403947 -0.590254
vn -0.793668 -0.0539781 -0.605959
vn -0.321626 -0.0200879 -0.94666
vn -0.335814 0.00547813 -0.941915
vn -0.307154 -0.0456361 -0.950566
vn 0.00403046 0.746255 -0.665654
vn 0.00902483 0.979564 -0.200942
vn 0.728095 -0.534805 0.428793
vn 0.438156 -0.451555 0.777259
vn -0.00124466 -0.920472 0.390813
vn 0.00586135 -0.41023 0.911963
vn 0.759949 -0.6443 0.0857698
vn 0.553572 -0.802654 -0.222055
vn -0.00136464 -0.917411 -0.39795
vn 0.518221 0.738022 0.432183
vn 0.556835 0.807117 0.196233
vn 0.593105 0.482528 0.644514
vn -0.004056 0.592934 0.805248
vn 0.932107 0.258891 0.253302
vn 0.761819 0.38581 0.520375
vn 0.972775 0.193933 0.126916
vn 0.776599 0.598941 0.195386
vn 0.646469 0.706365 -0.288319
vn 0.901072 0.111889 -0.418998
vn 0.967392 0.147525 -0.205901
vn 0.570106 0.460678 -0.680262
vn 0.778835 0.339845 -0.527196
vn 0.50334 0.190942 -0.842732
vn 0.490659 0.0167482 -0.871198
vn 0.666458 0.0711877 -0.74214
vn 0.287697 -0.0459268 -0.956622
vn 0.310326 -0.00342003 -0.950626
vn -0.432934 -0.449432 0.781397
vn -0.736205 -0.537729 0.410918
vn -0.766969 -0.639136 0.0572263
vn -0.55916 -0.795112 -0.234841
vn 0.290554 -0.406763 -0.866101
vn -0.775376 0.61606 -0.138845
vn -0.371028 0.290172 -0.882132
vn 0.873738 -0.472499 -0.11553
vn -0.337368 0.71721 0.609752
vn -0.12852 0.441744 0.887889
vn 0.165131 0.390795 0.905551
vn 0.819048 -0.460927 0.341646
vn 0.837099 -0.387872 0.38579
vn -0.426633 0.814394 -0.393389
vn -0.689667 0.657302 -0.303862
vn -0.13816 0.834365 0.53363
vn -0.0468822 0.288348 -0.956388
vn 0.319528 0.881835 -0.346801
vn 0.713696 0.463802 -0.52491
vn -0.777459 -0.0802547 0.623813
vn -0.0683407 0.0152248 0.997556
vn -0.778531 -0.450224 -0.43726
vn 0.0098119 -0.577042 -0.816672
vn -0.0332669 -0.654201 0.755593
vn -0.302008 -0.884039 0.356746
vn 0.0107407 -0.986797 -0.161637
vn 0.513662 -0.822473 0.244338
vn 0.711995 -0.479251 -0.51323
vn 0.578192 0.803502 0.141736
vn 0.797085 -0.0150003 0.603687
vn -0.0228478 -0.937272 0.347856
vn 0.775374 0.616054 -0.138823
vn -0.290526 -0.406772 -0.866101
vn 0.371048 0.290177 -0.882115
vn -0.873726 -0.472508 -0.115537
vn 0.337371 0.717212 0.609763
vn 0.12852 0.441745 0.887889
vn -0.165131 0.390795 0.905551
vn -0.819044 -0.460938 0.341638
vn -0.837099 -0.387873 0.38579
vn 0.285193 0.684429 0.670987
vn 0.281322 0.689491 0.667429
vn 0.41406 0.319432 0.852361
vn 0.283564 0.386856 0.877465
vn 0.219567 0.400499 0.889607
vn 0.388989 -0.318076 0.864595
vn 0.575337 -0.238919 0.782251
vn 0.396055 -0.278712 0.874908
vn 0.626004 -0.18703 0.757068
vn 0.619675 0.743577 0.25121
vn 0.6523 0.697172 0.297439
vn 0.681427 0.647029 0.342074
vn 0.714346 0.69823 0.046909
vn 0.706426 0.706503 0.0427819
vn 0.698399 0.714668 0.0386483
vn 0.649038 0.724835 -0.231017
vn 0.670781 0.704792 -0.230915
vn 0.69194 0.684136 -0.230611
vn 0.368408 0.708814 -0.601551
vn 0.368408 0.708808 -0.601555
vn 0.368409 0.708819 -0.601548
vn 0.115929 0.679227 -0.724722
vn 0.116237 0.68031 -0.723665
vn 0.903014 -0.206117 0.376942
vn 0.893772 -0.305591 0.328326
vn 0.901116 -0.104101 0.420909
vn 0.996982 -0.0742726 0.0226597
vn 0.996476 -0.0813678 0.0207351
vn 0.997443 -0.067174 0.0245833
vn 0.879647 -0.286317 -0.379811
vn 0.926055 -0.114163 -0.35973
vn 0.804918 -0.449254 -0.387664
vn 0.517548 -0.432137 -0.738516
vn 0.495942 -0.471514 -0.729198
vn 0.538072 -0.391856 -0.74629
vn 0.173098 -0.417239 -0.892166
vn 0.185611 -0.383022 -0.904902
vn 0.837445 0.342101 0.426221
vn 0.855069 0.309824 0.415784
vn 0.871441 0.277093 0.404739
vn 0.965183 0.26097 0.0178932
vn 0.96771 0.251196 0.0212737
vn 0.962554 0.270716 0.0145108
vn 0.88794 0.26675 -0.374714
vn 0.887841 0.269292 -0.373138
vn 0.887728 0.27183 -0.371555
vn 0.508372 0.302667 -0.806197
vn 0.4797 0.340468 -0.808691
vn 0.449944 0.3775 -0.809358
vn 0.154355 0.397383 -0.904581
vn 0.170638 0.376809 -0.910446
vn 0.529225 0.328816 0.782183
vn 0.524563 0.313459 0.791568
vn 0.533701 0.344057 0.772524
vn 0.430778 0.680703 0.592516
vn 0.43851 0.671178 0.597694
vn 0.667494 -0.157027 0.727874
vn 0.6616 -0.193657 0.724424
vn 0.500695 0.352025 0.790822
vn 0.150719 0.0720231 0.985956
vn 0.522834 -0.159002 0.837478
vn 0.825499 0.0835135 0.558204
vn 0.0584728 0.538409 0.84066
vn 0.344583 0.768865 0.538629
vn 0.733586 0.549067 0.40049
vn 0.857884 0.333176 0.391208
vn 0.526031 0.521812 0.67158
vn 0.683235 0.0467026 0.728704
vn 0.585912 0.759795 0.281828
vn 0.837829 0.544772 -0.035615
vn 0.997366 0.0689542 0.0225538
vn 0.899696 -0.182728 0.396448
vn 0.962689 0.27045 0.0095584
vn 0.808754 0.45438 0.373449
vn 0.942374 -0.0340597 0.332831
vn 0.698475 0.714064 0.0474926
vn 0.792965 0.521254 -0.315443
vn 0.93384 0.0354779 -0.355942
vn 0.968859 -0.245658 -0.031217
vn 0.888001 0.273793 -0.369456
vn 0.871261 0.484297 0.0797564
vn 0.999624 -0.00109504 0.0276602
vn 0.643096 0.717973 -0.266377
vn 0.556834 0.47888 -0.67869
vn 0.683985 -0.00200602 -0.729493
vn 0.897054 -0.243644 -0.368708
vn 0.49418 0.33265 -0.803202
vn 0.752199 0.503376 -0.425223
vn 0.810653 0.0289613 -0.584817
vn 0.369147 0.758574 -0.536932
vn 0.0598717 0.555841 -0.829134
vn 0.118876 0.0834501 -0.9894
vn 0.486102 -0.182355 -0.854667
vn 0.164324 0.400062 -0.901638
vn 0.520417 0.589686 -0.617618
vn 0.565915 0.128911 -0.814329
vn 0.0970889 0.804634 -0.585787
vn -0.276832 0.57402 -0.770634
vn -0.23154 0.113444 -0.966192
vn 0.187208 -0.111723 -0.975954
vn 0.936085 0.131171 0.326414
vn 0.933895 0.130202 0.333013
vn 0.938233 0.132134 0.319801
vn 0.746092 -0.346272 0.568722
vn 0.750856 -0.34772 0.561543
vn 0.741282 -0.344803 0.575867
vn 0.289545 -0.623674 0.726086
vn 0.287787 -0.622192 0.728052
vn 0.321515 0.942847 -0.0876165
vn 0.324169 0.942524 -0.0810406
vn 0.787151 0.609269 0.0958434
vn 0.787399 0.608191 0.100566
vn 0.786892 0.610338 0.0911194
vn 0.27999 0.37818 0.882376
vn 0.290981 0.50345 0.813556
vn 0.209462 0.601194 0.771169
vn 0.194282 0.258786 0.946202
vn -0.0370496 -0.965488 -0.257809
vn 0.0115794 -0.999355 0.034214
vn -0.0823102 -0.996131 -0.0310264
vn -0.071926 -0.933819 -0.350454
vn -0.0731526 -0.960651 0.267953
vn -0.0439881 -0.940325 0.337443
vn -0.0145113 -0.984834 0.172918
vn 0.00593729 -0.999935 -0.010055
vn -0.0887406 -0.819182 0.566638
vn -0.196898 -0.769496 0.607555
vn -0.126218 -0.512417 0.849412
vn -0.327819 -0.462466 0.823812
vn -0.156518 -0.178499 0.971413
vn -0.385949 -0.104421 0.916596
vn -0.698783 -0.336104 -0.631466
vn -0.535669 -0.637487 -0.553785
vn -0.756247 -0.622863 -0.200351
vn -0.934256 -0.287682 -0.210757
vn -0.898715 -0.370995 0.233838
vn -0.730837 -0.642394 0.230675
vn -0.969482 -0.0724035 0.234245
vn -0.975055 -0.015399 -0.221431
vn -0.352772 -0.831995 -0.428177
vn -0.18157 -0.789799 -0.585889
vn -0.672487 -0.735493 -0.0825573
vn -0.572409 -0.769651 0.282831
vn -0.189317 -0.908944 0.371475
vn -0.498292 -0.714804 0.490673
vn -0.968508 0.185015 0.16666
vn -0.952553 0.215521 -0.214957
vn -0.76416 0.23725 -0.599818
vn -0.742138 -0.0368869 -0.669235
vn -0.90597 0.365022 -0.214431
vn -0.608108 0.418664 -0.674492
vn -0.895151 0.333402 0.295903
vn -0.166348 0.185436 0.968476
vn -0.216632 0.327855 0.919563
vn -0.383294 0.235333 0.89315
vn 0.696279 -0.330465 -0.637177
vn 0.368971 -0.0151098 -0.929323
vn 0.745996 -0.0414579 -0.664666
vn 0.35933 -0.30593 -0.881646
vn 0.385384 -0.112593 0.915864
vn 0.190606 -0.0576539 0.979973
vn 0.166624 -0.403494 0.899684
vn 0.343307 -0.457053 0.820521
vn 0.972765 -0.0626273 -0.223183
vn 0.972248 -0.0945074 0.214038
vn 0.90226 -0.374534 0.213699
vn 0.918077 -0.335938 -0.210446
vn 0.952021 0.208218 -0.224301
vn 0.957366 0.189073 0.218411
vn 0.349291 0.260878 -0.899969
vn 0.726052 0.249063 -0.640953
vn 0.394139 0.390003 -0.8322
vn 0.736943 0.368554 -0.566654
vn 0.935547 0.323216 -0.142465
vn 0.89259 0.343361 0.292212
vn 0.329881 0.224672 0.916899
vn 0.233154 0.280148 0.931217
vn 0.184216 0.165329 0.968881
vn -0.356478 0.844044 -0.400646
vn -0 0.8643 -0.502984
vn 5.80555e-009 0.869215 -0.494451
vn -0 0.999999 -0.00398628
vn -0.531751 0.831116 0.162751
vn -2.87302e-009 0.693357 0.720604
vn -0.531739 0.381501 0.756127
vn -2.59685e-006 0.0290858 0.99958
vn -0.423041 -0.189799 0.886017
vn -2.09808e-006 -0.45727 0.889331
vn -2.38848e-006 -0.973986 0.226613
vn -0.528602 -0.844843 0.0826476
vn -0 -0.993406 0.114674
vn -0.459736 -0.833026 0.307761
vn -0.495763 0.696584 -0.518652
vn -0.746779 0.590021 -0.306932
vn -0.863165 0.472571 0.177872
vn -0.785902 -0.08585 0.612377
vn -0.473361 -0.595537 0.64905
vn -0.78463 -0.510087 0.352383
vn -0.987147 -0.0180774 0.1588
vn -0.900431 -0.435011 -0.00202668
vn -0.934388 -0.250577 0.253288
vn -0.914159 0.372034 0.160977
vn -0.961467 0.161275 -0.222663
vn -2.12023e-006 -0.826989 0.562233
vn -0.385093 0.859956 0.334944
vn -0.316496 0.775471 0.546338
vn -0.442678 0.619266 0.648507
vn -0.473973 0.561222 0.678518
vn 6.03377e-009 0.855197 0.518321
vn -0.593512 0.293169 0.749532
vn -0.668587 0.55097 0.499424
vn -0.769727 0.421119 0.479786
vn -0.909276 0.412411 0.0560266
vn -0.850922 0.450944 0.269414
vn -0.73908 0.402493 0.54015
vn -0.349799 0.406279 0.844151
vn 5.20313e-009 0.456717 0.889619
vn -0 0.602088 0.798432
vn -0.778273 0.506538 0.371111
vn -0.731586 0.251711 0.633587
vn -0.896131 -0.0819781 0.436153
vn -0.726586 -0.0707193 0.683438
vn -0.616818 0.646053 0.449628
vn -0.705081 -0.359347 0.611346
vn -4.87165e-006 -0.826417 0.563069
vn 2.82266e-009 -0.0499949 0.998757
vn -0.614417 -0.786489 0.0627841
vn -8.76529e-006 -0.992688 0.120743
vn -0.939546 0.250704 0.233255
vn -0.700432 0.171428 0.692836
vn -0.732427 0.272197 0.62407
vn -0.576335 0.520077 0.630376
vn -0.888675 0.433937 0.14822
vn -0.368162 0.828928 -0.42112
vn -0.911607 0.381252 -0.153722
vn -0.851183 0.339472 -0.400316
vn -0.575483 0.184873 -0.796654
vn -0.987423 0.143625 0.0661695
vn -0.977297 0.211394 -0.0147577
vn -0.275571 0.49055 0.826702
vn -0.0951065 0.990054 -0.103705
vn -0.440481 0.75555 -0.484911
vn -0.588293 0.738182 -0.33015
vn 0.387115 -0.666747 -0.63687
vn 0.664153 -0.281054 -0.692756
vn 0.294801 -0.798288 -0.525196
vn 0.194776 -0.839821 -0.506733
vn -0.88291 -0.353923 -0.308593
vn -0.596723 -0.374263 -0.709825
vn -0.149379 0.881308 0.44832
vn -0.805643 0.341558 -0.484022
vn -0.559799 0.235334 -0.794516
vn -0.785698 0.258513 -0.562013
vn -0.228011 0.513135 -0.827474
vn 7.14528e-007 0.465583 -0.885011
vn -0.324976 0.404165 -0.855018
vn 5.48196e-007 0.5221 -0.852886
vn 7.70805e-009 0.698955 -0.71517
vn -0 0.630549 -0.776153
vn -0.278962 0.676813 -0.681263
vn -0.391695 0.659612 -0.641474
vn -0.353596 0.693483 -0.627746
vn -0.819454 0.1967 0.538347
vn -0.435717 0.361641 0.82424
vn -0.664742 0.336877 0.666808
vn -0.0644633 0.680473 0.729938
vn -0.339689 0.421131 0.84099
vn -0.246494 0.595523 0.764597
vn -0.056262 0.692985 0.718759
vn -0.228542 0.96345 0.139797
vn -0.0730459 0.80244 0.592251
vn 0.00512132 0.811528 0.584293
vn -0.309585 0.948644 -0.0651724
vn -0.461059 0.464328 -0.756193
vn -0.663414 0.372161 -0.649141
vn -0 0.922309 -0.386473
vn -0.571337 0.420055 -0.705084
vn 4.57024e-007 0.226454 -0.974023
vn -5.5727e-009 0.72763 -0.685979
vn 1.32613e-006 0.0195409 -0.999816
vn -0.672639 0.666978 -0.320464
vn -0.62002 0.780424 0.0807178
vn -0.423156 0.797253 0.4305
vn -0 0.967011 -0.254736
vn -0 0.994664 0.103227
vn -0 0.755204 0.655499
vn -6.91771e-007 0.338538 -0.940957
vn -0.406835 0.297756 -0.86362
vn -0.925516 -0.15584 0.345174
vn -0.993583 0.0896294 -0.0689911
vn -0.930571 -0.215862 0.295725
vn -0.737201 0.217456 0.639729
vn -0.786918 0.0122106 0.616945
vn -0.950212 0.199159 -0.239654
vn 0.0196183 0.197924 -0.980022
vn 0.0395098 0.161458 -0.986089
vn -0.685986 0.719592 -0.107804
vn -0.99288 0.0540813 0.106208
vn -0.497764 0.848898 0.177796
vn -0.981654 0.089184 -0.168578
vn -0.876434 0.451656 -0.166948
vn -0.538828 0.675608 -0.503209
vn -0.772332 0.172997 -0.611218
vn -0.972889 0.0577748 -0.223947
vn -0.98007 -0.149988 0.130264
vn -0.81283 0.576518 0.0832926
vn -0.559774 0.82701 0.0521716
vn -0.515856 0.85128 -0.0960021
vn -0.452399 0.859723 0.2371
vn -0.810792 0.0253648 0.584795
vn -0.322487 -0.502489 0.802198
vn -0.104245 -0.383435 0.917667
vn -0.344013 0.278695 0.896652
vn -0.110798 0.573056 0.811996
vn -0.216045 0.839275 0.498946
vn -0.0753925 0.873411 0.481131
vn 0.00767436 0.578521 0.815639
vn -1.24583e-008 0.666343 0.745648
vn 0.228016 0.513134 -0.827469
vn 0.324985 0.404265 -0.854961
vn 0.278968 0.676816 -0.681256
vn 0.353601 0.693482 -0.627735
vn 0.391712 0.659614 -0.641471
vn 0.71287 -0.0887923 0.695653
vn 0.983947 0.143547 0.106038
vn 0.764504 -0.635282 0.109347
vn 0.803803 0.114478 0.583781
vn 0.0644635 0.680474 0.729936
vn 0.339686 0.421144 0.840987
vn 0.0465166 0.78522 0.617473
vn 0.138799 0.881309 0.451703
vn 0.461078 0.464329 -0.756188
vn 0.699887 0.274963 -0.659216
vn 0.056261 0.692984 0.718756
vn 0.247216 0.580535 0.775804
vn 0.267826 0.957662 0.105672
vn 0.307751 0.951093 0.0267667
vn 0.428324 0.291612 0.855286
vn 0.668263 0.283776 0.687682
vn 0.432207 0.256283 -0.864592
vn 0.296577 0.696421 -0.653484
vn 0.162258 0.406641 -0.899069
vn 0.083721 0.944027 -0.319088
vn 0.167495 0.938762 -0.301129
vn 0.719861 0.1943 -0.666373
vn 0.765569 0.624781 -0.153484
vn 0.970249 0.191559 -0.148094
vn 0.554305 0.74149 -0.378078
vn 0.892917 0.419776 0.162759
vn 0.979804 -0.0334285 0.19716
vn 0.497667 0.8644 0.0717068
vn 0.429459 0.902226 -0.0394396
vn 0.422943 0.889029 0.175355
vn 0.709305 0.347062 0.613553
vn 0.0972886 -0.398528 0.911983
vn 0.348615 -0.467315 0.812463
vn 0.307797 0.13441 0.941912
vn 0.114882 0.618108 0.777666
vn 0.219131 0.901922 0.372183
vn 0.110144 0.871299 0.478236
vn 0.991174 0.0901157 -0.0972335
vn 0.734403 0.13221 -0.665718
vn 0.886213 0.227933 -0.403335
vn 0.887491 0.355 -0.293837
vn -0.755785 -0.629489 0.180383
vn -0.980297 0.167396 0.104909
vn -0.72253 -0.0700602 0.687793
vn -0.98156 0.191006 0.00846616
vn -0.836501 0.401197 -0.373253
vn -0.816282 0.53973 -0.205852
vn -0.677875 0.273673 -0.682347
vn -0.323642 0.92259 -0.209968
vn -0.283514 0.572201 0.769559
vn -0.589893 0.42144 0.688791
vn -0.800077 -0.559559 -0.216272
vn -6.02981e-006 -0.798597 0.601877
vn -0.33773 -0.120444 0.933507
vn -0.29763 0.112938 0.947985
vn -0.373294 0.384968 0.844076
vn -0.316058 0.428773 0.846325
vn -0.522988 -0.517406 0.677331
vn -0 -0.58394 0.811801
vn -5.78846e-009 -0.468675 0.883376
vn -0.526817 -0.330348 0.783167
vn 3.83017e-009 -0.226535 0.974008
vn 3.58189e-007 0.705404 0.708816
vn 0.333505 -0.120919 0.934964
vn 0.276165 0.117579 0.953892
vn 0.739207 0.216819 0.637628
vn 0.607237 0.404651 0.683764
vn 0.37051 0.430173 0.823217
vn 0.766994 -0.114691 0.631326
vn 0.686911 -0.439359 0.578894
vn -0.682131 -0.434462 0.588171
vn -0.77734 -0.0848447 0.623345
vn -0.804885 0.199127 0.559032
vn -0.35698 0.455365 0.81561
vn -0.621142 0.38969 0.67995
vn -0.335212 0.276593 -0.900632
vn -0.32864 0.42908 -0.841368
vn -0.364392 -0.0465324 -0.930086
vn -0.333878 -0.413066 -0.847291
vn 0.801877 -0.276184 0.529833
vn -0.262953 0.692002 -0.67231
vn -0.19682 0.938128 -0.28493
vn -0.0789296 0.947715 -0.309215
vn -0.152522 0.370058 -0.916414
vn -0.324024 0.048487 -0.944808
vn -0.147146 -0.0264442 -0.988767
vn -0.591102 -0.587438 0.552748
vn -0.125171 0.410144 -0.903397
vn -0.112565 0.265483 -0.957528
vn 0.16034 0.216654 -0.962992
vn 0.144864 0.389517 -0.909561
vn -0.11383 0.0688482 -0.991115
vn 0.190535 -0.0208407 -0.981463
vn -0.133813 -0.255084 -0.957616
vn 0.177688 -0.369473 -0.912098
vn -0.116031 -0.660685 -0.741651
vn 0.267889 0.944691 -0.18922
vn 0.265922 0.0413075 -0.963111
vn 0.147142 -0.0267458 -0.988764
vn 0.0811719 -0.996173 -0.0326697
vn 0.0742939 -0.976663 -0.201555
vn 0.0719244 -0.933819 -0.350451
vn 0.0442815 -0.959468 0.27833
vn 0.0781991 -0.93102 0.35651
vn -0.00600974 -0.985632 0.168835
vn 0.228784 -0.7833 0.578016
vn 0.116487 -0.717144 0.687132
vn 0.755677 -0.601663 -0.258782
vn 0.542521 -0.614348 -0.572939
vn 0.780523 -0.601872 0.168925
vn 0.182599 -0.746716 -0.639589
vn 0.357343 -0.825563 -0.436769
vn -0.0752424 -0.90513 -0.418437
vn 0.686348 -0.720751 -0.0972007
vn 0.572502 -0.771952 0.276294
vn 0.558323 -0.692833 0.456353
vn 0.180346 -0.910641 0.371778
vn -0.856107 -0.178699 0.484929
vn -0.426033 -0.188776 0.884795
vn -0.590702 -0.233924 0.772248
vn -0.981855 -0.147583 0.119099
vn 0.517862 -0.315058 0.795337
vn 0.817833 -0.404311 0.409503
vn 0.658834 -0.486313 0.573971
vn 0.517017 -0.482829 0.70681
vn 0.845388 -0.518186 -0.129627
vn 0.850146 -0.413545 -0.325938
vn 0.108117 -0.428216 -0.897193
vn 0.350671 -0.55574 -0.753787
vn -0.658466 -0.416385 -0.626942
vn -0.855298 -0.170264 -0.489377
vn 0.904276 -0.199301 -0.377579
vn 0.0876496 -0.126435 -0.988106
vn -0.825964 -0.0283467 -0.563021
vn -0.861569 -0.112198 0.495093
vn -0.879646 -0.0784864 0.469134
vn 0.860886 -0.218854 0.45934
vn 0.788711 -0.204368 0.579803
vn 0.552618 -0.180696 0.813617
vn 0.550286 -0.209795 0.808193
vn -0.339956 -0.21886 0.914626
vn -0.381238 -0.142194 0.913483
vn 0.107112 -0.723776 -0.681676
vn 4.25911e-005 0.999612 0.0280185
vn 1.76441e-005 0.824995 0.56515
vn -0.580875 0.242241 -0.777116
vn -0.982081 0.12641 -0.139807
vn 0.625452 -0.192201 -0.756224
vn 0.778397 0.0168073 -0.627558
vn 0.837569 0.0842735 -0.539796
vn -0 0.915109 0.403214
vn 0.812764 -0.134005 -0.566973
vn -0.135856 -0.0606339 -0.988878
vn -0.911071 -0.0352471 -0.410758
vn 0.550846 -0.216402 0.806067
vn 0.954031 -0.186276 0.234799
vn -0.681601 -0.194559 0.705391
vn -0.301209 -0.295997 0.906462
vn -0.00477473 0.247505 0.968882
vn -1.00856e-008 -0.943781 0.330592
vn -0.0414383 -0.909744 0.4131
vn 0.423572 0.246689 0.871629
vn 0.00368977 -0.614494 0.788919
vn 0.0414424 -0.90975 0.413101
vn -0.423556 0.246708 0.871635
vn 0.0385736 0.997944 -0.0512748
vn -0.0257124 0.998345 -0.0515384
vn -0.418073 0.67397 0.609081
vn -0.133288 0.795194 0.591531
vn 0.114386 -0.757014 0.643312
vn 0.040388 -0.994381 0.097857
vn 0.143022 -0.260608 0.954798
vn 0.354645 -0.229666 -0.906366
vn -0.0437967 0.348587 -0.936266
vn 0.245623 0.0538776 -0.967868
vn 0.240629 -0.523681 -0.817228
vn 0.140677 -0.375406 0.916134
vn 0.0363037 0.641381 0.766372
vn -0.172757 0.839678 0.514887
vn -0.0690232 0.367104 0.927618
vn 0.13181 0.288662 0.94832
vn 0.0530754 0.829173 -0.556475
vn -0.0839091 0.97078 -0.224834
vn 0.0921046 0.991208 0.0949979
vn -0.104129 0.661482 -0.742702
vn 0.112976 0.606113 -0.787321
vn 0.252029 0.723479 0.642702
vn 0.24674 0.459345 0.853303
vn 0.398212 0.825966 0.399017
vn 0.227649 0.840541 -0.491612
vn 0.354428 0.899782 -0.254536
vn 0.293424 0.624729 -0.723616
vn -0.168947 -0.8098 -0.561871
vn -0.131688 -0.881656 0.453146
vn -0.228596 -0.65928 -0.716316
vn -0.143844 -0.285728 0.947464
vn -0.289297 0.171557 0.941742
vn 0.0823269 -0.951591 0.296158
vn -0.0710192 0.949439 -0.305822
vn -0.171841 0.894946 0.411773
vn -0.121316 0.891558 -0.436371
vn 0.110266 -0.99378 -0.0158989
vn -0.176456 -0.938541 -0.296672
vn 0.193531 -0.976491 -0.094977
vn 0.413139 -0.910656 -0.0052578
vn -0.171297 -0.0834297 0.981684
vn -0.350086 0.655117 0.669537
vn -0.0427213 0.885645 0.462402
vn -0.00198725 0.928795 -0.370589
vn -0.000422057 0.977411 0.211355
vn 0.00430506 0.965579 -0.2601
vn -0.167841 0.779209 -0.60388
vn -0.0727962 0.707176 -0.703287
vn 0.123843 -0.525069 -0.842009
vn -0.0151918 -0.331077 -0.943482
vn -0.117867 -0.457987 -0.881116
vn 0.274392 -0.825187 -0.493751
vn 0.202993 -0.915371 0.34772
vn -0.370988 -0.904279 0.211338
vn 0.0487062 0.967814 0.246932
vn 0.0355902 0.963274 0.266167
vn 0.0492048 0.969365 0.24066
vn 0.0401825 0.969712 0.240934
vn 0.0302952 0.966699 0.254133
vn 0.0156961 0.961759 0.273455
vn -0.128522 0.911029 0.391811
vn 0.00119646 0.960942 0.276755
vn 0.59915 0.789356 0.133931
vn 0.175512 0.56949 0.803045
vn -0.15265 0.95757 0.244455
vn 0.325803 0.672795 0.66424
vn 0.879833 -0.0881127 0.467048
vn -0.196516 0.875515 0.441432
vn -0.346151 0.737676 0.579671
vn 0.131625 -0.679486 0.721788
vn 0.0281994 -0.242949 0.96964
vn 0.909468 -0.412302 -0.0538418
vn 0.366927 -0.891302 -0.266366
vn 0.351521 -0.52186 -0.777247
vn 0.471174 -0.718024 0.512304
vn 0.0880735 -0.481466 0.872032
vn 0.0950809 -0.909466 0.404791
vn 0.0920858 -0.378151 0.921154
vn 0.157441 -0.921469 0.355119
vn 0.576834 -0.785112 -0.225543
vn 0.496663 -0.788728 0.362269
vn -0.97594 -0.0397744 0.214435
vn -0.975937 -0.0397731 0.214436
vn -0.960702 -0.0506284 0.272948
vn -0.941763 -0.0613296 0.330648
vn -0.919339 -0.0717591 0.386883
vn -0.919336 -0.0717554 0.386885
vn 0.101673 -0.972589 0.209138
vn 0.389605 -0.919524 -0.051938
vn 0.133811 -0.973223 -0.186932
vn 0.0141703 -0.594838 -0.803725
vn 0.0878668 -0.754365 -0.650558
vn 0.179539 -0.98164 -0.0645264
vn 0.543447 -0.834342 -0.0924718
vn 0.568343 -0.793388 -0.218012
vn 0.460634 -0.880743 0.110063
vn 0.0542396 -0.509145 -0.858975
vn 0.0245086 -0.268633 -0.962932
vn 0.000434974 -0.76461 0.644497
vn 0.294484 -0.955657 0.00175119
vn 0.367782 -0.625898 0.687753
vn 0.00358665 -0.290279 0.956943
vn 0.0813756 -0.196354 0.977157
vn 0.060099 -0.759953 0.647203
vn 0.997781 0.0642332 -0.0180165
vn 0.0621723 -0.202877 -0.977236
vn -0.00675058 -0.320398 -0.947264
vn 0.0349704 0.997613 0.059669
vn 0.0226616 0.998938 0.0401145
vn 0.0528011 0.998371 0.021863
vn 0.0685617 0.997616 0.00807182
vn 0.194578 0.980778 0.0147303
vn 0.150433 0.988518 0.0146682
vn 0.229105 0.973405 0.0024609
vn 0.236003 0.971686 0.0115706
vn 0.360036 -0.607684 -0.707888
vn 0.00544932 -0.692015 -0.721876
vn 0.0703581 -0.942846 -0.325743
vn 0.168666 -0.505901 -0.845949
vn 0.997895 -0.0178442 -0.0625248
vn 0.10007 -0.154364 -0.982935
vn -0.00618682 -0.29205 -0.956388
vn -0.14065 0.841531 -0.521591
vn -0.0851128 0.882803 -0.461971
vn -0.068935 0.895016 -0.440683
vn -0.0180801 0.922131 -0.386459
vn 0.0401661 0.99898 -0.0206672
vn 0.0147637 0.999847 0.00984352
vn 0.0275346 0.999581 -0.00917968
vn -7.25558e-005 0.999228 0.0394769
vn 0.0064464 0.998362 0.0569965
vn 0.42986 -0.902181 -0.0359805
vn 0.421256 -0.906838 -0.0138993
vn 0.071385 0.996972 -0.0310272
vn 0.104627 0.994043 -0.0305519
vn 0.154291 0.987923 -0.0142427
vn 0.144321 0.989207 -0.0255793
vn 0.163283 0.986585 -0.00260468
vn 0.156317 0.98765 -0.0113295
vn 0.39001 -0.592806 -0.70462
vn 0.434716 -0.565301 0.701044
vn 0.346674 -0.937919 0.0115701
vn 0.0345934 -0.768033 0.639484
vn 0.0212775 -0.731404 -0.681617
vn 0.170273 -0.930001 -0.325768
vn 0.164451 -0.76925 0.617435
vn 0.263875 -0.537467 -0.800952
vn 0.251974 -0.715993 0.651053
vn 0.00534568 -0.398184 -0.917298
vn 0.131466 -0.249491 -0.959418
vn 0.999831 -0.0166763 -0.00880607
vn 0.038274 -0.344773 0.937913
vn 0.137287 -0.238084 0.961495
vn 0.0969393 -0.344926 -0.933613
vn 0.168242 -0.959969 -0.223985
vn 0.110089 -0.397823 -0.910837
vn 0.142337 -0.795922 -0.588441
vn 0.521575 -0.632761 -0.572344
vn 0.457017 -0.861827 0.220031
vn -0.00549743 0.927112 -0.374746
vn 0.0342691 0.940595 -0.337811
vn 0.0802365 0.95547 -0.283995
vn 0.0560805 0.948469 -0.311875
vn 0.0815505 0.956262 -0.280918
vn 0.0790439 0.955783 -0.283271
vn 0.0846372 -0.617264 0.782196
vn 0.205452 -0.630297 0.74868
vn 0.215927 -0.65868 0.720778
vn 0.448402 -0.428094 0.784651
vn 0.0405735 -0.155579 0.986997
vn 0.0940266 -0.0875083 0.991722
vn -0.272535 0.652124 -0.707442
vn -0.315013 0.646598 -0.69476
vn -0.198071 -0.35292 -0.914451
vn -0.0843277 -0.402722 -0.911443
vn -0.0138087 0.712465 -0.70158
vn -0.0198163 0.861795 -0.506875
vn -0.0336349 0.692725 -0.720419
vn -0.103422 0.860361 -0.499086
vn 0.117663 -0.713188 -0.691028
vn -0.0802532 -0.335285 -0.938695
vn 0.209069 -0.831286 -0.515043
vn 0.104702 -0.320674 -0.941393
vn -0.101292 0.976743 0.18901
vn 0.1279 0.68991 -0.712511
vn 0.11252 0.966348 -0.231338
vn 0.0866754 0.957133 0.276386
vn 0.298566 -0.400992 0.866063
vn 0.368479 -0.928897 0.0371427
vn 0.356875 -0.642717 -0.677909
vn 0.243735 -0.363082 -0.899319
vn 0.181574 -0.134725 -0.97411
vn 0.145179 -0.477743 -0.866429
vn 0.138148 -0.869492 -0.474238
vn 0.0103549 -0.813074 -0.582071
vn 0.269553 0.960669 0.0668499
vn -0.019898 -0.311954 0.949891
vn 0.210459 -0.952281 0.221066
vn -3.90146e-009 0.296268 0.955111
vn -0.323328 0.208941 0.922933
vn -0.372529 0.198104 0.906636
vn -7.6498e-009 0.204019 0.978973
vn -0.562346 0.247845 0.78889
vn -0.362314 0.326672 0.872941
vn -0.499932 0.250303 0.82911
vn -0.520841 0.253458 0.815162
vn -0.459387 0.229739 0.858013
vn 0.356478 0.844044 -0.400646
vn 0.531751 0.831116 0.162751
vn 0.53174 0.381506 0.756123
vn 0.423047 -0.189798 0.886014
vn 0.528604 -0.844844 0.0826424
vn 0.45974 -0.833021 0.30776
vn 0.746779 0.590021 -0.306932
vn 0.495763 0.696584 -0.518652
vn 0.863165 0.472571 0.177872
vn 0.785907 -0.0858476 0.61237
vn 0.473363 -0.595538 0.649048
vn 0.784635 -0.510082 0.352384
vn 0.987147 -0.0180775 0.1588
vn 0.900428 -0.435004 -0.00202952
vn 0.934608 -0.245304 0.257566
vn 0.961467 0.161275 -0.222663
vn 0.916377 0.359879 0.175377
vn 0.349239 0.872286 0.342292
vn 0.442869 0.598479 0.667604
vn 0.402993 0.670943 0.622455
vn 0.316496 0.775471 0.546339
vn 0.685087 0.579092 0.441951
vn 0.593487 0.293171 0.749554
vn 0.349799 0.406279 0.844151
vn 0.893653 -0.0785357 0.441852
vn 0.721478 0.280905 0.63291
vn 0.766738 0.0142053 0.641811
vn 0.607139 0.64838 0.459343
vn 0.705069 -0.359343 0.611356
vn 0.614407 -0.786488 0.0627905
vn 0.71033 0.153671 0.686901
vn 0.941214 0.240674 0.237063
vn 0.4341 0.766229 -0.473779
vn 0.0898356 0.991179 -0.0975116
vn 0.579774 0.744397 -0.331282
vn -0.65887 -0.452801 -0.600728
vn -0.378684 -0.651847 -0.65704
vn -0.120725 -0.89266 -0.434276
vn -0.12037 -0.891904 -0.43592
vn 0.883285 -0.37231 -0.284972
vn 0.606853 -0.383131 -0.696388
vn 0.147159 0.876 0.459319
vn -0.784331 -0.0888205 -0.613957
vn -0.910904 -0.0657256 -0.407355
vn -0.978693 -0.0488852 -0.199443
vn 0.92278 -0.147874 0.355834
vn 0.930571 -0.215862 0.295725
vn 0.997881 0.0526236 -0.0383739
vn 0.982082 0.136131 0.130363
vn 0.742235 0.232608 0.628487
vn 0.776859 0.0193989 0.629378
vn 0.554721 0.250189 -0.793531
vn 0.784565 0.202498 -0.586052
vn 0.992876 0.0540833 0.106203
vn 0.532091 0.834282 -0.144452
vn 0.497804 0.848869 0.177824
vn 0.981637 0.0892001 -0.168627
vn 0.283514 0.572201 0.769559
vn 0.589884 0.421425 0.688801
vn 0.80008 -0.559545 -0.216295
vn 0.342415 0.419742 0.840584
vn 0.239798 0.421476 0.874567
vn 0.522988 -0.517406 0.677331
vn 0.524741 -0.330371 0.784545
vn -0 0.976608 -0.21507
vn 0.580356 0.249675 -0.775153
vn 0.980852 0.13249 -0.142822
vn -0.677679 -0.199603 -0.707757
vn 0.100146 0.865537 0.490743
vn 0.334782 0.714548 0.614286
vn 0.323328 0.208941 0.922933
vn 0.459387 0.229739 0.858013
vn 0.372528 0.198104 0.906636
vn 0.520831 0.25346 0.815172
vn 0.562321 0.247849 0.788902
vn 0.362314 0.326672 0.872941
vn 0.499932 0.250303 0.82911
vn 0.047642 0.918374 -0.39284
vn -0.0010602 0.671611 -0.740909
vn 0.0544705 0.958181 0.280946
vn 0.228328 -0.73169 -0.642264
vn 0.170499 -0.325317 -0.930111
vn -0.00540748 0.591701 0.806145
vn -0.181656 0.523737 0.832287
vn 0.135654 0.627593 0.766637
vn -0.10424 -0.738582 0.666067
vn 0.0252605 -0.988986 0.145855
vn -0.159463 -0.236026 0.95858
vn -0.354642 -0.229672 -0.906359
vn -0.23265 -0.524048 -0.819308
vn -0.237039 0.0522619 -0.9701
vn 0.043796 0.348585 -0.936261
vn -0.200501 -0.306075 0.930656
vn 0.061883 0.366608 0.928318
vn 0.19018 0.825649 0.531177
vn -0.0376489 0.621455 0.782557
vn -0.169603 0.264631 0.94932
vn 0.113275 0.962246 -0.247511
vn -0.0228528 0.815683 -0.578058
vn -0.0679464 0.992228 0.1043
vn 0.0968006 0.661966 -0.743265
vn -0.135014 0.570947 -0.809818
vn -0.041695 0.320039 0.946496
vn -0.320866 0.672171 0.667265
vn -0.23753 0.839587 0.488555
vn -0.167006 0.946376 -0.276555
vn -0.269649 0.804721 -0.528886
vn -0.19713 0.628371 -0.75253
vn 0.0584186 -0.90304 0.42557
vn 0.108069 -0.721253 -0.684195
vn 0.252723 -0.711369 -0.655813
vn 0.150894 -0.905039 -0.39767
vn 0.169656 -0.719996 0.672933
vn -0.0427124 -0.347693 0.936637
vn 0.0980681 0.0786614 0.992069
vn -0.151976 0.327464 0.932571
vn -0.0203785 0.816186 0.577443
vn -0.00922388 0.869031 0.494686
vn 0.0206016 0.999424 -0.0270418
vn -0.107459 0.917851 -0.382107
vn 0.304293 -0.231411 0.924047
vn -0.203196 -0.943661 0.261199
vn 0.050006 0.899566 -0.433932
vn 0.108077 0.673283 -0.731449
vn 0.203077 0.699739 -0.684934
vn 0.143529 -0.117413 -0.982657
vn 0.0514135 -0.123707 -0.990987
vn 0.189687 -0.376833 -0.906653
vn 0.106399 -0.457308 -0.882922
vn 0.0637437 0.755004 -0.652618
vn 0.288178 -0.296838 -0.910414
vn 0.148108 -0.229971 -0.961867
vn 0.0406811 0.646196 -0.762089
vn 0.131197 0.882943 -0.450785
vn -0.102101 -0.840156 -0.532667
vn 0.0340567 -0.271028 -0.961972
vn 0.157667 0.985091 0.0688913
vn 0.210641 0.922353 -0.323889
vn -0.382945 -0.794895 -0.470647
vn -0.142607 -0.869393 -0.473104
vn -0.343476 0.929541 0.134126
vn 0.174084 -0.263563 0.948807
vn 0.019898 -0.311954 0.949891
vn 0.0229074 -0.766707 0.641594
vn -0.183954 -0.810495 0.556113
vn -0.20813 0.287274 -0.934972
vn -0.112523 0.966346 -0.231337
vn -0.0592947 0.904624 -0.422069
vn -0.121934 0.192401 -0.973714
vn 0.0499891 0.956852 0.286271
vn 0.0251155 0.953786 -0.299451
vn -0.0544705 0.958182 0.280946
vn -0.0866775 0.957131 0.276387
vn -0.239388 -0.643434 -0.727117
vn -0.375047 -0.756276 -0.536091
vn -0.368778 -0.906083 -0.207424
vn -0.227408 -0.962099 -0.150507
vn -0.165134 -0.907744 -0.385665
vn -0.096385 -0.992164 -0.0795427
vn -0.346996 -0.791538 0.503066
vn -0.298577 -0.400994 0.86607
vn 0.00540748 0.591701 0.806145
vn 0.147781 0.462676 0.87413
vn -0.135658 0.627593 0.766636
vn 0.421561 0.509796 0.749932
vn -0 0.376076 0.926595
vn -0.110267 -0.99378 -0.0158986
vn -0.423208 -0.906023 0.00461056
vn -0.185979 -0.977938 -0.0951988
vn 0.176453 -0.93854 -0.296672
vn 0.350084 0.655109 0.669534
vn 0.630877 -0.137687 0.763579
vn 0.199885 0.841737 0.501529
vn 0.000421684 0.977415 0.211355
vn 0.0885371 0.954813 -0.283731
vn -0.00430508 0.96558 -0.260101
vn 0.295409 0.69427 -0.656305
vn 0.167841 0.779209 -0.60388
vn 0.164174 -0.503653 -0.848172
vn 0.306252 -0.619746 -0.722593
vn 0.117386 -0.458039 -0.881152
vn 0.0146101 -0.331113 -0.94348
vn 0.539837 -0.695373 0.474387
vn 0.370988 -0.904277 0.211339
vn -0.0355907 0.963272 0.266167
vn -0.048707 0.967814 0.246932
vn -0.0492053 0.969365 0.24066
vn -0.0401828 0.969711 0.240934
vn -0.0290847 0.96674 0.254116
vn -0.0144796 0.961844 0.273233
vn 0.129427 0.910603 0.392513
vn 0.000917655 0.960733 0.277494
vn -0.599149 0.789367 0.13392
vn 0.15265 0.957572 0.244456
vn -0.17551 0.569494 0.803043
vn -0.325803 0.672798 0.664242
vn -0.879833 -0.0881128 0.467048
vn 0.197802 0.874591 0.442682
vn 0.346151 0.737677 0.579666
vn -0.0281987 -0.242946 0.969633
vn -0.130063 -0.680295 0.721307
vn -0.909457 -0.412298 -0.0538733
vn -0.502598 -0.513133 -0.695774
vn -0.2934 -0.79868 -0.525385
vn -0.49163 -0.731612 0.472296
vn -0.0940314 -0.918357 0.384426
vn -0.0880746 -0.481466 0.872031
vn -0.0920861 -0.378155 0.921158
vn -0.157441 -0.921473 0.355119
vn -0.576832 -0.785113 -0.22555
vn -0.496664 -0.788731 0.36227
vn 0.975937 -0.0397725 0.214433
vn 0.97594 -0.0397738 0.214432
vn 0.960702 -0.0506281 0.272946
vn 0.941763 -0.0613296 0.330649
vn 0.919339 -0.0717595 0.386885
vn 0.919336 -0.0717558 0.386887
vn -0.101675 -0.972588 0.209136
vn -0.395158 -0.915587 -0.0745743
vn -0.133812 -0.973224 -0.186932
vn 0.00836384 -0.61401 -0.789264
vn -0.0821417 -0.75318 -0.65267
vn -0.156798 -0.985467 -0.0653859
vn -0.557774 -0.779532 -0.285001
vn -0.555782 -0.822312 -0.12214
vn -0.4782 -0.868663 0.129471
vn -0.0611297 -0.509607 -0.858244
vn -0.0281204 -0.268746 -0.962801
vn -0.225021 -0.974086 0.0229885
vn -0.00815503 -0.790992 0.611785
vn -0.0301534 -0.415576 0.909066
vn -0.447455 -0.719778 0.530774
vn -0.0760491 -0.180634 0.980608
vn -0.0503123 -0.748971 0.660697
vn -0.997807 0.0642304 -0.0163717
vn -0.0557672 -0.203503 -0.977489
vn -0.00535 -0.333594 -0.942707
vn -0.0205876 0.998991 0.0399166
vn -0.0317625 0.997733 0.0593705
vn -0.0505992 0.998488 0.0216554
vn -0.0686274 0.997612 0.00807198
vn -0.150434 0.988515 0.0146675
vn -0.19458 0.980783 0.0147303
vn -0.236003 0.971686 0.0115706
vn -0.229105 0.973405 0.0024609
vn -0.440926 -0.739096 -0.509244
vn -0.0360217 -0.725282 -0.687508
vn -0.0612963 -0.93959 -0.336771
vn -0.135005 -0.48957 -0.861451
vn -0.998304 -0.0185192 -0.0552293
vn -0.0932372 -0.133735 -0.986625
vn -0.0252966 -0.425248 -0.904729
vn 0.0814664 0.882199 -0.463785
vn 0.133006 0.842013 -0.52282
vn 0.0679612 0.894014 -0.442862
vn 0.0196799 0.921297 -0.388379
vn -0.0149453 0.99983 0.0110898
vn -0.0402039 0.999048 -0.0172849
vn -0.0266648 0.999618 -0.00747062
vn 7.66891e-005 0.999229 0.039477
vn -0.00682785 0.998352 0.0570323
vn -0.432045 -0.901769 -0.012279
vn -0.443557 -0.895731 0.0304424
vn -0.0701088 0.997105 -0.0295812
vn -0.103454 0.994172 -0.0305313
vn -0.144322 0.989205 -0.0255771
vn -0.154293 0.987927 -0.0142391
vn -0.156317 0.987649 -0.0113256
vn -0.163283 0.986582 -0.00260022
vn -0.546849 -0.675548 0.494568
vn -0.51704 -0.674357 -0.527181
vn -0.285268 -0.958441 0.00397601
vn -0.0485447 -0.809584 0.584995
vn -0.0424609 -0.767083 -0.640158
vn -0.166452 -0.931736 -0.322752
vn -0.15221 -0.771423 0.617856
vn -0.263264 -0.540809 -0.7989
vn -0.231508 -0.71739 0.657097
vn -0.0300794 -0.480055 -0.876727
vn -0.131465 -0.249495 -0.959418
vn -0.99983 -0.0166765 -0.00876394
vn -0.0708486 -0.448269 0.891093
vn -0.126272 -0.240202 0.962481
vn -0.101763 -0.344146 -0.933385
vn -0.172819 -0.959729 -0.22149
vn -0.186989 -0.813599 -0.550539
vn -0.110091 -0.397828 -0.910836
vn -0.472413 -0.848862 0.237212
vn -0.523756 -0.697051 -0.489697
vn 0.00695362 0.926682 -0.375785
vn -0.0342697 0.940596 -0.337811
vn -0.0560818 0.948467 -0.311873
vn -0.0802368 0.955468 -0.283994
vn -0.0790434 0.955782 -0.283272
vn -0.0815476 0.956263 -0.280921
vn -0.116399 -0.628513 0.769044
vn -0.205453 -0.6303 0.748681
vn -0.218086 -0.656278 0.722322
vn -0.439966 -0.485875 0.755228
vn -0.0405727 -0.155578 0.986991
vn -0.0940267 -0.0875104 0.991722
vn -0.387 -0.124458 -0.913649
vn -0.115058 0.870397 -0.478725
vn -0.119748 0.90477 0.408741
vn -0.36235 -0.00241997 0.932042
vn -0.429249 -0.757901 0.491261
vn -0.446945 -0.815637 -0.367399
vn -0.368341 -0.886462 -0.28021
vn 0.912154 0.406529 0.0522002
vn 0.769721 0.421119 0.479782
vn 0.851664 0.451765 0.265693
vn 0.739082 0.402504 0.540146
vn 0.778279 0.506538 0.371091
vn 0.73242 0.272204 0.624076
vn 0.576335 0.520077 0.630376
vn 0.378563 0.823285 -0.422956
vn 0.885968 0.439673 0.147494
vn 0.898655 0.407482 -0.162423
vn 0.842618 0.360014 -0.400485
vn 0.560224 0.216808 -0.799467
vn 0.980863 0.119373 -0.153829
vn 0.970735 0.223741 0.0872561
vn 0.275576 0.49055 0.826695
vn 0.818807 0.222311 -0.529285
vn 0.571328 0.420055 -0.705081
vn 0.672638 0.666984 -0.320462
vn 0.62002 0.780424 0.0807178
vn 0.423156 0.797253 0.4305
vn -0.651874 -0.651942 -0.38735
vn -0.92381 0.244065 -0.294999
vn -0.0189621 0.0530801 -0.998415
vn -0.647231 -0.675273 -0.353692
vn 0.127255 0.126874 -0.983723
vn 0.268558 0.907592 -0.322744
vn 0.0616244 0.979832 0.190093
vn 0.208929 -0.772804 -0.59927
vn 0.444045 -0.781579 -0.438139
vn 0.221928 -0.768108 -0.600635
vn 0.552788 -0.763584 -0.333721
vn 0.108315 -0.765133 -0.634706
vn 0.149586 -0.761954 -0.630131
vn 0.147563 -0.76329 -0.62898
vn 0.0679292 -0.766333 -0.638846
vn 0.556985 0.801264 0.218512
vn 0.343026 0.844952 -0.410352
vn 0.81725 0.572744 0.0637885
vn 0.163071 0.962059 -0.218782
vn 0.483302 0.800597 -0.354231
vn 0.0228379 0.991072 -0.131432
vn 0.386777 0.273819 -0.880589
vn 0.351119 0.337342 -0.873452
vn 0.419598 0.731608 0.537298
vn -0.423756 0.50859 -0.749526
vn -0.161804 0.720509 -0.674317
vn -0.466734 0.877207 0.112572
vn -0.112861 0.651161 -0.750516
vn -0.690711 0.210444 -0.691833
vn -0.0943959 0.127343 -0.987358
vn 0.0286294 -0.765653 -0.64262
vn 0.0289677 -0.765422 -0.642885
vn -0.848447 0.464765 0.253253
vn -0.929052 0.240725 0.280924
vn -0.480613 0.876542 -0.0262557
vn -0.368435 0.821003 -0.436142
vn -0.2406 -0.89993 -0.363649
vn 0.658909 -0.742969 -0.117707
vn -0.321543 -0.859847 -0.39658
vn -0.917264 0.300032 0.261949
vn 0.281664 0.896279 -0.342606
vn -0.873111 0.157476 -0.461399
vn 0.558901 0.180207 -0.809428
vn -0.913214 -0.0121509 0.407306
vn -0.85435 -0.372905 0.361995
vn -0.502643 0.827709 0.249514
vn 0.158734 0.916211 0.367914
vn -0.600154 0.739612 0.304617
vn 0.0774321 0.777402 0.624226
vn 0.0296937 0.991317 0.128128
vn -0.0522311 0.929462 0.365206
vn -0.1661 0.912834 0.373039
vn -0.000875203 0.836219 0.548401
vn -0.0413702 0.916409 0.398115
vn 0.0977045 0.976795 0.190597
vn 0.186945 0.981096 -0.0501326
vn -0.977123 0.211627 0.0213847
vn 0.732642 0.451452 -0.50934
vn 0.723704 0.665801 -0.181615
vn 0.419921 0.572318 -0.704366
vn 0.706206 0.476807 -0.523393
vn 0.863524 -0.0901527 -0.496196
vn 0.898256 0.00875154 -0.439404
vn 0.81652 -0.187776 -0.545937
vn -0.548098 0.769648 -0.327496
vn 0.147321 0.706332 0.692384
vn 0.52827 0.746871 0.4039
vn -0.443331 0.441866 -0.779885
vn 0.800414 0.584499 0.133103
vn 0.371421 0.567586 -0.73478
vn -0.102499 -0.992849 0.061311
vn -0.299339 -0.95137 0.0727583
vn -0.0611691 -0.993763 0.0933119
vn 0.0363483 -0.994594 0.0973098
vn 0.656256 0.331245 0.677944
vn 0.649247 0.397783 0.648267
vn -0.0205054 -0.992022 0.124424
vn -0.0149623 -0.994664 0.102155
vn -0.631397 -0.191914 -0.751344
vn -0.696659 -0.167705 -0.697527
vn -0.770448 -0.0948547 -0.630417
vn 0.553625 0.123667 0.823536
vn 0.778201 -0.17066 0.604398
vn 0.169084 -0.977428 -0.126755
vn 0.166881 -0.98572 -0.022689
vn 0.162861 -0.983274 0.0816238
vn -0.434659 -0.058563 -0.898692
vn -0.494757 0.101111 -0.86313
vn 0.887718 0.165041 0.429796
vn 0.782289 0.311572 0.539401
vn -0.14861 0.553628 -0.819401
vn 0.0494062 0.788319 -0.613287
vn -0.0514303 0.928494 -0.367797
vn 0.0346723 0.884984 -0.464353
vn 0.06494 0.891692 -0.44796
vn -0.177624 0.399338 -0.899436
vn -0.30802 0.398502 -0.863904
vn 0.0678628 0.376336 -0.923996
vn -0.352007 -0.373985 -0.85804
vn -0.350824 -0.370899 -0.859871
vn 0.10801 -0.905909 0.409465
vn 0.137363 -0.896757 0.420667
vn 0.0785406 -0.914095 0.397827
vn -0.618673 0.270538 0.737613
vn -0.593078 0.752369 0.286717
vn 0.507118 -0.650576 0.565324
vn 0.506528 -0.659702 0.555193
vn 0.141626 -0.90545 0.400139
vn -0.377054 0.91563 0.139532
vn -0.0629073 0.924474 -0.376021
vn 0.141435 0.989895 -0.0105174
vn -0.260435 0.851074 0.455918
vn -0.79104 0.492136 0.363416
vn -0.719158 0.332269 0.610264
vn 0.914445 -0.0600214 -0.400253
vn 0.905107 -0.119819 -0.407963
vn 0.856368 0.483321 -0.181787
vn -0.112838 0.495619 -0.86119
vn 0.921418 0.175142 -0.346878
vn -0.444734 0.575839 -0.686036
vn 0.809968 -0.221422 0.543081
vn 0.776543 -0.243358 0.581173
vn 0.932811 0.358779 0.0338012
vn -0.0964154 -0.981804 0.163629
vn -0.19668 -0.814246 0.546198
vn -0.144886 -0.943294 0.298694
vn -0.107094 -0.994251 0.000504884
vn -0.260962 -0.632562 0.729236
vn -0.248008 -0.724926 0.642641
vn -0.0296626 0.786577 -0.616786
vn 0.860861 -0.217154 -0.460177
vn 0.851121 -0.242258 -0.465735
vn 0.211655 -0.922059 -0.324064
vn 0.149164 -0.927962 -0.341532
vn 0.307071 -0.887426 -0.343791
vn 0.0685877 -0.939011 -0.336994
vn 0.0229641 -0.927965 -0.371959
vn 0.419937 0.899288 0.122234
vn 0.572652 0.766144 0.291718
vn 0.665311 0.126232 0.735819
vn 0.0832707 -0.990433 -0.110049
vn 0.131464 -0.983786 -0.122064
vn 0.034869 -0.994601 -0.0977593
vn -0.197397 0.842953 -0.500489
vn -0.413709 0.703449 -0.577935
vn -0.735388 0 -0.677662
vn -0.796936 0.307274 -0.520074
vn -0.752079 0.11429 -0.649094
vn -0.0261106 0.697186 0.716422
vn -0.450117 -0.722267 -0.525101
vn -0.260273 -0.808654 -0.527577
vn -0.620379 -0.604459 -0.499782
vn -0.465892 0.0572238 -0.882996
vn -0.622347 0.725565 -0.2937
vn 0.406636 0.690388 -0.598352
vn -0.465899 0.0572071 -0.882993
vn -0.63713 0.725531 0.260157
vn -0.614162 0.740873 -0.271892
vn -0.0399082 0.877321 -0.478248
vn -0.616984 0.605913 0.502203
vn -0.732909 -0.154099 0.66265
vn -0.783544 -0.0629898 0.618144
vn 0.560656 -0.796281 -0.22717
vn 0.536231 -0.820042 -0.199987
vn 0.139263 -0.937352 -0.319353
vn 0.174898 -0.931453 -0.319078
vn 0.102818 -0.962684 -0.250361
vn -0.21501 0.946326 -0.241356
vn -0.189268 0.975496 -0.112246
vn -0.42738 0.902305 -0.0564966
vn -0.437294 0.872317 -0.218716
vn -0.178504 0.811983 -0.555741
vn 0.40102 0.864153 0.30402
vn 0.319422 0.935084 -0.153607
vn 0.622564 0.745698 -0.237409
vn -0.795132 0.544383 0.267264
vn 0.0629267 0.856907 -0.511626
vn -0.779779 0.570434 0.258
vn 0.826371 0.0897074 -0.555943
vn 0.895937 0.165861 -0.412062
vn 0.0770382 -0.996929 -0.0142445
vn 0.101447 -0.992045 -0.0745943
vn 0.125423 -0.982933 -0.134626
vn -0.916019 -0.285557 0.281728
vn -0.840737 -0.320072 0.436719
vn 0.72148 0.686915 0.0872662
vn 0.751621 0.599411 0.275306
vn 0.660215 0.649556 0.377099
vn 0.166978 0.978925 0.117598
vn 0.800624 -0.599161 -0.00380632
vn 0.0305272 0.921455 0.387283
vn 0.69848 0.476201 0.534189
vn 0.913004 0.11876 0.390288
vn 0.176599 -0.576223 -0.797991
vn 0.472978 -0.474932 -0.742119
vn -0.137656 -0.619186 -0.773088
vn -0.600232 0.774103 -0.20123
vn 0.807303 -0.517702 0.283316
vn 0.691909 0.305494 0.654177
vn 0.917634 0.248058 -0.310508
vn 0.901917 0.0672051 0.426663
vn 0.404459 0.285939 -0.868713
vn 0.16451 0.914165 -0.370475
vn 0.483514 0.386233 -0.78552
vn -0.772882 0.634379 -0.0148362
vn -0.365393 -0.902049 -0.229801
vn -0.384049 -0.884759 -0.264033
vn -0.423681 -0.832155 -0.357813
vn -0.311014 -0.948112 -0.0660912
vn -0.295313 -0.955286 -0.0148752
vn -0.0815597 0.727237 -0.681539
vn 0.471595 -0.0171677 -0.881657
vn 0.496466 -0.112828 -0.860703
vn -0.434517 0.324461 0.840192
vn -0.391215 0.299859 0.870085
vn -0.265157 0.314022 0.911642
vn -0.509217 0.280558 0.813625
vn -0.545571 0.249239 0.800157
vn -0.128041 0.284233 0.95017
vn -0.124478 -0.335126 0.933915
vn 0.846547 -0.189358 0.49751
vn 0.24469 -0.362591 0.899258
vn 0.978651 -0.149083 0.141505
vn -0.81378 -0.404154 0.417642
vn -0.658401 -0.482364 0.577793
vn -0.845718 -0.520969 -0.115616
vn -0.854649 -0.407637 -0.321591
vn -0.624669 -0.521879 -0.58089
vn -0.638194 -0.355604 -0.682837
vn 0.316014 -0.434676 -0.843331
vn 0.660577 -0.415325 -0.625421
vn 0.466049 -0.356397 -0.809804
vn 0.859971 -0.167299 -0.482148
vn -0.898649 -0.206691 -0.38693
vn -0.652418 -0.158823 -0.741039
vn 0.825964 -0.0283465 -0.563021
vn 0.509264 -0.0460917 -0.85938
vn 0.877823 -0.108824 0.466471
vn 0.861569 -0.112191 0.495097
vn -0.860219 -0.23671 0.451655
vn -0.785595 -0.22252 0.577351
vn -0.09137 -0.21197 0.972997
vn -0.0144987 -0.239842 0.970704
vn -0.812764 -0.134006 -0.566974
vn -0.65785 -0.0993698 -0.746571
vn 0.911071 -0.0352483 -0.410758
vn 0.499303 -0.0262968 -0.866032
vn -0.949028 -0.220173 0.225581
vn -0.285262 -0.277945 0.917267
vn 0.681601 -0.19456 0.705392
vn -0.378418 0.191411 0.905636
vn 0.314872 0.416022 0.85311
vn 0.202606 0.225458 0.952956
vn -0.37188 0.0929892 0.923616
vn 0.86895 0.478332 0.127043
vn 0.903081 0.243157 0.354015
vn 0.772996 0.487349 -0.40617
vn 0.933196 0.237426 -0.269789
vn 0.366886 0.488257 -0.791844
vn 0.482654 0.283806 -0.828561
vn -0.389593 0.49206 -0.778529
vn -0.466882 0.108948 -0.877593
vn -0.947241 0.297727 -0.11877
vn -0.964711 0.0614293 -0.256066
vn -0.0557664 -0.857799 0.510962
vn 0.130428 -0.922212 0.364038
vn -0.0306342 -0.93632 0.349812
vn 0.151333 -0.945569 0.288104
vn 0.353496 -0.889592 0.289257
vn -0.101634 -0.952913 0.285711
vn -0.0963808 -0.938898 0.330431
vn 0.02102 -0.923005 0.384224
vn -0.991076 0.0399234 0.127212
vn -0.983759 0.179442 0.006757
vn -0.628198 0.618999 -0.471405
vn 0.765133 0.491715 -0.415686
vn 0.623212 0.727585 0.286775
vn 0.0382105 0.410657 -0.910989
vn 0.0184608 0.918876 -0.394124
vn 0.188237 0.965642 -0.179184
vn -0.213676 0.943593 -0.252957
vn 0.0726219 0.690224 0.719947
vn -0.202073 0.832314 0.51617
vn 0.0342596 0.979126 0.20035
vn -0.083683 0.988129 0.128877
vn -0.293837 0.941909 -0.162723
vn 0.199315 0.979191 0.0382728
vn -0.970589 0.17082 0.169695
vn -0.66435 -0.00515448 0.747407
vn 0.673758 0.107613 0.731077
vn -0.179085 0.391871 0.902428
vn 0.467914 0.133757 0.873593
vn -0.286613 0.211708 0.934367
vn -0.881276 0.453796 0.132059
vn -0.907307 0.237165 0.347203
vn -0.777971 0.48696 -0.397048
vn -0.936855 0.232061 -0.261642
vn -0.366886 0.488257 -0.791844
vn -0.482652 0.283805 -0.82856
vn 0.389593 0.49206 -0.778529
vn 0.466882 0.108948 -0.877593
vn 0.78943 0.359567 -0.497524
vn 0.813803 0.195113 -0.547419
vn -0.112859 -0.958013 0.263598
vn 0.0578873 -0.953081 0.297152
vn -0.148662 -0.947099 0.284451
vn -0.219031 -0.934283 0.281344
vn -0.353496 -0.889592 0.289257
vn 0.110214 -0.947722 0.299473
vn 0.192522 -0.933448 0.302675
vn 0.155629 -0.933931 0.321808
vn 0.995564 -0.0753027 0.0565211
vn 0.690672 0.639741 0.337225
vn 0.666238 0.730312 -0.150923
vn -0.765133 0.491714 -0.415686
vn -0.623212 0.727585 0.286775
vn -0.038211 0.410662 -0.910999
vn -0.188237 0.965642 -0.179184
vn -0.0184608 0.918877 -0.394124
vn 0.548774 0.483605 -0.681902
vn 0.149648 0.93015 -0.335305
vn -0.0726219 0.690224 0.719947
vn -0.0342596 0.979127 0.20035
vn 0.227116 0.971602 -0.0664883
vn 0.27534 0.946598 -0.16781
vn -0.199315 0.979191 0.0382729
vn 0.868902 0.0881062 0.487083
vn 0.965642 0.247397 0.0795972
vn 0.0073681 0.663831 -0.747847
vn 0.531081 0.480084 -0.698197
vn -0.0116318 0.859644 -0.510762
vn -0.115899 -0.138333 -0.983589
vn 0.551277 -0.0418957 -0.833277
vn 0.557001 -0.0601011 -0.828346
vn -0.299844 -0.151727 -0.941847
vn -0 -1.00001 0
vn -0 -1.00001 0
vn -0 -1 0
vn -0 -1 0
vn -0 -1 0
vn -0 -1 0
vn -0 -1.00001 0
vn -0 -1.00001 0
vn -0 -1 0
vn -0 -1 0
vn -0 -1 0
vn -0.517704 0.126916 0.8461
vn -0.760492 0.117719 0.638589
vn -0.870581 0.0385187 0.490529
vn -0.362172 0.139542 0.921607
vn -0.23831 0.859035 0.45307
vn -0.577688 0.656123 0.485576
vn -0.398777 0.668783 0.627463
vn -0.701507 0.553137 0.449365
vn -0.873229 0.468106 0.135462
vn -0.712966 0.679934 0.171378
vn -0.257922 0.964801 0.051412
vn -0.973626 0.222871 -0.048906
vn -0.668057 0.681196 0.29946
vn -0.989206 -0.0882645 0.11699
vn -0.989296 -0.119175 0.0842684
vn -0.977312 -0.179156 -0.113008
vn -0.966809 -0.239056 -0.0902002
vn -0.952762 -0.0828498 -0.292203
vn -0.932963 -0.216406 -0.287665
vn -0.937253 -0.202113 -0.284089
vn -0.771106 0.540851 -0.335989
vn -0.286963 0.933683 -0.21425
vn -0.773327 0.352433 -0.527032
vn -0.621829 0.484082 -0.615628
vn -0.389757 0.477841 -0.78726
vn -0.93773 -0.205722 -0.279911
vn -0.938712 -0.202214 -0.279163
vn -0.756866 -0.190962 -0.625059
vn -0.76207 -0.208055 -0.613172
vn -0.0281647 0.98379 -0.177105
vn 0.53262 0.791898 -0.298719
vn 0.267259 0.940557 -0.209589
vn 0.19126 0.785707 0.588293
vn 0.433729 0.828979 0.353103
vn 0.299151 0.953475 0.0374353
vn 0.808531 0.584613 0.0671736
vn 0.8251 0.508217 0.246838
vn 0.870655 0.467676 -0.152449
vn 0.940628 0.256231 -0.22264
vn 0.985493 0.030009 -0.167047
vn 0.385677 0.158627 0.9089
vn 0.366563 0.190074 0.910779
vn 0.95869 0.0571104 0.278679
vn 0.953457 0.0714559 0.292954
vn 0.979185 0.201786 0.0219888
vn 0.649226 0.623984 0.434933
vn 0.951774 0.0324508 -0.305081
vn 0.987735 -0.040401 -0.150838
vn 0.998845 -0.0194712 0.0440258
vn 0.999185 0.0200036 0.0351555
vn 0.973993 -0.0731916 -0.214445
vn 0.962345 -0.142367 -0.231574
vn 0.177174 0.788322 0.58921
vn -0.236135 0.867661 0.437515
vn 0.98917 -0.146335 0.0123618
vn 0.997718 -0.0661301 -0.0138423
vn 0.739082 0.612819 0.279683
vn 0.392894 0.913018 -0.109717
vn 0.281519 0.842476 0.459339
vn -0.252248 0.850635 0.461313
vn -0.757269 0.61503 -0.219764
vn -0.71341 0.480327 0.510244
vn -0.380151 -0.466183 0.798852
vn -0.539436 -0.0721167 0.838942
vn -0.658452 -0.506473 0.556719
vn -0.154206 0.235428 0.959581
vn -0.0566017 0.7364 0.674176
vn 0.0227746 0.213223 0.97674
vn -0.834945 -0.253891 0.488275
vn -0.674387 0.0559551 0.736264
vn -0.774787 -0.239831 0.584977
vn -0.266526 0.450956 0.851834
vn 0.123469 0.653757 0.746566
vn 0.173574 0.666227 0.725274
vn -0.78363 0.244455 0.571112
vn -0.637276 0.680277 0.362086
vn -0.00736827 0.663833 -0.74785
vn -0.531081 0.480087 -0.698201
vn 0.0116318 0.859644 -0.510762
vn -0.551277 -0.0418954 -0.833277
vn 0.115902 -0.138333 -0.983588
vn -0.557001 -0.0601007 -0.828346
vn 0.29985 -0.151722 -0.94185
vn -0 -1 0
vn -0 -1 0
vn -0 -1 0
vn -0 -1.00001 0
vn -0 -1.00001 0
vn -0 -1 0
vn -0 -1 0
vn 0.760492 0.117737 0.638591
vn 0.517702 0.126923 0.846095
vn 0.870574 0.0385348 0.490527
vn 0.362177 0.139543 0.921613
vn 0.5777 0.656112 0.485576
vn 0.23831 0.859035 0.453068
vn 0.398782 0.668775 0.627465
vn 0.70152 0.553129 0.449369
vn 0.873218 0.46813 0.135465
vn 0.712967 0.67994 0.171377
vn 0.257922 0.964802 0.051411
vn 0.973625 0.222883 -0.0489027
vn 0.668054 0.6812 0.299472
vn 0.989211 -0.0882592 0.116992
vn 0.989296 -0.119177 0.0842684
vn 0.977312 -0.179157 -0.113008
vn 0.966809 -0.239057 -0.0902005
vn 0.952765 -0.0828395 -0.292206
vn 0.932969 -0.216408 -0.287667
vn 0.937264 -0.202115 -0.284092
vn 0.286966 0.933676 -0.214248
vn 0.771111 0.540848 -0.33599
vn 0.773334 0.35243 -0.527032
vn 0.621845 0.48407 -0.615629
vn 0.389766 0.477831 -0.787256
vn 0.938712 -0.202214 -0.279171
vn 0.93773 -0.205708 -0.279915
vn 0.756863 -0.190949 -0.625058
vn 0.762066 -0.20803 -0.613172
vn -0.53262 0.791897 -0.298719
vn 0.0281653 0.98379 -0.177105
vn -0.267259 0.940557 -0.209589
vn -0.19126 0.785707 0.588293
vn -0.43373 0.828977 0.353104
vn -0.299152 0.953474 0.0374361
vn -0.808536 0.584605 0.0671789
vn -0.8251 0.508217 0.246838
vn -0.870655 0.467676 -0.152449
vn -0.940628 0.256231 -0.22264
vn -0.985496 0.0300245 -0.167047
vn -0.385675 0.158636 0.908902
vn -0.366563 0.190074 0.910779
vn -0.953456 0.0714799 0.292956
vn -0.958687 0.0571413 0.278683
vn -0.979185 0.201786 0.0219849
vn -0.649231 0.623979 0.434922
vn -0.951774 0.0324515 -0.305081
vn -0.987735 -0.0403895 -0.150842
vn -0.998845 -0.019439 0.0440259
vn -0.999185 0.0200359 0.0351555
vn -0.973997 -0.0731609 -0.214446
vn -0.962354 -0.142337 -0.231576
vn -0.177171 0.788325 0.589211
vn 0.236133 0.867653 0.437521
vn -0.98917 -0.146303 0.0123518
vn -0.997718 -0.0661136 -0.0138474
vn -0.739086 0.612817 0.27967
vn -0.392894 0.913018 -0.109717
vn -0.281521 0.842481 0.459338
vn 0.252247 0.85063 0.461316
vn 0.757266 0.615033 -0.219767
vn 0.713406 0.48032 0.510258
vn 0.391215 0.299859 0.870085
vn 0.434517 0.324461 0.840192
vn 0.265157 0.314023 0.911642
vn 0.509217 0.280559 0.813625
vn 0.545571 0.249239 0.800157
vn 0.128041 0.284233 0.95017
vn 0.662974 0.736036 0.136818
vn -0.239875 0.440446 -0.865146
vn -0.755462 0.609112 -0.241376
vn 0.913677 -0.156297 -0.375195
vn 0.603928 0.0924976 0.791666
vn 0.0541108 0.351994 0.93444
vn 0.239895 0.440464 -0.865133
vn -0.66295 0.736055 0.136844
vn 0.755462 0.609125 -0.241345
vn -0.913673 -0.156295 -0.375204
vn -0.603928 0.0924975 0.791665
vn -0.0541108 0.351994 0.93444
vn 0.196409 0.127671 0.972177
vn -0.168613 0.10215 0.980377
vn 0.557278 -0.0943805 0.824955
vn 0.380924 -0.457173 0.803676
vn 0.782103 -0.468501 0.410892
vn -0.212578 0.305252 0.928245
vn -0.311462 0.682911 0.660781
vn -0.485978 0.316342 0.814716
vn 0.627173 0.0721229 0.775539
vn 0.696782 -0.386526 0.604241
vn 0.688149 -0.201776 0.696959
vn 0.356467 0.619516 0.699383
vn -0.00307435 0.88511 0.465385
vn 0.0556374 0.862623 0.502789
vn 0.704721 0.459709 0.540411
vn 0.372629 0.910641 0.178554
vn -0.0272701 0.647097 -0.761924
vn -0.0228366 0.172794 -0.984696
vn -0.168441 0.348398 -0.922096
vn 0.144657 0.662387 -0.735065
vn -0.134878 -0.327051 -0.935334
vn -0.0315413 -0.331738 -0.942848
vn -0.185844 -0.0719573 -0.979948
vn 0.350082 0.0393364 0.935899
vn 0.991279 0.0455984 0.123713
vn 0.863608 0.49558 0.0927304
vn 0.305002 -0.0625496 -0.950299
vn 0.987418 -0.158116 -0.00484833
vn 0.16152 -0.528922 0.833163
vn -0.961804 -0.192473 0.194691
vn -0.631108 -0.604146 -0.486529
vn -0 -0.551791 -0.833998
vn -0 -0.658599 0.752494
vn 0.987028 -0.0148533 0.15988
vn -2.14843e-008 -0.00531238 0.999988
vn 0.620124 -0.555324 -0.55415
vn -1.26711e-008 -0.0268714 -0.999642
vn 0.633399 0.521547 -0.571663
vn -0 0.650173 0.759788
vn -0.987028 -0.0148532 0.15988
vn -0.633399 0.521547 -0.571663
vn -0.620124 -0.555324 -0.55415
vn 0.986564 -0.0250855 0.161458
vn -0 0.648508 0.761213
vn -0 -0.0106378 0.999945
vn 0.636491 0.514672 -0.574461
vn -1.15581e-006 -0.0482544 -0.998837
vn 0.617671 -0.566759 -0.545235
vn 3.41378e-006 -0.656801 0.754066
vn -0.986563 -0.0250785 0.161468
vn -0.617677 -0.566754 -0.545223
vn -0.636491 0.514672 -0.574461
vn 3.22854e-008 -1 0.00272408
vn 0.993047 0.0573051 0.102871
vn 2.19916e-008 -0.0665765 0.997784
vn -0 -0.023475 -0.999732
vn 0.637031 0.51959 -0.569412
vn 4.38465e-006 0.646158 0.763208
vn -0.993043 0.0572946 0.102886
vn -0.637043 0.519589 -0.569406
vn -0.00251527 0.999969 0.00855961
vn -0.00216517 2.74458e-006 1.00001
vn 0.715783 0 0.698325
vn -0.707108 3.86109e-006 0.707107
vn -0.00250852 -0.999963 0.00855953
vn -0.00246966 2.76265e-006 -1
vn -0.715577 3.76841e-006 -0.698539
vn 0.724142 0 -0.689659
vn 0.0503673 0.998743 1.31017e-006
vn 0.132496 -0.040455 -0.990358
vn 0.142195 0.00970289 -0.989791
vn 0.151519 0.0598137 0.986647
vn 0.142196 0.00970296 0.989799
vn 0.096995 0.995291 0
vn -0.531782 0.846881 0
vn 0.263576 0.964644 0
vn -0.825467 0.564467 0
vn 0.00964314 -0.999964 0
vn -0.705964 -0.70825 0
vn -0.705965 -0.70825 0
vn 0.225095 -0.974338 0
vn 0.00561491 -0.999988 0
vn 0.0045671 0.999999 0
vn -0.998901 0.046961 0
vn -0.986988 -0.160821 0
vn 0.109388 -0.061161 -0.99212
vn 0.151519 0.0598137 -0.986647
vn 0.144129 0.0657002 -0.987381
vn 0.132496 -0.040455 0.990358
vn 0.109388 -0.0611611 0.99212
vn 0.144128 0.0657003 0.987381
vn -0.150683 0.0604804 -0.986736
vn -0.141336 0.00963582 -0.989917
vn -0.131607 -0.0412552 0.990445
vn -0.141336 0.00963583 0.989917
vn 0.531782 0.846881 0
vn -0.0943053 0.995543 0
vn -0.259169 0.965839 0
vn 0.825467 0.564466 0
vn 0.705964 -0.70825 0
vn -0.00658842 -0.999981 0
vn 0.705965 -0.70825 0
vn -0.219623 -0.975595 0
vn 0.998901 0.046961 0
vn 0.986988 -0.16082 0
vn -0.109388 -0.0611611 -0.99212
vn -0.131607 -0.0412551 -0.990445
vn -0.144129 0.0657002 -0.987381
vn -0.150683 0.0604804 0.986736
vn -0.109388 -0.0611612 0.99212
vn -0.144128 0.0657003 0.987381
vn -0.995147 0.0475608 0.0861635
vn -0.350082 0.0393364 0.935899
vn -0.870536 0.486719 0.072746
vn -0.258845 -0.0760564 -0.962929
vn -0.98761 -0.146739 -0.0557526
vn -0.16152 -0.528922 0.833163
vn 0.958372 -0.187188 0.215612
vn 0.64247 -0.615643 -0.456324
vn -0 -0.551791 -0.833998
vn -0.987028 -0.0148533 0.15988
vn -0 -0.6586 0.752494
vn 2.14843e-008 -0.00531238 0.999988
vn -0.620124 -0.555325 -0.55415
vn 1.26711e-008 -0.0268714 -0.999642
vn -0.633399 0.521548 -0.571663
vn -0 0.650173 0.759788
vn 0.987028 -0.0148532 0.15988
vn 0.633399 0.521547 -0.571663
vn -0 0.648508 0.761213
vn -0.986564 -0.0250855 0.161458
vn -0 -0.0106378 0.999945
vn -0.636491 0.514672 -0.574461
vn 1.15581e-006 -0.0482545 -0.998838
vn -0.617671 -0.56676 -0.545235
vn -3.41378e-006 -0.656801 0.754066
vn 0.986563 -0.0250785 0.161468
vn 0.617677 -0.566754 -0.545223
vn 0.636491 0.514672 -0.574461
vn -0.993045 0.0573039 0.10287
vn -3.22854e-008 -1 0.00272408
vn -2.19916e-008 -0.0665765 0.997784
vn -0 -0.023475 -0.999733
vn -0.637028 0.519589 -0.569413
vn -2.14934e-006 0.646157 0.763207
vn 0.993043 0.0572946 0.102886
vn 0.637043 0.519589 -0.569406
vn 0.00216517 2.76976e-006 1.00001
vn 0.00251527 0.999969 0.00855961
vn -0.715783 0 0.698325
vn 0.707108 3.86109e-006 0.707107
vn 0.00250852 -0.999963 0.00855953
vn 0.00246966 2.73707e-006 -1
vn 0.715577 3.76841e-006 -0.698539
vn -0.724142 0 -0.68966
vn -0.0503674 0.998743 -1.74689e-006
vn -0.151519 0.0598136 -0.986647
vn -0.142195 0.00970288 -0.989791
vn -0.132496 -0.0404551 0.990358
vn -0.142195 0.00970288 0.989791
vn -0.096995 0.995291 0
vn -0.263576 0.964644 0
vn 0.825467 0.564467 0
vn 0.705964 -0.70825 0
vn -0.00964314 -0.999964 0
vn 0.705965 -0.708251 0
vn -0.225095 -0.974338 0
vn -0.00561491 -0.999988 0
vn -0.0045671 0.999999 0
vn 0.998901 0.0469611 0
vn 0.986988 -0.16082 0
vn -0.109388 -0.061161 -0.99212
vn -0.132496 -0.040455 -0.990358
vn -0.144129 0.0657002 -0.987381
vn -0.151519 0.0598137 0.986647
vn -0.109388 -0.0611611 0.99212
vn -0.144128 0.0657002 0.987381
vn 0.131607 -0.0412551 -0.990445
vn 0.141336 0.00963583 -0.989917
vn 0.150683 0.0604804 0.986736
vn 0.141336 0.00963582 0.989917
vn 0.0943053 0.995543 0
vn -0.531782 0.846882 0
vn 0.259169 0.965839 0
vn -0.825467 0.564467 0
vn 0.00658842 -0.999981 0
vn -0.705964 -0.70825 0
vn -0.705965 -0.708251 0
vn 0.219623 -0.975595 0
vn -0.998901 0.0469611 0
vn -0.986988 -0.16082 0
vn 0.109388 -0.061161 -0.99212
vn 0.150683 0.0604803 -0.986736
vn 0.144129 0.0657002 -0.987381
vn 0.131607 -0.0412552 0.990445
vn 0.109388 -0.0611611 0.99212
vn 0.144128 0.0657002 0.987381
vn -0.42824 0.334499 0.839485
vn -0.685897 0.0847845 0.722743
vn -0.394122 -0.0328477 0.918478
vn -0.689523 0.428352 0.584023
vn -0.401378 0.654249 0.640991
vn -0.109644 0.53657 0.836708
vn -0.105994 0.193034 0.975452
vn 0.685897 0.0847847 0.722743
vn 0.428246 0.334498 0.839484
vn 0.394133 -0.0328502 0.918467
vn 0.689523 0.428352 0.584023
vn 0.401378 0.654249 0.640991
vn 0.109644 0.536571 0.836708
vn 0.10601 0.193034 0.975456
vn -0.416188 0.380114 0.826019
vn -0.388355 -0.115723 0.914222
vn 0.10429 -0.326624 0.939391
vn -0.149568 0.230342 0.961548
vn 0.77397 -0.621365 -0.122013
vn -2.14843e-008 -0.633457 0.773778
vn 0.0588474 -0.495266 0.866755
vn -0.598828 -0.195695 0.776607
vn -0.439328 -0.377515 0.81516
vn -0.270495 -0.940926 -0.203727
vn -0.74483 0.145484 0.651208
vn -0.310513 0.223649 -0.92389
vn -0.857412 0.165597 0.487271
vn -0 -1 0
vn -0.329973 0.706053 0.626594
vn 0.346975 -0.118975 -0.930306
vn 0.840374 -0.148315 -0.521328
vn 0.237192 -0.116786 -0.964423
vn 0.531757 -0.518668 -0.669495
vn 0.780914 -0.0308258 -0.623885
vn 0.542216 0.706895 -0.454225
vn -0.714488 -0.680635 -0.16201
vn -0.542204 0.70689 -0.454237
vn -0.780119 -0.0643976 -0.62231
vn 0.394477 -0.118247 0.911274
vn 0.432676 0.389935 0.812871
vn -0.0882702 -0.374965 0.922829
vn 0.172457 0.220027 0.960129
vn -0.0152864 -0.581892 0.813124
vn 0.745377 -0.506062 0.433961
vn 0.448305 -0.370892 0.813306
vn 0.20916 -0.944196 -0.254453
vn 0.777048 0.128512 0.616186
vn 0.308587 0.331726 -0.891487
vn 0.945192 0.102901 0.30988
vn -0 -0.6 0.8
vn 0.399253 0.664306 0.631903
vn -0.23779 -0.140658 -0.961087
vn -0.534818 -0.546294 -0.644625


vt 0.259843 0.015873
vt 0.425197 0.159287
vt 0.259843 0.159287
vt 0.425197 0.015873
vt 0.259843 0.984127
vt 0.259843 0.492063
vt 0.354331 0.396825
vt 0.457709 0.986829
vt 0.259843 0.205792
vt 0.346457 0.205792
vt 0.346457 0.349206
vt 0.259843 0.349206
vt 0.425197 0.205792
vt 0.425197 0.349206
vt 0.457709 0.394124
vt 0.007874 0.327189
vt 0.007874 0.603175
vt 0.23622 0.587302
vt 0.23622 0.349206
vt 0.007874 0.349206
vt 0.007874 0.571429
vt 0.23622 0.327189
vt 0.23622 0.609319
vt 0.007874 0.587302
vt 0.479299 0.646697
vt 0.678181 0.646697
vt 0.678181 0.988223
vt 0.479299 0.988223
vt 0.677165 0.68254
vt 0.677165 0.936508
vt 0.062992 0.936508
vt 0.031496 0.936508
vt 0.062992 0.698413
vt 0.031496 0.698413
vt 0.007874 0.936508
vt 0.007874 0.698413
vt 0.23622 0.936508
vt 0.212598 0.936508
vt 0.23622 0.698413
vt 0.212598 0.698413
vt 0.188976 0.936508
vt 0.188976 0.698413
vt 0.15748 0.936508
vt 0.15748 0.698413
vt 0.125984 0.936508
vt 0.125984 0.698413
vt 0.094488 0.936508
vt 0.094488 0.698413
vt 0.094488 0.984127
vt 0.062992 0.984127
vt 0.007874 0.984127
vt 0.23622 0.984127
vt 0.212598 0.984127
vt 0.188976 0.984127
vt 0.15748 0.984127
vt 0.125984 0.984127
vt 0.094488 0.650794
vt 0.062992 0.650794
vt 0.007874 0.650794
vt 0.212598 0.650794
vt 0.23622 0.650794
vt 0.173228 0.650794
vt 0.125984 0.650794
vt 0.009652 0.0681
vt 0.07874 0.15873
vt 0.077216 0.00972903
vt 0.139954 0.0681
vt 0.009652 0.21403
vt 0.077216 0.291859
vt 0.139954 0.204301
vt 0.070866 0.15873
vt 0.070866 0.015873
vt 0.070866 0.285714
vt 0.165354 0.015873
vt 0.23622 0.015873
vt 0.165354 0.095238
vt 0.23622 0.095238
vt 0.76378 0.825397
vt 0.76378 0.666667
vt 0.88348 0.738143
vt 0.811024 0.952381
vt 0.810135 0.550341
vt 0.88189 0.52381
vt 0.881016 0.988421
vt 0.700787 0.269841
vt 0.771654 0.269841
vt 0.771654 0.015873
vt 0.700787 0.015873
vt 0.679355 0.227914
vt 0.679355 0.010182
vt 0.509622 0.010182
vt 0.509622 0.227914
vt 0.850394 0.015873
vt 0.850394 0.269841
vt 0.929134 0.269841
vt 0.866142 0.015873
vt 0.929134 0.015873
vt 0.992126 0.269841
vt 0.992126 0.015873
vt 0.913386 0.47619
vt 0.795276 0.47619
vt 0.165354 0.174603
vt 0.181102 0.142857
vt 0.205165 0.215222
vt 0.204724 0.142857
vt 0.165354 0.222222
vt 0.175167 0.277363
vt 0.204724 0.285714
vt 0.677534 0.225475
vt 0.511443 0.225475
vt 0.677534 0.01262
vt 0.511443 0.01262
vt 0.677165 0.015873
vt 0.677165 0.222222
vt 0.228346 0.142857
vt 0.23622 0.174603
vt 0.23622 0.222222
vt 0.235111 0.276231
vt 0.575328 0.265608
vt 0.625197 0.265608
vt 0.605249 0.416931
vt 0.575328 0.416931
vt 0.645144 0.416931
vt 0.675066 0.265608
vt 0.675066 0.416931
vt 0.545407 0.265608
vt 0.543307 0.412698
vt 0.795276 0.190476
vt 0.80315 0.269841
vt 0.866142 0.269841
vt 0.746586 0.273744
vt 0.818898 0.190476
vt 0.787402 0.269841
vt 0.834646 0.380952
vt 0.881975 0.378056
vt 0.771654 0.380952
vt 0.732283 0.380952
vt 0.858268 0.444444
vt 0.80315 0.444444
vt 0.752903 0.446841
vt 0.811024 0.444444
vt 0.779528 0.380952
vt 0.834646 0.269841
vt 0.84252 0.380952
vt 0.80315 0.492063
vt 0.482353 0.362205
vt 0.556863 0.259843
vt 0.482353 0.259843
vt 0.556863 0.362205
vt 0.003922 0.362205
vt 0.082353 0.362205
vt 0.078431 0.259843
vt 0.003922 0.259843
vt 0.003922 0.456693
vt 0.101961 0.456693
vt 0.003922 0.559055
vt 0.098039 0.559055
vt 0.003922 0.661417
vt 0.098039 0.661417
vt 0.396078 0.559055
vt 0.4 0.456693
vt 0.321569 0.456693
vt 0.329412 0.559055
vt 0.243137 0.559055
vt 0.243137 0.456693
vt 0.239216 0.661417
vt 0.329412 0.661417
vt 0.407843 0.362205
vt 0.470588 0.456693
vt 0.309804 0.362205
vt 0.254902 0.362205
vt 0.160784 0.362205
vt 0.168627 0.456693
vt 0.239216 0.76378
vt 0.329412 0.76378
vt 0.396078 0.76378
vt 0.396078 0.661417
vt 0.321569 0.874016
vt 0.396078 0.874016
vt 0.239216 0.874016
vt 0.003922 0.834646
vt 0.05098 0.834646
vt 0.098039 0.76378
vt 0.172549 0.559055
vt 0.172549 0.661417
vt 0.458824 0.661417
vt 0.556863 0.661417
vt 0.556863 0.559055
vt 0.462745 0.559055
vt 0.172549 0.76378
vt 0.098039 0.874016
vt 0.172549 0.874016
vt 0.458824 0.76378
vt 0.509804 0.834646
vt 0.556863 0.834646
vt 0.756863 0.906012
vt 0.760821 0.923635
vt 0.741176 0.911886
vt 0.777608 0.925047
vt 0.776471 0.906012
vt 0.803922 0.906012
vt 0.796078 0.894263
vt 0.807843 0.864892
vt 0.8 0.859018
vt 0.807843 0.829646
vt 0.756863 0.788526
vt 0.717647 0.806149
vt 0.717647 0.788526
vt 0.756863 0.806149
vt 0.733333 0.888389
vt 0.74902 0.888389
vt 0.772549 0.888389
vt 0.784314 0.864892
vt 0.788235 0.829646
vt 0.764706 0.829646
vt 0.768627 0.864892
vt 0.741176 0.829646
vt 0.713726 0.829646
vt 0.717647 0.864892
vt 0.745098 0.864892
vt 0.792157 0.80315
vt 0.721569 0.882515
vt 0.705891 0.906012
vt 0.690197 0.894263
vt 0.694118 0.870766
vt 0.729433 0.906012
vt 0.65098 0.913386
vt 0.666656 0.870766
vt 0.960784 0.400051
vt 0.921429 0.376298
vt 0.952941 0.283465
vt 0.996092 0.319536
vt 0.741204 0.964754
vt 0.788287 0.976503
vt 0.741204 0.994126
vt 0.996092 0.266138
vt 0.631373 0.968504
vt 0.603878 0.888389
vt 0.631343 0.888389
vt 0.592157 0.984252
vt 0.77485 0.662988
vt 0.759844 0.634616
vt 0.789855 0.634316
vt 0.768669 0.712161
vt 0.759844 0.672445
vt 0.666656 0.80586
vt 0.686274 0.835521
vt 0.996078 0.375009
vt 0.996078 0.41136
vt 0.898039 0.259843
vt 0.917647 0.220028
vt 0.890196 0.31604
vt 0.890196 0.364046
vt 0.847059 0.31604
vt 0.654902 0.755906
vt 0.65098 0.850394
vt 0.996078 0.19685
vt 0.591485 0.994126
vt 0.57249 0.976503
vt 0.58426 0.964754
vt 0.796074 0.978525
vt 0.78038 0.936057
vt 0.792151 0.917857
vt 0.803922 0.954258
vt 0.583887 0.906012
vt 0.57249 0.894263
vt 0.631468 0.994126
vt 0.631373 0.823772
vt 0.611726 0.830128
vt 0.619573 0.763392
vt 0.917647 0.676865
vt 0.882353 0.598261
vt 0.921569 0.598261
vt 0.882353 0.676865
vt 0.956863 0.676947
vt 0.956863 0.645505
vt 0.972549 0.645505
vt 0.996078 0.645505
vt 0.996078 0.669086
vt 0.87587 0.700787
vt 0.921008 0.700787
vt 0.892678 0.770904
vt 0.932293 0.905512
vt 0.872109 0.84252
vt 0.905962 0.779528
vt 0.962385 0.874016
vt 0.928531 0.976378
vt 0.868347 0.92126
vt 0.928531 0.952756
vt 0.868347 0.968504
vt 0.960784 0.676865
vt 0.960784 0.58254
vt 0.932293 0.992126
vt 0.854902 0.424054
vt 0.819608 0.376048
vt 0.819608 0.488147
vt 0.819608 0.31604
vt 0.882353 0.424054
vt 0.914846 0.432242
vt 0.954342 0.456218
vt 0.882353 0.488147
vt 0.921569 0.488147
vt 0.996078 0.488147
vt 0.882353 0.511797
vt 0.921569 0.511797
vt 0.677632 0.709558
vt 0.631343 0.723909
vt 0.662484 0.681451
vt 0.68672 0.789196
vt 0.690196 0.724409
vt 0.643137 0.795276
vt 0.568627 0.765029
vt 0.568627 0.829646
vt 0.795857 0.748102
vt 0.783853 0.691359
vt 0.795857 0.681902
vt 0.783853 0.748102
vt 0.313726 0.937008
vt 0.388235 0.937008
vt 0.388235 0.88189
vt 0.313726 0.88189
vt 0.235294 0.88189
vt 0.235294 0.937008
vt 0.235294 0.992126
vt 0.313726 0.992126
vt 0.156863 0.992126
vt 0.156863 0.937008
vt 0.082353 0.88189
vt 0.003922 0.88189
vt 0.082353 0.937008
vt 0.003922 0.937008
vt 0.082353 0.992126
vt 0.003922 0.992126
vt 0.997667 0.697788
vt 0.997074 0.779528
vt 0.859072 0.777997
vt 0.845461 0.697733
vt 0.818612 0.76378
vt 0.094118 0.937008
vt 0.094118 0.992126
vt 0.164706 0.88189
vt 0.239216 0.937008
vt 0.239216 0.88189
vt 0.164706 0.937008
vt 0.239216 0.992126
vt 0.388235 0.992126
vt 0.556863 0.88189
vt 0.466667 0.88189
vt 0.466667 0.937008
vt 0.556863 0.937008
vt 0.466667 0.992126
vt 0.556863 0.992126
vt 0.81824 0.697733
vt 0.960784 0.511797
vt 0.996078 0.511797
vt 0.996078 0.58254
vt 0.709815 0.923635
vt 0.795857 0.65353
vt 0.772592 0.747407
vt 0.760821 0.747407
vt 0.723076 0.714243
vt 0.732164 0.751719
vt 0.713726 0.748031
vt 0.734262 0.76277
vt 0.701868 0.648659
vt 0.752974 0.635796
vt 0.752974 0.665167
vt 0.713987 0.676767
vt 0.752974 0.706287
vt 0.996238 0.858268
vt 0.458824 0.834646
vt 0.098039 0.834646
vt 0.458824 0.874016
vt 0.462745 0.937008
vt 0.462745 0.992126
vt 0.462745 0.88189
vt 0.156863 0.88189
vt 0.556863 0.874016
vt 0.556863 0.76378
vt 0.003922 0.76378
vt 0.003922 0.874016
vt 0.556863 0.456693
vt 0.164706 0.992126
vt 0.094118 0.88189
vt 0.090196 0.362205
vt 0.164706 0.362205
vt 0.129412 0.362205
vt 0.411765 0.362205
vt 0.403922 0.11811
vt 0.447059 0.11811
vt 0.447059 0.236289
vt 0.396078 0.23622
vt 0.207843 0.11811
vt 0.247059 0.11811
vt 0.248158 0.236289
vt 0.209158 0.236289
vt 0.294958 0.236289
vt 0.278431 0.11811
vt 0.313726 0.11811
vt 0.318358 0.236289
vt 0.356863 0.23622
vt 0.360784 0.11811
vt 0.270588 0.023622
vt 0.309804 0.023622
vt 0.356863 0.023622
vt 0.403922 0.023622
vt 0.403922 0.07874
vt 0.247059 0.07874
vt 0.247059 0.023622
vt 0.207843 0.07874
vt 0.207843 0.023622
vt 0.447059 0.023622
vt 0.447059 0.07874
vt 0.807843 0.671041
vt 0.807843 0.635796
vt 0.568627 0.935383
vt 0.576413 0.935383
vt 0.780392 0.988251
vt 0.764723 0.988251
vt 0.745115 0.976503
vt 0.954342 0.488186
vt 0.267658 0.010789
vt 0.310558 0.010789
vt 0.357358 0.010789
vt 0.209158 0.010789
vt 0.248158 0.010789
vt 0.404159 0.010789
vt 0.447059 0.010789
vt 0.157983 0.047244
vt 0.171342 0.08382
vt 0.14721 0.08382
vt 0.142685 0.047498
vt 0.183409 0.047498
vt 0.195798 0.086614
vt 0.2 0.047244
vt 0.15601 0.00279403
vt 0.183193 0
vt 0.740399 0.781748
vt 0.717647 0.779528
vt 0.830732 0.866142
vt 0.819448 0.858268
vt 0.860824 0.858268
vt 0.819325 0.885469
vt 0.819325 0.86955
vt 0.824816 0.86955
vt 0.824317 0.885469
vt 0.845778 0.889764
vt 0.823818 0.951135
vt 0.819325 0.957105
vt 0.819325 0.933226
vt 0.824317 0.931236
vt 0.823903 0.976871
vt 0.819325 0.973024
vt 0.823851 0.964977
vt 0.819608 0.988626
vt 0.824769 0.990933
vt 0.827811 0.951135
vt 0.829174 0.93227
vt 0.831805 0.957105
vt 0.828311 0.977004
vt 0.831805 0.969044
vt 0.830632 0.990933
vt 0.839792 0.895418
vt 0.837296 0.915317
vt 0.838295 0.893428
vt 0.841789 0.933226
vt 0.838794 0.935216
vt 0.842787 0.913327
vt 0.838295 0.971034
vt 0.83845 0.961448
vt 0.839864 0.973588
vt 0.846646 0.573145
vt 0.818782 0.573145
vt 0.818782 0.610443
vt 0.846646 0.61666
vt 0.857874 0.93227
vt 0.861757 0.937206
vt 0.859261 0.953125
vt 0.859261 0.971034
vt 0.862256 0.953125
vt 0.862256 0.971034
vt 0.862256 0.990933
vt 0.858762 0.990933
vt 0.858762 0.87353
vt 0.862756 0.86955
vt 0.862756 0.887459
vt 0.858762 0.891439
vt 0.858762 0.909348
vt 0.860266 0.924132
vt 0.570176 0.635773
vt 0.610678 0.63589
vt 0.611765 0.692913
vt 0.568627 0.692913
vt 0.610678 0.73187
vt 0.570176 0.730229
vt 0.570176 0.773824
vt 0.609902 0.772769
vt 0.863255 0.927256
vt 0.864253 0.937206
vt 0.861757 0.927256
vt 0.860759 0.917307
vt 0.862657 0.920064
vt 0.610678 0.849999
vt 0.570176 0.824685
vt 0.86625 0.929246
vt 0.86625 0.935216
vt 0.864752 0.929246
vt 0.872241 0.925267
vt 0.873738 0.923277
vt 0.873738 0.933226
vt 0.870707 0.936018
vt 0.869744 0.929246
vt 0.868231 0.936018
vt 0.868247 0.929246
vt 0.864253 0.923277
vt 0.863255 0.911337
vt 0.568627 0.635796
vt 0.609872 0.668957
vt 0.568627 0.671041
vt 0.610678 0.749301
vt 0.568627 0.747407
vt 0.871414 0.604227
vt 0.871414 0.647741
vt 0.864752 0.917307
vt 0.869744 0.925267
vt 0.868247 0.925267
vt 0.86625 0.925267
vt 0.85903 0.678823
vt 0.871414 0.678823
vt 0.846646 0.678823
vt 0.86625 0.875519
vt 0.86625 0.86955
vt 0.869717 0.916072
vt 0.872241 0.909348
vt 0.873738 0.917307
vt 0.870743 0.919297
vt 0.868247 0.919297
vt 0.868247 0.915317
vt 0.86625 0.921391
vt 0.868247 0.921287
vt 0.870743 0.921287
vt 0.610678 0.776168
vt 0.611687 0.730229
vt 0.873738 0.907358
vt 0.869744 0.909348
vt 0.868247 0.909348
vt 0.86625 0.909423
vt 0.86625 0.903378
vt 0.868247 0.905368
vt 0.870743 0.905368
vt 0.570176 0.846483
vt 0.610678 0.773712
vt 0.594454 0.849999
vt 0.818782 0.678823
vt 0.82807 0.678823
vt 0.610678 0.637361
vt 0.87342 0.891584
vt 0.873738 0.901388
vt 0.872193 0.894796
vt 0.869717 0.900115
vt 0.869744 0.893428
vt 0.868247 0.893428
vt 0.868231 0.900115
vt 0.86625 0.892136
vt 0.86625 0.899398
vt 0.870707 0.889477
vt 0.868231 0.889477
vt 0.86625 0.887459
vt 0.870743 0.903378
vt 0.868247 0.903378
vt 0.867748 0.86955
vt 0.868247 0.875519
vt 0.869744 0.86955
vt 0.869744 0.875519
vt 0.87342 0.871241
vt 0.871741 0.875519
vt 0.611687 0.635773
vt 0.869832 0.883447
vt 0.868247 0.881489
vt 0.86625 0.881489
vt 0.87342 0.883447
vt 0.870743 0.885469
vt 0.868247 0.885469
vt 0.839792 0.990933
vt 0.838295 0.990933
vt 0.839792 0.86955
vt 0.838295 0.86955
vt 0.842328 0.988626
vt 0.841133 0.974613
vt 0.843468 0.990812
vt 0.845362 0.972573
vt 0.841226 0.895418
vt 0.841133 0.871241
vt 0.843287 0.893428
vt 0.843287 0.86955
vt 0.843287 0.961085
vt 0.854269 0.990933
vt 0.854269 0.973024
vt 0.854269 0.961085
vt 0.853271 0.933226
vt 0.85377 0.911337
vt 0.853271 0.891439
vt 0.854269 0.86955
vt 0.830807 0.86955
vt 0.829808 0.883479
vt 0.823318 0.903378
vt 0.828311 0.899398
vt 0.828311 0.965064
vt 0.84778 0.931236
vt 0.848279 0.913327
vt 0.74902 0.944882
vt 0.709815 0.953006
vt 0.709804 0.992126
vt 0.74902 0.992126
vt 0.678431 0.929134
vt 0.784363 0.929509
vt 0.741204 0.929509
vt 0.65098 0.992126
vt 0.678431 0.952756
vt 0.592157 0.976378
vt 0.572365 0.976503
vt 0.59136 0.994126
vt 0.784285 0.930183
vt 0.799979 0.972651
vt 0.807826 0.948383
vt 0.796055 0.911982
vt 0.583762 0.906012
vt 0.572365 0.894263
vt 0.631343 0.994126
vt 0.772549 0.988251
vt 0.760743 0.990852
vt 0.752896 0.978718
vt 0.607843 0.765029
vt 0.807843 0.747407
vt 0.788235 0.982377
vt 0.709815 0.988251
vt 0.849776 0.973024
vt 0.849277 0.990933
vt 0.848778 0.961085
vt 0.848279 0.891439
vt 0.849277 0.86955
vt 0.848279 0.947155
vt 0.841789 0.945165
vt 0.85377 0.945165
vt 0.819608 0.883447
vt 0.823982 0.885191
vt 0.824391 0.871241
vt 0.819608 0.871241
vt 0.819608 0.93227
vt 0.819608 0.956681
vt 0.824391 0.952612
vt 0.823982 0.931236
vt 0.819608 0.972955
vt 0.824391 0.977024
vt 0.824391 0.964818
vt 0.819608 0.989229
vt 0.824391 0.989229
vt 0.829551 0.933238
vt 0.827526 0.951256
vt 0.831577 0.957262
vt 0.831577 0.969274
vt 0.828032 0.977282
vt 0.83037 0.989229
vt 0.837146 0.91522
vt 0.839678 0.895201
vt 0.838159 0.893199
vt 0.828099 0.899898
vt 0.828099 0.916685
vt 0.834108 0.923228
vt 0.838665 0.93524
vt 0.835121 0.941246
vt 0.835121 0.957262
vt 0.838159 0.961266
vt 0.835121 0.973278
vt 0.838159 0.971276
vt 0.842328 0.93227
vt 0.842716 0.913218
vt 0.839751 0.973846
vt 0.838741 0.989229
vt 0.839937 0.989229
vt 0.833958 0.871241
vt 0.83037 0.871241
vt 0.834108 0.883189
vt 0.83037 0.883447
vt 0.833958 0.989229
vt 0.839937 0.871241
vt 0.838741 0.871241
vt 0.842328 0.989229
vt 0.841598 0.974239
vt 0.841703 0.895201
vt 0.843222 0.961266
vt 0.845328 0.972824
vt 0.843222 0.893199
vt 0.822969 0.903209
vt 0.828032 0.96527
vt 0.784314 0.614173
vt 0.784314 0.527559
vt 0.807843 0.614173
vt 0.807843 0.527559
vt 0.660366 0.452002
vt 0.701485 0.446138
vt 0.701485 0.522366
vt 0.660366 0.528229
vt 0.745889 0.616184
vt 0.701699 0.616184
vt 0.745541 0.528229
vt 0.739667 0.440275
vt 0.635294 0.527559
vt 0.635294 0.448819
vt 0.615686 0.448819
vt 0.615686 0.527559
vt 0.635294 0.614173
vt 0.615686 0.614173
vt 0.807843 0.440945
vt 0.784314 0.440945
vt 0.763163 0.528229
vt 0.763163 0.616184
vt 0.763163 0.440275
vt 0.842328 0.944475
vt 0.803981 0.947132
vt 0.861957 0.937242
vt 0.859425 0.953258
vt 0.862463 0.953258
vt 0.859425 0.971276
vt 0.862463 0.971276
vt 0.85907 0.989229
vt 0.862657 0.989229
vt 0.85907 0.87531
vt 0.858919 0.891197
vt 0.86297 0.887193
vt 0.862657 0.871241
vt 0.858919 0.909214
vt 0.860741 0.924146
vt 0.862657 0.928201
vt 0.860266 0.928201
vt 0.863853 0.936338
vt 0.860266 0.915995
vt 0.862463 0.919224
vt 0.866514 0.93524
vt 0.866514 0.929234
vt 0.864995 0.929234
vt 0.87342 0.924132
vt 0.87259 0.92523
vt 0.87342 0.93227
vt 0.870058 0.929234
vt 0.871035 0.936047
vt 0.868523 0.936047
vt 0.868539 0.929234
vt 0.863853 0.924132
vt 0.862657 0.911927
vt 0.864995 0.917222
vt 0.870058 0.92523
vt 0.868539 0.92523
vt 0.866514 0.92523
vt 0.866514 0.875181
vt 0.866245 0.871241
vt 0.87259 0.913218
vt 0.87003 0.91598
vt 0.871071 0.919224
vt 0.87342 0.915995
vt 0.868539 0.919224
vt 0.868539 0.91522
vt 0.866514 0.921331
vt 0.868539 0.921226
vt 0.871071 0.921226
vt 0.87342 0.907858
vt 0.870058 0.909214
vt 0.868539 0.909214
vt 0.866514 0.90929
vt 0.866514 0.903209
vt 0.868539 0.905211
vt 0.871071 0.905211
vt 0.87342 0.899721
vt 0.872542 0.899926
vt 0.87003 0.899926
vt 0.870058 0.893199
vt 0.868539 0.893199
vt 0.868523 0.899926
vt 0.866514 0.891899
vt 0.866514 0.899205
vt 0.871035 0.889223
vt 0.868523 0.889223
vt 0.866514 0.887193
vt 0.871071 0.903209
vt 0.868539 0.903209
vt 0.86744 0.871241
vt 0.868539 0.875181
vt 0.870058 0.875181
vt 0.869832 0.871241
vt 0.872084 0.875181
vt 0.870058 0.881187
vt 0.868539 0.881187
vt 0.866514 0.881187
vt 0.871071 0.885191
vt 0.868539 0.885191
vt 0.660366 0.35232
vt 0.701058 0.353868
vt 0.748478 0.35232
vt 0.784314 0.354331
vt 0.807843 0.354331
vt 0.635294 0.354331
vt 0.615686 0.354331
vt 0.956863 0.280036
vt 0.894118 0.256033
vt 0.015686 0.133858
vt 0.05098 0.15748
vt 0.015686 0.15748
vt 0.05098 0.133858
vt 0.070588 0.133858
vt 0.070588 0.15748
vt 0.039216 0.133858
vt 0.070588 0.00787401
vt 0.003922 0.110236
vt 0.070588 0.110236
vt 0.019608 0.00787401
vt 0.039216 0.00787401
vt 0.003922 0.00787401
vt 0.039216 0.110236
vt 0.023529 0.188976
vt 0.070588 0.23622
vt 0.027451 0.23622
vt 0.070588 0.188976
vt 0.023529 0.15748
vt 0.023529 0.133858
vt 0.054902 0.188976
vt 0.054902 0.23622
vt 0.047059 0.149606
vt 0.003922 0.149606
vt 0.047059 0.133858
vt 0.003922 0.133858
vt 0.071243 0.237221
vt 0.058824 0.23622
vt 0.058824 0.15748
vt 0.023529 0.23622
vt 0.058824 0.149606
vt 0.023529 0.149606
vt 0.003922 0.23622
vt 0.05098 0.188976
vt 0.003922 0.188976
vt 0.038457 0.23622
vt 0.038457 0.181102
vt 0.072106 0.23622
vt 0.072106 0.181102
vt 0.002404 0.181102
vt 0.002404 0.23622
vt 0.015686 0.212598
vt 0.015686 0.23622
vt 0.05098 0.23622
vt 0.05098 0.212598
vt 0.054902 0.133858
vt 0.054902 0.15748
vt 0.015686 0.19685
vt 0.058824 0.19685
vt 0.070588 0.062992
vt 0.002405 0.065276
vt 0.003922 0.19685
vt 0.003922 0.15748
vt 0.035294 0.00787401
vt 0.035294 0.110236
vt 0.035294 0.23622
vt 0.035294 0.15748
vt 0.035294 0.133858
vt 0.058824 0.133858
vt 0.031373 0.00787401
vt 0.070588 0.156452
vt 0.015686 0.181102
vt 0.019608 0.181102
vt 0.019608 0.23622
vt 0.05098 0.181102
vt 0.003922 0.181102
vt 0.011765 0.133858
vt 0.011765 0.062992
vt 0.058824 0.062992
vt 0.070588 0.181102
vt 0.023529 0.031496
vt 0.015686 0.149606
vt 0.00429 0.175552
vt 0.027451 0.00787401
vt 0.070588 0.055118
vt 0.058824 0.181102
vt 0.015686 0.188976
vt 0.011765 0.23622
vt 0.066667 0.133858
vt 0.047059 0.23622
vt 0.003922 0.173228
vt 0.019608 0.133858
vt 0.029712 0.244051
vt 0.014282 0.125984
vt 0.047024 0.156532
vt 0.060539 0.216365
vt 0.003922 0.062992
vt 0.015686 0.00787401
vt 0.070588 0.070866
vt 0.003922 0.156452
vt 0.106564 0.112975
vt 0.114237 0.005135
vt 0.134697 0.112975
vt 0.082353 0.07874
vt 0.080989 0.005135
vt 0.134697 0.005135
vt 0.333333 0.11811
vt 0.376471 0.11811
vt 0.329412 0.23622
vt 0.396359 0.236289
vt 0.282353 0.11811
vt 0.298039 0.23622
vt 0.244258 0.236289
vt 0.25098 0.11811
vt 0.209157 0.236289
vt 0.427559 0.236289
vt 0.411765 0.11811
vt 0.239216 0.023622
vt 0.407843 0.023622
vt 0.376471 0.07874
vt 0.376471 0.023622
vt 0.278431 0.07874
vt 0.278431 0.023622
vt 0.333333 0.07874
vt 0.333333 0.023622
vt 0.240358 0.010789
vt 0.209157 0.010789
vt 0.411959 0.010789
vt 0.27451 0.00787401
vt 0.333958 0.010789
vt 0.384658 0.010789
vt 0.631687 0.19685
vt 0.650318 0.194286
vt 0.650318 0.258483
vt 0.623687 0.259841
vt 0.676292 0.194286
vt 0.676292 0.258483
vt 0.713726 0.19685
vt 0.702266 0.258483
vt 0.733333 0.188976
vt 0.72549 0.259843
vt 0.752941 0.19685
vt 0.74902 0.259843
vt 0.780418 0.19308
vt 0.784314 0.259843
vt 0.726144 0.211693
vt 0.743638 0.236142
vt 0.700681 0.219718
vt 0.73275 0.311776
vt 0.74921 0.275238
vt 0.693265 0.310411
vt 0.674346 0.274819
vt 0.679302 0.226865
vt 0.806429 0.259841
vt 0.806429 0.29921
vt 0.779699 0.29921
vt 0.710925 0.298607
vt 0.676292 0.298607
vt 0.741176 0.299213
vt 0.741176 0.330709
vt 0.710925 0.330705
vt 0.784314 0.330709
vt 0.645989 0.298607
vt 0.615686 0.29921
vt 0.64166 0.330705
vt 0.615686 0.330705
vt 0.806429 0.330705
vt 0.671963 0.330705
vt 0.806429 0.19685
vt 0.615686 0.19685
vt 0.772826 0.259843
vt 0.743119 0.195644
vt 0.764339 0.195644
vt 0.743119 0.259843
vt 0.717657 0.195644
vt 0.717657 0.259843
vt 0.696438 0.195644
vt 0.692194 0.259843
vt 0.670461 0.19618
vt 0.670461 0.258847
vt 0.640583 0.19618
vt 0.640583 0.258847
vt 0.614974 0.19618
vt 0.614974 0.258847
vt 0.700778 0.217728
vt 0.721901 0.211693
vt 0.694006 0.309207
vt 0.686795 0.235586
vt 0.680166 0.273269
vt 0.726856 0.310043
vt 0.74244 0.276973
vt 0.740641 0.229637
vt 0.806777 0.259843
vt 0.772826 0.299967
vt 0.806777 0.299967
vt 0.683706 0.299967
vt 0.717657 0.299967
vt 0.641268 0.299967
vt 0.683706 0.332066
vt 0.641268 0.332066
vt 0.615805 0.299967
vt 0.614974 0.331959
vt 0.747363 0.299967
vt 0.751607 0.332066
vt 0.77707 0.332066
vt 0.807046 0.331959
vt 0.721901 0.332066
vt 0.785558 0.195644
vt 0.807046 0.19618
vt 0.808235 0.175169
vt 0.784286 0.105065
vt 0.808235 0.029119
vt 0.784286 0.175169
vt 0.483365 0.188976
vt 0.511828 0.188976
vt 0.511828 0.133858
vt 0.483365 0.133858
vt 0.604967 0.393516
vt 0.567582 0.377318
vt 0.604967 0.291339
vt 0.567582 0.299213
vt 0.579085 0.259843
vt 0.593464 0.259843
vt 0.604967 0.488408
vt 0.567582 0.488739
vt 0.568627 0.566929
vt 0.604967 0.574803
vt 0.567582 0.59045
vt 0.604967 0.598425
vt 0.587712 0.614173
vt 0.4568 0.188976
vt 0.4568 0.133858
vt 0.511828 0.19685
vt 0.63717 0.175352
vt 0.631308 0.094488
vt 0.613221 0.175352
vt 0.620064 0.046645
vt 0.661119 0.029119
vt 0.662692 0.07874
vt 0.664541 0.175169
vt 0.695332 0.029119
vt 0.691911 0.105065
vt 0.74323 0.029119
vt 0.695332 0.00575101
vt 0.74323 0.00575101
vt 0.745034 0.066984
vt 0.74323 0.157643
vt 0.784224 0.080399
vt 0.784224 0.026739
vt 0.784224 0.066984
vt 0.74323 0.175169
vt 0.74323 0.128433
vt 0.613221 0.099223
vt 0.63717 0.105065
vt 0.664541 0.105065
vt 0.664541 0.064171
vt 0.630328 0.035143
vt 0.745143 0.067075
vt 0.784286 0.029119
vt 0.736388 0.029119
vt 0.4568 0.19685
vt 0.691911 0.052487
vt 0.745143 0.00670701
vt 0.691911 0.175169
vt 0.698754 0.052487
vt 0.74323 0.105065
vt 0.698754 0.105065
vt 0.698754 0.175169
vt 0.082353 0.133858
vt 0.109804 0.188976
vt 0.082353 0.188976
vt 0.109804 0.15748
vt 0.133333 0.188976
vt 0.133333 0.133858
vt 0.082353 0.149606
vt 0.105882 0.188976
vt 0.105882 0.149606
vt 0.133333 0.149606
vt 0.082353 0.23622
vt 0.113725 0.204724
vt 0.133333 0.23622
vt 0.567582 0.567484
vt 0.632803 0.094397
vt 0.745143 0.060367
vt 0.745143 0.02683
vt 0.080989 0.082164
vt 0.576471 0.110236
vt 0.586405 0.010737
vt 0.596601 0.010737
vt 0.576209 0.010737
vt 0.562614 0.010737
vt 0.552418 0.010737
vt 0.67451 0.614173
vt 0.660455 0.616184
vt 0.84472 0.989229
vt 0.84472 0.981092
vt 0.647875 0.615178
vt 0.843373 0.88222
vt 0.843524 0.871241
vt 0.996078 0.094488
vt 0.956863 0.102362
vt 0.94902 0.19685
vt 0.909804 0.11811
vt 0.945098 0.00787401
vt 0.972549 0.00787401
vt 0.917647 0.00787401
vt 0.169589 0.099314
vt 0.145098 0.173228
vt 0.168627 0.173228
vt 0.152941 0.102362
vt 0.156863 0.23622
vt 0.169589 0.239268
vt 0.196078 0.173228
vt 0.188235 0.23622
vt 0.188235 0.102362
vt 0.171587 0.239268
vt 0.172549 0.173228
vt 0.184314 0.102362
vt 0.171587 0.099314
vt 0.152941 0.23622
vt 0.547868 0.238542
vt 0.546151 0.182478
vt 0.572207 0.181978
vt 0.522035 0.181871
vt 0.547869 0.130937
vt 0.548407 0.179698
vt 0.573069 0.180844
vt 0.521615 0.180818
vt 0.572549 0.181102
vt 0.545098 0.133858
vt 0.521569 0.181102
vt 0.541176 0.23622
vt 0.537255 0.212598
vt 0.556863 0.19685
vt 0.556863 0.212598
vt 0.537255 0.19685
vt 0.537255 0.149606
vt 0.556863 0.165354
vt 0.537255 0.165354
vt 0.556863 0.149606
vt 0.54902 0.133858
vt 0.54902 0.23622
vt 0.556863 0.181102
vt 0.537255 0.181102
vt 0.529412 0.141732
vt 0.52549 0.228346
vt 0.525094 0.231245
vt 0.952941 0.19685
vt 0.952941 0.102362
vt 0.592157 0.212598
vt 0.584314 0.19685
vt 0.592157 0.19685
vt 0.584314 0.23622
vt 0.596078 0.23622
vt 0.603922 0.23622
vt 0.603922 0.19685
vt 0.596078 0.212598
vt 0.596078 0.19685
vt 0.592157 0.23622
vt 0.501961 0.086614
vt 0.505882 0.055118
vt 0.521569 0.055118
vt 0.521569 0.07874
vt 0.533333 0.055118
vt 0.541176 0.070866
vt 0.505949 0.012712
vt 0.484141 0.020196
vt 0.490212 0.00787401
vt 0.470588 0.031496
vt 0.482353 0.062992
vt 0.474865 0.098303
vt 0.463183 0.065311
vt 0.458824 0.031496
vt 0.513726 0.110236
vt 0.490196 0.031496
vt 0.466667 0.055118
vt 0.501961 0.00787401
vt 0.517647 0.015748
vt 0.47032 0.00787401
vt 0.537255 0.094488
vt 0.541176 0.055118
vt 0.505882 0.015748
vt 0.482353 0.023622
vt 0.490196 0.00787401
vt 0.47451 0.094488
vt 0.462745 0.062992
vt 0.519592 0.012655
vt 0.470588 0.00787401


usemtl obelix01

f 249/146/377 250/147/378 251/148/379
f 249/146/377 252/149/380 250/147/378
f 253/150/381 254/151/382 251/152/383
f 250/153/384 253/150/381 251/152/383
f 255/154/385 256/155/386 254/151/382
f 254/151/382 253/150/381 255/154/385
f 257/156/387 258/157/388 256/155/386
f 256/155/386 255/154/385 257/156/387
f 259/158/389 260/159/390 258/157/388
f 258/157/388 257/156/387 259/158/389
f 261/160/391 262/161/392 263/162/393
f 263/162/393 264/163/394 261/160/391
f 265/164/395 264/163/394 263/162/393
f 263/162/393 266/165/396 265/164/395
f 264/163/394 267/166/397 268/167/398
f 264/163/394 265/164/395 267/166/397
f 269/168/399 262/161/392 270/169/400
f 270/169/400 249/146/377 269/168/399
f 263/162/393 262/161/392 269/168/399
f 269/168/399 271/170/401 263/162/393
f 271/170/401 272/171/402 266/165/396
f 266/165/396 263/162/393 271/170/401
f 273/172/403 274/173/404 272/171/402
f 266/165/396 272/171/402 274/173/404
f 273/172/403 251/152/383 254/151/382
f 254/151/382 256/155/386 273/172/403
f 273/172/403 256/155/386 274/173/404
f 268/167/398 275/174/405 276/175/406
f 268/167/398 267/166/397 275/174/405
f 277/176/407 278/177/408 268/167/398
f 268/167/398 276/175/406 277/176/407
f 278/177/408 261/160/391 264/163/394
f 268/167/398 278/177/408 264/163/394
f 28/178/409 30/179/410 277/176/407
f 277/176/407 276/175/406 28/178/409
f 275/174/405 25/180/411 28/178/409
f 28/178/409 276/175/406 275/174/405
f 9/181/412 8/182/413 279/183/414
f 280/184/415 281/159/416 282/185/417
f 281/159/416 280/184/415 283/157/418
f 284/186/419 259/187/420 257/188/421
f 257/188/421 285/189/422 284/186/419
f 286/166/423 287/167/424 288/163/425
f 288/163/425 289/164/426 286/166/423
f 287/167/424 286/166/423 290/174/427
f 290/174/427 291/175/428 287/167/424
f 292/183/429 293/190/430 282/185/417
f 282/185/417 281/159/416 292/183/429
f 293/190/430 290/174/427 286/166/423
f 286/166/423 282/185/417 293/190/430
f 282/185/417 286/166/423 289/164/426
f 289/164/426 280/184/415 282/185/417
f 293/190/430 292/183/429 198/191/431
f 293/190/430 198/191/431 196/192/432
f 290/174/427 293/190/430 196/192/432
f 196/192/432 194/180/433 290/174/427
f 194/180/433 192/178/434 291/175/428
f 291/175/428 290/174/427 194/180/433
f 294/193/435 177/194/436 9/195/437
f 295/196/438 296/197/439 297/198/440
f 295/196/438 298/199/441 296/197/439
f 298/199/441 295/196/438 299/200/442
f 299/200/442 300/201/443 298/199/441
f 300/201/443 299/200/442 301/202/444
f 301/202/444 302/203/445 300/201/443
f 302/203/445 301/202/444 303/204/446
f 304/205/447 302/203/445 303/204/446
f 305/206/448 306/207/449 307/208/450
f 305/206/448 308/209/451 306/207/449
f 309/210/452 310/211/453 295/196/438
f 295/196/438 297/198/440 309/210/452
f 310/211/453 311/212/454 299/200/442
f 299/200/442 295/196/438 310/211/453
f 311/212/454 301/202/444 299/200/442
f 311/212/454 312/213/455 301/202/444
f 312/213/455 303/204/446 301/202/444
f 303/204/446 312/213/455 313/214/456
f 312/213/455 314/215/457 313/214/456
f 314/215/457 312/213/455 315/216/458
f 308/209/451 314/215/457 316/217/459
f 316/217/459 306/207/449 308/209/451
f 317/218/460 306/207/449 316/217/459
f 318/219/461 319/220/462 310/211/453
f 310/211/453 309/210/452 318/219/461
f 317/218/460 316/217/459 319/220/462
f 319/220/462 318/219/461 317/218/460
f 319/220/462 315/216/458 311/212/454
f 311/212/454 310/211/453 319/220/462
f 316/217/459 314/215/457 315/216/458
f 315/216/458 319/220/462 316/217/459
f 315/216/458 312/213/455 311/212/454
f 308/209/451 305/206/448 320/221/463
f 308/209/451 320/221/463 313/214/456
f 313/214/456 314/215/457 308/209/451
f 321/222/464 322/223/465 323/224/466
f 323/224/466 324/225/467 321/222/464
f 321/222/464 309/210/452 297/198/440
f 297/198/440 325/226/468 321/222/464
f 323/224/466 326/227/469 327/228/470
f 327/228/470 324/225/467 323/224/466
f 318/219/461 309/210/452 321/222/464
f 328/229/471 329/230/472 330/231/473
f 330/231/473 326/232/474 328/229/471
f 331/233/475 332/234/476 333/235/477
f 330/231/473 327/236/478 326/232/474
f 334/237/479 335/238/480 336/239/481
f 335/238/480 334/237/479 337/240/482
f 338/241/483 339/242/484 340/243/485
f 338/241/483 341/244/486 339/242/484
f 339/242/484 341/244/486 342/245/487
f 343/246/488 344/247/489 327/228/470
f 326/232/474 345/248/490 328/229/471
f 345/248/490 331/249/491 328/229/471
f 346/250/492 334/251/493 330/231/473
f 347/252/494 346/250/492 330/231/473
f 347/252/494 348/253/495 349/254/496
f 350/255/497 343/246/488 334/256/498
f 327/236/478 330/231/473 343/257/499
f 351/258/500 352/259/501 353/260/502
f 353/260/502 337/240/482 351/258/500
f 354/261/503 355/262/504 336/263/505
f 336/263/505 335/264/506 354/261/503
f 335/238/480 356/265/507 354/266/508
f 337/240/482 334/237/479 346/267/509
f 346/267/509 351/258/500 337/240/482
f 355/268/510 357/269/511 358/270/512
f 359/271/513 360/272/514 361/273/515
f 360/272/514 359/271/513 362/274/516
f 363/275/517 362/276/518 359/277/519
f 359/277/519 364/278/520 365/279/521
f 365/279/521 363/275/517 359/277/519
f 366/280/522 367/281/523 368/282/524
f 369/283/525 370/284/526 371/285/527
f 371/285/527 372/286/528 369/283/525
f 358/287/529 373/288/530 374/289/531
f 358/287/529 365/290/532 373/288/530
f 364/291/533 359/271/513 361/273/515
f 375/292/534 364/291/533 361/273/515
f 365/290/532 358/287/529 363/293/535
f 373/288/530 369/283/525 374/289/531
f 369/283/525 373/288/530 370/284/526
f 349/254/496 376/294/536 377/295/537
f 377/295/537 376/294/536 378/296/538
f 377/295/537 379/297/539 349/254/496
f 376/294/536 349/254/496 348/253/495
f 348/253/495 380/298/540 376/294/536
f 380/298/540 348/253/495 329/230/472
f 329/230/472 381/299/541 380/298/540
f 329/230/472 328/229/471 381/299/541
f 382/300/542 381/299/541 328/229/471
f 383/301/543 380/298/540 381/299/541
f 381/299/541 384/302/544 383/301/543
f 380/298/540 383/301/543 378/296/538
f 378/296/538 376/294/536 380/298/540
f 382/300/542 328/229/471 331/249/491
f 331/249/491 333/303/545 382/300/542
f 371/285/527 368/282/524 367/281/523
f 361/273/515 360/272/514 385/304/546
f 385/304/546 386/305/547 361/273/515
f 387/306/548 350/255/497 374/307/549
f 374/307/549 369/308/550 387/306/548
f 343/246/488 350/255/497 388/309/551
f 388/309/551 350/255/497 389/310/552
f 336/311/553 374/307/549 350/255/497
f 374/307/549 336/311/553 358/270/512
f 363/312/554 357/269/511 390/313/555
f 363/312/554 358/270/512 357/269/511
f 391/314/556 392/315/557 393/316/558
f 391/314/556 394/317/559 392/315/557
f 395/318/560 396/319/561 17/320/562
f 15/321/563 395/318/560 17/320/562
f 15/321/563 12/322/564 395/318/560
f 395/318/560 12/322/564 397/323/565
f 395/318/560 397/323/565 398/324/566
f 395/318/560 398/324/566 399/325/567
f 398/324/566 397/323/565 366/326/568
f 366/326/568 397/323/565 400/327/569
f 3/328/570 2/329/571 401/330/572
f 401/330/572 2/329/571 402/331/573
f 401/330/572 402/331/573 367/332/574
f 367/332/574 402/331/573 403/333/575
f 403/334/576 404/335/577 371/285/527
f 371/285/527 367/281/523 403/334/576
f 360/272/514 405/271/578 406/273/579
f 405/271/578 360/272/514 362/274/516
f 362/276/518 363/275/517 405/277/580
f 405/277/580 363/275/517 407/279/581
f 407/279/581 408/278/582 405/277/580
f 409/336/583 410/337/584 411/338/585
f 409/336/583 412/280/586 410/337/584
f 413/283/587 414/284/588 415/288/589
f 413/283/587 415/288/589 416/289/590
f 406/273/579 405/271/578 408/291/591
f 408/291/591 417/292/592 406/273/579
f 413/283/587 418/286/593 419/285/594
f 419/285/594 414/284/588 413/283/587
f 407/290/595 420/287/596 416/289/590
f 416/289/590 415/288/589 407/290/595
f 419/285/594 404/335/577 403/334/576
f 403/334/576 421/281/597 419/285/594
f 412/280/586 409/336/583 422/282/598
f 423/305/599 385/304/546 406/273/579
f 406/273/579 385/304/546 360/272/514
f 363/293/535 420/287/596 407/290/595
f 424/339/600 425/331/601 385/333/602
f 424/339/600 385/333/602 423/340/603
f 185/341/604 426/342/605 183/343/606
f 427/344/607 426/342/605 185/341/604
f 426/342/605 428/318/608 183/343/606
f 428/318/608 179/321/609 183/343/606
f 428/318/608 426/342/605 410/325/610
f 410/325/610 426/342/605 429/345/611
f 428/318/608 410/325/610 412/346/612
f 430/319/613 428/318/608 412/346/612
f 2/347/614 174/348/615 431/349/616
f 2/347/614 431/349/616 402/350/617
f 402/350/617 431/349/616 421/351/618
f 402/350/617 421/351/618 403/352/619
f 411/338/585 410/337/584 429/353/620
f 414/284/588 422/282/598 409/336/583
f 419/285/594 422/282/598 414/284/588
f 324/225/467 327/228/470 344/247/489
f 344/247/489 318/219/461 324/225/467
f 317/218/460 318/219/461 344/247/489
f 388/309/551 317/218/460 344/247/489
f 344/247/489 343/246/488 388/309/551
f 321/222/464 324/225/467 318/219/461
f 423/305/599 406/273/579 417/292/592
f 432/354/621 423/305/599 417/292/592
f 429/355/622 417/292/592 411/356/623
f 417/292/592 429/355/622 432/354/621
f 433/338/624 398/337/625 434/336/626
f 398/337/625 366/280/522 434/336/626
f 398/337/625 433/338/624 399/353/627
f 375/292/534 399/355/628 433/356/629
f 375/292/534 435/354/630 399/355/628
f 375/292/534 361/273/515 386/305/547
f 435/354/630 375/292/534 386/305/547
f 399/325/567 435/346/631 396/319/561
f 396/319/561 395/318/560 399/325/567
f 436/357/632 322/223/465 321/222/464
f 321/222/464 325/226/468 436/357/632
f 303/204/446 313/214/456 304/205/447
f 320/221/463 304/205/447 313/214/456
f 393/316/558 392/315/557 437/358/633
f 392/315/557 338/241/483 437/358/633
f 392/315/557 341/244/486 338/241/483
f 438/359/634 341/244/486 392/315/557
f 438/359/634 392/315/557 394/317/559
f 439/360/635 342/245/487 341/244/486
f 438/359/634 439/360/635 341/244/486
f 440/361/636 438/362/637 441/363/638
f 440/361/636 441/363/638 389/310/552
f 387/306/548 389/310/552 350/255/497
f 441/363/638 438/362/637 394/364/639
f 389/310/552 441/363/638 388/309/551
f 372/365/640 442/366/641 443/367/642
f 443/367/642 444/368/643 372/365/640
f 372/365/640 444/368/643 387/306/548
f 387/306/548 369/308/550 372/365/640
f 444/368/643 440/361/636 389/310/552
f 389/310/552 387/306/548 444/368/643
f 440/361/636 444/368/643 443/367/642
f 445/369/644 440/361/636 443/367/642
f 440/361/636 445/369/644 439/360/635
f 439/360/635 438/362/637 440/361/636
f 418/286/593 442/370/645 404/335/577
f 404/335/577 419/285/594 418/286/593
f 404/335/577 442/370/645 372/286/528
f 372/286/528 371/285/527 404/335/577
f 439/360/635 445/369/644 446/361/646
f 446/361/646 447/362/647 439/360/635
f 448/176/648 291/175/428 192/178/434
f 192/178/434 189/179/649 448/176/648
f 294/193/435 448/176/648 189/179/649
f 189/179/649 178/371/650 294/193/435
f 448/176/648 294/193/435 284/186/419
f 284/186/419 449/177/651 448/176/648
f 291/175/428 448/176/648 449/177/651
f 449/177/651 287/167/424 291/175/428
f 450/160/652 288/163/425 287/167/424
f 287/167/424 449/177/651 450/160/652
f 285/189/422 450/160/652 449/177/651
f 449/177/651 284/186/419 285/189/422
f 266/165/396 274/173/404 451/184/653
f 451/184/653 265/164/395 266/165/396
f 258/157/388 451/184/653 274/173/404
f 274/173/404 256/155/386 258/157/388
f 451/184/653 258/157/388 260/159/390
f 260/159/390 452/185/654 451/184/653
f 452/185/654 267/166/397 265/164/395
f 265/164/395 451/184/653 452/185/654
f 279/183/414 453/190/655 452/185/654
f 452/185/654 260/159/390 279/183/414
f 453/190/655 275/174/405 267/166/397
f 267/166/397 452/185/654 453/190/655
f 279/183/414 7/372/656 26/192/657
f 26/192/657 453/190/655 279/183/414
f 25/180/411 275/174/405 453/190/655
f 453/190/655 26/192/657 25/180/411
f 454/193/658 277/176/407 30/179/410
f 30/179/410 32/373/659 454/193/658
f 454/193/658 455/186/660 278/177/408
f 278/177/408 277/176/407 454/193/658
f 261/160/391 278/177/408 455/186/660
f 455/186/660 456/189/661 261/160/391
f 261/160/391 456/189/661 262/161/392
f 456/189/661 270/169/400 262/161/392
f 179/321/609 428/318/608 180/320/662
f 428/318/608 430/319/613 180/320/662
f 430/319/613 431/349/616 174/348/615
f 174/348/615 180/320/662 430/319/613
f 412/346/612 421/351/618 430/319/613
f 431/349/616 430/319/613 421/351/618
f 457/374/663 386/375/664 385/352/665
f 385/352/665 425/350/666 457/374/663
f 396/319/561 435/346/631 386/375/664
f 386/375/664 457/374/663 396/319/561
f 457/374/663 425/350/666 19/376/667
f 21/347/668 19/376/667 425/350/666
f 19/376/667 17/320/562 396/319/561
f 396/319/561 457/374/663 19/376/667
f 400/327/569 397/323/565 12/322/564
f 11/377/669 400/327/569 12/322/564
f 3/328/570 401/330/572 400/327/569
f 400/327/569 11/377/669 3/328/570
f 401/330/572 367/332/574 366/326/568
f 366/326/568 400/327/569 401/330/572
f 454/193/658 32/373/659 34/378/670
f 34/378/670 458/379/671 454/193/658
f 292/183/429 458/380/672 34/381/673
f 34/381/673 198/191/431 292/183/429
f 454/193/658 458/379/671 459/187/674
f 459/187/674 455/186/660 454/193/658
f 281/159/416 459/158/675 458/380/672
f 458/380/672 292/183/429 281/159/416
f 460/188/676 456/189/661 455/186/660
f 455/186/660 459/187/674 460/188/676
f 283/157/418 460/156/677 459/158/675
f 459/158/675 281/159/416 283/157/418
f 456/189/661 460/188/676 461/382/678
f 461/382/678 270/169/400 456/189/661
f 270/169/400 461/382/678 252/149/380
f 252/149/380 249/146/377 270/169/400
f 432/383/679 427/344/607 424/339/600
f 424/339/600 423/340/603 432/383/679
f 429/345/611 426/342/605 427/344/607
f 427/344/607 432/383/679 429/345/611
f 185/341/604 187/384/680 424/339/600
f 424/339/600 427/344/607 185/341/604
f 425/331/601 424/339/600 187/384/680
f 187/384/680 21/329/681 425/331/601
f 462/152/682 250/153/384 463/385/683
f 250/153/384 252/150/684 463/385/683
f 464/146/685 253/149/686 250/147/378
f 250/147/378 462/148/687 464/146/685
f 253/149/686 464/146/685 465/169/688
f 465/169/688 255/382/689 253/149/686
f 255/382/689 465/169/688 285/189/422
f 285/189/422 257/188/421 255/382/689
f 466/165/690 467/173/691 280/184/415
f 280/184/415 289/164/426 466/165/690
f 468/162/692 466/165/690 289/164/426
f 289/164/426 288/163/425 468/162/692
f 469/155/693 467/173/691 470/386/694
f 470/386/694 463/387/695 469/155/693
f 470/386/694 467/173/691 466/165/690
f 466/165/690 471/171/696 470/386/694
f 468/162/692 472/170/697 471/171/696
f 471/171/696 466/165/690 468/162/692
f 472/170/697 473/161/698 474/388/699
f 473/161/698 472/170/697 468/162/692
f 464/146/685 462/148/687 474/388/699
f 474/388/699 465/169/688 464/146/685
f 473/161/698 465/169/688 474/388/699
f 475/389/700 476/390/701 474/391/702
f 474/391/702 462/392/703 475/389/700
f 476/393/704 477/394/705 472/395/706
f 472/395/706 474/396/707 476/393/704
f 471/397/708 472/395/706 477/394/705
f 477/394/705 478/398/709 471/397/708
f 478/398/709 479/399/710 470/400/711
f 470/400/711 471/397/708 478/398/709
f 463/401/712 470/400/711 479/399/710
f 479/399/710 480/402/713 463/401/712
f 462/392/703 463/401/712 480/402/713
f 480/402/713 475/389/700 462/392/703
f 478/398/709 481/403/714 479/399/710
f 479/399/710 481/403/714 482/404/715
f 482/404/715 483/405/716 480/402/713
f 480/402/713 479/399/710 482/404/715
f 484/406/717 485/407/718 483/405/716
f 480/402/713 485/407/718 475/389/700
f 483/405/716 485/407/718 480/402/713
f 481/403/714 486/408/719 487/409/720
f 478/398/709 477/394/705 486/408/719
f 478/398/709 486/408/719 481/403/714
f 487/409/720 488/410/721 489/411/722
f 486/408/719 488/410/721 487/409/720
f 476/393/704 488/410/721 486/408/719
f 486/408/719 477/394/705 476/393/704
f 489/412/723 488/413/724 484/406/717
f 488/413/724 485/407/718 484/406/717
f 485/407/718 488/413/724 476/390/701
f 476/390/701 475/389/700 485/407/718
f 473/161/698 468/162/692 288/163/425
f 288/163/425 450/160/652 473/161/698
f 465/169/688 473/161/698 450/160/652
f 450/160/652 285/189/422 465/169/688
f 467/173/691 283/157/418 280/184/415
f 467/173/691 469/155/693 283/157/418
f 469/155/693 461/154/725 460/156/677
f 460/156/677 283/157/418 469/155/693
f 252/150/684 461/154/725 469/155/693
f 469/155/693 463/385/683 252/150/684
f 490/414/726 393/316/558 491/415/727
f 491/415/727 393/316/558 437/358/633
f 338/241/483 340/243/485 437/358/633
f 437/358/633 340/243/485 491/415/727
f 352/259/501 492/416/728 353/260/502
f 353/260/502 492/416/728 493/417/729
f 492/416/728 354/266/508 493/417/729
f 493/417/729 354/266/508 356/265/507
f 335/238/480 337/240/482 493/417/729
f 493/417/729 337/240/482 353/260/502
f 493/417/729 356/265/507 335/238/480
f 355/262/504 354/261/503 492/418/730
f 355/262/504 492/418/730 352/419/731
f 352/419/731 351/420/732 355/262/504
f 384/302/544 381/299/541 382/300/542
f 382/300/542 494/421/733 384/302/544
f 494/421/733 382/300/542 333/303/545
f 481/403/714 495/422/734 482/404/715
f 495/422/734 496/423/735 482/404/715
f 496/423/735 497/424/736 483/405/716
f 483/405/716 482/404/715 496/423/735
f 498/425/737 499/426/738 487/409/720
f 498/425/737 487/409/720 489/411/722
f 500/427/739 498/428/740 489/412/723
f 500/427/739 489/412/723 484/406/717
f 481/403/714 487/409/720 499/426/738
f 481/403/714 499/426/738 495/422/734
f 497/424/736 500/427/739 484/406/717
f 497/424/736 484/406/717 483/405/716
f 434/336/626 368/282/524 370/284/526
f 370/284/526 368/282/524 371/285/527
f 501/429/741 307/430/742 306/431/743
f 502/432/744 501/429/741 306/431/743
f 307/430/742 501/429/741 503/433/745
f 503/433/745 504/434/746 307/430/742
f 504/434/746 503/433/745 505/435/747
f 501/429/741 391/436/748 506/437/749
f 506/437/749 503/433/745 501/429/741
f 503/433/745 506/437/749 505/435/747
f 502/432/744 391/436/748 501/429/741
f 441/363/638 394/364/639 391/438/750
f 391/438/750 502/439/751 441/363/638
f 368/282/524 434/336/626 366/280/522
f 421/281/597 422/282/598 419/285/594
f 422/282/598 421/281/597 412/280/586
f 409/336/583 411/338/585 53/440/752
f 54/441/753 53/440/752 411/338/585
f 507/442/754 414/284/588 409/336/583
f 417/443/755 408/444/756 508/445/757
f 508/445/757 509/446/758 417/443/755
f 507/442/754 409/336/583 53/440/752
f 53/440/752 52/447/759 507/442/754
f 510/448/760 415/449/761 414/450/762
f 414/450/762 507/451/763 510/448/760
f 511/452/764 407/453/765 512/454/766
f 512/454/766 407/453/765 415/449/761
f 415/449/761 510/448/760 512/454/766
f 408/455/767 407/453/765 511/452/764
f 511/452/764 508/456/768 408/455/767
f 513/457/769 52/458/770 51/459/771
f 507/451/763 52/458/770 513/457/769
f 514/460/772 57/461/773 56/462/774
f 56/462/774 508/456/768 514/460/772
f 511/452/764 514/460/772 508/456/768
f 515/463/775 60/464/776 61/465/777
f 516/466/778 59/467/779 60/464/776
f 60/464/776 517/468/780 516/466/778
f 63/469/781 58/470/782 518/471/783
f 519/472/784 520/473/785 521/474/786
f 521/474/786 522/475/787 519/472/784
f 523/476/788 524/477/789 525/478/790
f 526/479/791 525/478/790 527/480/792
f 527/480/792 528/481/793 526/479/791
f 529/482/794 530/483/795 526/479/791
f 526/479/791 528/481/793 529/482/794
f 530/484/796 529/485/797 521/486/798
f 521/486/798 520/487/799 530/484/796
f 523/476/788 519/488/800 531/489/801
f 532/490/802 533/491/803 534/492/804
f 532/490/802 534/492/804 535/493/805
f 535/493/805 534/492/804 536/494/806
f 535/493/805 536/494/806 537/495/807
f 538/496/808 537/495/807 539/497/809
f 536/494/806 539/497/809 537/495/807
f 540/498/810 541/499/811 524/477/789
f 524/477/789 542/500/812 540/498/810
f 542/500/812 543/501/813 540/498/810
f 544/502/814 540/498/810 543/501/813
f 538/496/808 527/503/815 541/504/816
f 527/503/815 538/496/808 539/497/809
f 527/480/792 525/478/790 541/499/811
f 541/499/811 525/478/790 524/477/789
f 545/505/817 538/506/818 541/499/811
f 545/505/817 541/499/811 546/507/819
f 547/508/820 533/509/821 532/510/822
f 532/510/822 535/511/823 548/512/824
f 548/512/824 547/508/820 532/510/822
f 548/512/824 535/511/823 537/513/825
f 548/512/824 537/513/825 549/514/826
f 538/506/818 545/505/817 537/513/825
f 549/514/826 537/513/825 545/505/817
f 546/507/819 541/499/811 540/498/810
f 546/507/819 540/498/810 550/515/827
f 550/515/827 540/498/810 544/502/814
f 544/502/814 543/501/813 551/516/828
f 551/517/829 543/491/830 542/518/831
f 551/517/829 542/518/831 552/519/832
f 552/519/832 542/518/831 524/520/833
f 552/519/832 524/520/833 531/521/834
f 531/489/801 524/477/789 523/476/788
f 531/522/835 519/472/784 546/523/836
f 522/475/787 546/523/836 519/472/784
f 550/515/827 544/502/814 551/516/828
f 550/515/827 551/516/828 552/524/837
f 546/507/819 550/515/827 531/489/801
f 552/524/837 531/489/801 550/515/827
f 553/525/838 547/508/820 548/512/824
f 554/526/839 553/525/838 548/512/824
f 554/526/839 548/512/824 549/514/826
f 555/527/840 554/526/839 545/505/817
f 554/526/839 549/514/826 545/505/817
f 555/528/841 545/529/842 546/523/836
f 555/528/841 546/523/836 522/475/787
f 556/530/843 555/528/841 522/475/787
f 557/531/844 529/485/797 558/532/845
f 521/486/798 529/485/797 557/531/844
f 559/533/846 560/534/847 561/535/848
f 561/535/848 562/536/849 559/533/846
f 559/533/846 563/537/850 564/538/851
f 562/536/849 563/537/850 559/533/846
f 564/538/851 563/537/850 555/527/840
f 539/539/852 555/527/840 563/537/850
f 555/527/840 539/539/852 536/540/853
f 555/527/840 536/540/853 554/526/839
f 554/526/839 536/540/853 553/525/838
f 536/540/853 534/541/854 553/525/838
f 533/509/821 547/508/820 553/525/838
f 553/525/838 534/541/854 533/509/821
f 565/542/855 539/496/856 566/543/857
f 539/496/856 563/495/858 566/543/857
f 562/493/859 567/492/860 563/495/858
f 567/492/860 566/543/857 563/495/858
f 561/490/861 568/491/862 562/493/859
f 568/491/862 567/492/860 562/493/859
f 568/544/863 561/535/848 560/534/847
f 560/534/847 559/533/846 569/545/864
f 569/545/864 559/533/846 570/546/865
f 559/533/846 564/538/851 570/546/865
f 556/547/866 570/546/865 555/527/840
f 570/546/865 564/538/851 555/527/840
f 556/547/866 565/548/867 566/549/868
f 556/547/866 566/549/868 570/546/865
f 570/546/865 566/549/868 569/545/864
f 566/549/868 567/550/869 569/545/864
f 568/544/863 560/534/847 569/545/864
f 569/545/864 567/550/869 568/544/863
f 529/503/870 528/551/871 558/542/872
f 571/496/873 558/542/872 528/551/871
f 571/552/874 528/503/875 565/496/876
f 527/551/877 565/496/876 528/503/875
f 565/542/855 527/553/878 539/496/856
f 522/475/787 521/474/786 557/554/879
f 522/475/787 557/554/879 572/555/880
f 556/530/843 522/475/787 572/555/880
f 571/552/874 565/496/876 573/543/881
f 565/496/876 574/495/882 573/543/881
f 575/493/883 576/492/884 574/495/882
f 576/492/884 573/543/881 574/495/882
f 577/490/885 578/556/886 575/493/883
f 578/556/886 576/492/884 575/493/883
f 578/557/887 577/558/888 579/559/889
f 579/559/889 580/560/890 581/561/891
f 581/561/891 580/560/890 582/562/892
f 580/560/890 583/563/893 582/562/892
f 572/564/894 582/562/892 556/565/895
f 582/562/892 583/563/893 556/565/895
f 581/561/891 576/566/896 578/557/887
f 578/557/887 579/559/889 581/561/891
f 582/562/892 573/567/897 581/561/891
f 573/567/897 576/566/896 581/561/891
f 572/564/894 571/568/898 573/567/897
f 572/564/894 573/567/897 582/562/892
f 577/558/888 575/569/899 580/560/890
f 580/560/890 579/559/889 577/558/888
f 580/560/890 575/569/899 574/570/900
f 580/560/890 574/570/900 583/563/893
f 556/565/895 574/570/900 565/548/867
f 583/563/893 574/570/900 556/565/895
f 558/532/845 584/571/901 557/531/844
f 585/572/902 557/531/844 584/571/901
f 586/573/903 587/574/904 584/571/901
f 585/572/902 584/571/901 587/574/904
f 587/574/904 586/573/903 588/575/905
f 588/575/905 589/576/906 587/574/904
f 558/542/872 571/496/873 584/543/907
f 571/496/873 590/495/908 584/543/907
f 591/493/909 586/492/910 590/495/908
f 586/492/910 584/543/907 590/495/908
f 592/490/911 588/577/912 591/493/909
f 588/577/912 586/492/910 591/493/909
f 589/576/906 593/578/913 587/574/904
f 587/574/904 593/578/913 585/572/902
f 593/578/913 594/579/914 585/572/902
f 557/531/844 585/572/902 572/580/915
f 585/572/902 594/579/914 572/580/915
f 589/576/906 588/575/905 592/581/916
f 592/581/916 591/582/917 593/578/913
f 593/578/913 589/576/906 592/581/916
f 593/578/913 591/582/917 590/583/918
f 593/578/913 590/583/918 594/579/914
f 571/568/898 572/580/915 590/583/918
f 594/579/914 590/583/918 572/580/915
f 595/584/919 62/585/920 518/471/783
f 63/469/781 518/471/783 62/585/920
f 515/463/775 61/465/777 595/586/921
f 62/587/922 595/586/921 61/465/777
f 596/588/923 597/589/924 598/590/925
f 599/591/926 598/590/925 597/589/924
f 595/584/919 518/471/783 596/588/923
f 597/589/924 596/588/923 518/471/783
f 600/592/927 515/463/775 596/593/928
f 595/586/921 596/593/928 515/463/775
f 601/594/929 600/592/927 598/595/930
f 596/593/928 598/595/930 600/592/927
f 58/470/782 602/596/931 518/471/783
f 602/596/931 597/589/924 518/471/783
f 599/591/926 597/589/924 602/596/931
f 515/463/775 600/592/927 517/468/780
f 60/464/776 515/463/775 517/468/780
f 601/594/929 517/468/780 600/592/927
f 603/597/932 604/598/933 526/479/791
f 526/479/791 530/483/795 603/597/932
f 525/478/790 526/479/791 604/598/933
f 604/598/933 605/599/934 525/478/790
f 519/488/800 523/476/788 606/600/935
f 606/600/935 607/601/936 519/488/800
f 607/601/936 608/602/937 520/487/799
f 520/487/799 519/488/800 607/601/936
f 608/602/937 603/603/938 530/484/796
f 608/602/937 530/484/796 520/487/799
f 56/604/939 55/605/940 509/446/758
f 509/446/758 508/445/757 56/604/939
f 411/606/941 417/443/755 509/446/758
f 509/446/758 55/605/940 54/607/942
f 54/607/942 411/606/941 509/446/758
f 513/457/769 510/448/760 507/451/763
f 512/454/766 514/460/772 511/452/764
f 514/460/772 512/454/766 609/608/943
f 610/609/944 516/466/778 517/468/780
f 517/468/780 611/610/945 610/609/944
f 436/357/632 325/226/468 612/611/946
f 612/611/946 613/612/947 436/357/632
f 613/612/947 612/611/946 614/613/948
f 612/611/946 615/614/949 614/613/948
f 323/224/466 616/615/950 326/227/469
f 331/233/475 614/616/951 332/234/476
f 614/616/951 331/233/475 345/617/952
f 614/613/948 345/618/953 617/619/954
f 617/619/954 613/612/947 614/613/948
f 345/618/953 326/227/469 616/615/950
f 616/615/950 617/619/954 345/618/953
f 296/197/439 618/196/955 297/198/440
f 298/199/441 618/196/955 296/197/439
f 618/196/955 298/199/441 619/200/956
f 300/201/443 619/200/956 298/199/441
f 619/200/956 300/201/443 620/202/957
f 302/203/445 620/202/957 300/201/443
f 620/202/957 302/203/445 621/204/958
f 302/203/445 304/205/447 621/204/958
f 504/207/959 305/206/448 307/208/450
f 622/209/960 305/206/448 504/207/959
f 623/211/961 624/210/962 618/196/955
f 297/198/440 618/196/955 624/210/962
f 625/212/963 623/211/961 619/200/956
f 618/196/955 619/200/956 623/211/961
f 620/202/957 625/212/963 619/200/956
f 626/213/964 625/212/963 620/202/957
f 621/204/958 626/213/964 620/202/957
f 626/213/964 621/204/958 627/214/965
f 628/215/966 626/213/964 627/214/965
f 626/213/964 628/215/966 629/216/967
f 628/215/966 622/209/960 630/217/968
f 504/207/959 630/217/968 622/209/960
f 504/207/959 631/218/969 630/217/968
f 632/220/970 633/219/971 623/211/961
f 624/210/962 623/211/961 633/219/971
f 630/217/968 631/218/969 632/220/970
f 633/219/971 632/220/970 631/218/969
f 629/216/967 632/220/970 625/212/963
f 623/211/961 625/212/963 632/220/970
f 628/215/966 630/217/968 629/216/967
f 632/220/970 629/216/967 630/217/968
f 626/213/964 629/216/967 625/212/963
f 305/206/448 622/209/960 320/221/463
f 320/221/463 622/209/960 627/214/965
f 628/215/966 627/214/965 622/209/960
f 634/222/972 635/225/973 636/224/974
f 636/224/974 637/223/975 634/222/972
f 624/210/962 634/222/972 297/198/440
f 325/226/468 297/198/440 634/222/972
f 636/224/974 635/225/973 638/228/976
f 638/228/976 639/227/977 636/224/974
f 624/210/962 633/219/971 634/222/972
f 332/234/476 640/233/978 333/235/477
f 641/238/979 642/237/980 643/239/981
f 642/237/980 641/238/979 644/620/982
f 339/242/484 645/241/983 340/243/485
f 646/244/984 645/241/983 339/242/484
f 646/244/984 339/242/484 342/245/487
f 638/228/976 647/247/985 648/246/986
f 649/621/987 650/622/988 651/260/989
f 644/620/982 651/260/989 650/622/988
f 652/623/990 653/624/991 641/625/992
f 641/625/992 643/626/993 652/623/990
f 654/627/994 641/238/979 653/628/995
f 644/620/982 650/622/988 655/629/996
f 655/629/996 642/237/980 644/620/982
f 649/630/997 652/623/990 650/631/998
f 655/632/999 650/631/998 652/623/990
f 656/306/1000 413/308/1001 416/307/1002
f 416/307/1002 657/255/1003 656/306/1000
f 657/255/1003 648/246/986 658/309/1004
f 657/255/1003 658/309/1004 659/310/1005
f 660/269/1006 363/312/554 390/313/555
f 420/633/1007 363/312/554 660/269/1006
f 661/315/1008 506/314/1009 662/316/1010
f 663/317/1011 506/314/1009 661/315/1008
f 638/228/976 635/225/973 647/247/985
f 633/219/971 647/247/985 635/225/973
f 633/219/971 631/218/969 647/247/985
f 631/218/969 658/309/1004 647/247/985
f 648/246/986 647/247/985 658/309/1004
f 635/225/973 634/222/972 633/219/971
f 637/223/975 664/357/1012 634/222/972
f 325/226/468 634/222/972 664/357/1012
f 627/214/965 621/204/958 304/205/447
f 304/205/447 320/221/463 627/214/965
f 661/315/1008 662/316/1010 665/358/1013
f 645/241/983 661/315/1008 665/358/1013
f 646/244/984 661/315/1008 645/241/983
f 646/244/984 447/359/1014 661/315/1008
f 661/315/1008 447/359/1014 663/317/1011
f 342/245/487 439/360/635 646/244/984
f 439/360/635 447/359/1014 646/244/984
f 447/362/647 446/361/646 666/363/1015
f 666/363/1015 446/361/646 659/310/1005
f 659/310/1005 656/306/1000 657/255/1003
f 447/362/647 666/363/1015 663/364/1016
f 666/363/1015 659/310/1005 658/309/1004
f 443/367/642 442/366/641 418/365/1017
f 418/365/1017 667/368/1018 443/367/642
f 418/365/1017 413/308/1001 656/306/1000
f 656/306/1000 667/368/1018 418/365/1017
f 667/368/1018 656/306/1000 659/310/1005
f 659/310/1005 446/361/646 667/368/1018
f 667/368/1018 446/361/646 443/367/642
f 446/361/646 445/369/644 443/367/642
f 662/316/1010 506/314/1009 490/414/726
f 391/634/1019 490/414/726 506/314/1009
f 662/316/1010 490/414/726 491/415/727
f 662/316/1010 491/415/727 665/358/1013
f 340/243/485 645/241/983 665/358/1013
f 340/243/485 665/358/1013 491/415/727
f 668/416/1020 649/621/987 651/260/989
f 668/416/1020 651/260/989 669/417/1021
f 653/628/995 668/416/1020 669/417/1021
f 653/628/995 669/417/1021 654/627/994
f 644/620/982 641/238/979 669/417/1021
f 644/620/982 669/417/1021 651/260/989
f 654/627/994 669/417/1021 641/238/979
f 653/624/991 652/623/990 668/635/1022
f 668/635/1022 652/623/990 649/630/997
f 666/363/1015 505/439/1023 506/438/1024
f 506/438/1024 663/364/1016 666/363/1015
f 664/357/1012 670/612/1025 612/611/946
f 612/611/946 325/226/468 664/357/1012
f 670/612/1025 671/619/1026 672/636/1027
f 673/618/1028 672/636/1027 671/619/1026
f 636/224/974 639/227/977 674/615/1029
f 672/616/1030 640/233/978 332/234/476
f 640/233/978 672/616/1030 673/617/1031
f 672/636/1027 615/614/949 612/611/946
f 612/611/946 670/612/1025 672/636/1027
f 674/615/1029 639/227/977 673/618/1028
f 673/618/1028 671/619/1026 674/615/1029
f 513/457/769 51/459/771 609/608/943
f 51/459/771 57/461/773 609/608/943
f 609/608/943 57/461/773 514/460/772
f 609/608/943 512/454/766 513/457/769
f 513/457/769 512/454/766 510/448/760
f 604/598/933 603/597/932 675/637/1032
f 675/637/1032 603/597/932 676/638/1033
f 675/637/1032 676/638/1033 599/591/926
f 599/591/926 676/638/1033 598/590/925
f 599/591/926 602/596/931 675/637/1032
f 675/637/1032 602/596/931 677/639/1034
f 675/637/1032 677/639/1034 604/598/933
f 604/598/933 677/639/1034 605/599/934
f 608/602/937 678/640/1035 676/641/1036
f 676/641/1036 603/603/938 608/602/937
f 678/640/1035 601/594/929 598/595/930
f 598/595/930 676/641/1036 678/640/1035
f 607/601/936 611/610/945 678/640/1035
f 678/640/1035 608/602/937 607/601/936
f 611/610/945 517/468/780 601/594/929
f 601/594/929 678/640/1035 611/610/945
f 611/610/945 607/601/936 606/600/935
f 606/600/935 610/609/944 611/610/945
f 679/642/1037 677/639/1034 602/596/931
f 680/643/1038 679/642/1037 602/596/931
f 677/639/1034 679/642/1037 681/644/1039
f 681/644/1039 605/599/934 677/639/1034
f 610/609/944 606/600/935 679/642/1037
f 679/642/1037 606/600/935 681/644/1039
f 610/609/944 679/642/1037 680/643/1038
f 680/643/1038 516/466/778 610/609/944
f 59/467/779 516/466/778 680/643/1038
f 59/467/779 680/643/1038 58/470/782
f 58/470/782 680/643/1038 602/596/931
f 606/600/935 523/476/788 681/644/1039
f 681/644/1039 523/476/788 525/478/790
f 525/478/790 605/599/934 681/644/1039
f 433/338/624 434/336/626 682/440/1040
f 682/440/1040 683/441/1041 433/338/624
f 370/284/526 684/442/1042 434/336/626
f 375/645/1043 685/646/1044 686/647/1045
f 686/647/1045 364/648/1046 375/645/1043
f 682/440/1040 434/336/626 684/442/1042
f 684/442/1042 687/447/1047 682/440/1040
f 370/649/1048 373/650/1049 688/651/1050
f 688/651/1050 684/652/1051 370/649/1048
f 365/653/1052 689/654/1053 690/655/1054
f 373/650/1049 365/653/1052 690/655/1054
f 690/655/1054 688/651/1050 373/650/1049
f 365/653/1052 364/656/1055 689/654/1053
f 686/657/1056 689/654/1053 364/656/1055
f 687/658/1057 684/652/1051 691/659/1058
f 691/659/1058 692/660/1059 687/658/1057
f 684/652/1051 688/651/1050 691/659/1058
f 693/661/1060 694/662/1061 695/663/1062
f 686/657/1056 695/663/1062 694/662/1061
f 694/662/1061 689/654/1053 686/657/1056
f 696/664/1063 697/665/1064 698/666/1065
f 696/664/1063 698/666/1065 683/667/1066
f 696/664/1063 683/667/1066 682/668/1067
f 696/664/1063 699/669/1068 700/670/1069
f 701/671/1070 700/670/1069 699/669/1068
f 687/658/1057 699/669/1068 682/668/1067
f 699/669/1068 687/658/1057 701/671/1070
f 702/672/1071 701/671/1070 687/658/1057
f 687/658/1057 692/660/1059 702/672/1071
f 703/673/1072 704/674/1073 705/675/1074
f 702/672/1071 704/674/1073 703/673/1072
f 706/676/1075 707/677/1076 696/664/1063
f 696/664/1063 700/670/1069 706/676/1075
f 703/673/1072 705/675/1074 708/678/1077
f 709/679/1078 710/680/1079 708/678/1077
f 708/678/1077 705/675/1074 709/679/1078
f 711/681/1080 695/682/1081 712/683/1082
f 713/684/1083 712/683/1082 695/682/1081
f 711/685/1084 705/675/1074 704/674/1073
f 705/675/1074 711/685/1084 709/679/1078
f 698/666/1065 697/665/1064 710/686/1085
f 710/686/1085 709/687/1086 698/666/1065
f 708/678/1077 710/680/1079 714/688/1087
f 714/688/1087 715/689/1088 708/678/1077
f 697/665/1064 716/690/1089 714/593/1090
f 714/593/1090 710/686/1085 697/665/1064
f 717/691/1091 703/673/1072 708/678/1077
f 715/689/1088 717/691/1091 708/678/1077
f 715/689/1088 718/692/1092 717/691/1091
f 716/690/1089 697/665/1064 696/664/1063
f 696/664/1063 707/677/1076 716/690/1089
f 707/677/1076 719/693/1093 716/690/1089
f 713/684/1083 683/667/1066 712/683/1082
f 698/666/1065 712/683/1082 683/667/1066
f 712/683/1082 709/687/1086 711/681/1080
f 709/687/1086 712/683/1082 698/666/1065
f 695/682/1081 686/647/1045 685/646/1044
f 685/646/1044 713/684/1083 695/682/1081
f 375/645/1043 433/694/1094 685/646/1044
f 683/667/1066 713/684/1083 685/646/1044
f 685/646/1044 433/694/1094 683/667/1066
f 694/662/1061 690/655/1054 689/654/1053
f 690/655/1054 694/662/1061 720/695/1095
f 682/668/1067 699/669/1068 696/664/1063
f 695/663/1062 711/685/1084 693/661/1060
f 704/674/1073 693/661/1060 711/685/1084
f 706/696/1096 721/697/1097 707/698/1098
f 722/699/1099 707/698/1098 721/697/1097
f 720/695/1095 693/661/1060 692/660/1059
f 692/660/1059 691/659/1058 720/695/1095
f 693/661/1060 720/695/1095 694/662/1061
f 690/655/1054 720/695/1095 691/659/1058
f 690/655/1054 691/659/1058 688/651/1050
f 723/700/1100 724/701/1101 725/702/1102
f 723/700/1100 725/702/1102 726/703/1103
f 717/704/1104 718/705/1105 725/702/1102
f 717/704/1104 725/702/1102 727/706/1106
f 727/706/1106 725/702/1102 724/701/1101
f 727/706/1106 724/701/1101 728/707/1107
f 723/700/1100 726/703/1103 729/708/1108
f 729/708/1108 730/709/1109 723/700/1100
f 731/710/1110 730/709/1109 722/711/1111
f 729/708/1108 722/711/1111 730/709/1109
f 722/711/1111 729/708/1108 719/712/1112
f 719/712/1112 707/713/1113 722/711/1111
f 731/714/1114 722/699/1099 732/715/1115
f 721/697/1097 732/715/1115 722/699/1099
f 727/706/1106 733/716/1116 717/704/1104
f 733/716/1116 734/717/1117 717/704/1104
f 727/706/1106 728/707/1107 735/718/1118
f 735/718/1118 733/716/1116 727/706/1106
f 732/715/1115 721/697/1097 733/716/1116
f 732/715/1115 733/716/1116 735/718/1118
f 721/697/1097 706/696/1096 734/717/1117
f 734/717/1117 733/716/1116 721/697/1097
f 706/676/1075 700/670/1069 734/719/1119
f 734/719/1119 700/670/1069 703/673/1072
f 734/719/1119 703/673/1072 717/691/1091
f 701/671/1070 702/672/1071 703/673/1072
f 703/673/1072 700/670/1069 701/671/1070
f 692/660/1059 693/661/1060 704/674/1073
f 692/660/1059 704/674/1073 702/672/1071
f 391/314/556 393/316/558 490/414/726
f 330/231/473 329/230/472 347/252/494
f 329/230/472 348/253/495 347/252/494
f 332/234/476 614/616/951 615/720/1120
f 332/234/476 615/720/1120 672/616/1030
f 736/472/1121 737/475/1122 738/474/1123
f 738/474/1123 739/473/1124 736/472/1121
f 740/721/1125 741/476/1126 742/722/1127
f 743/723/1128 744/724/1129 745/725/1130
f 743/723/1128 742/722/1127 744/724/1129
f 744/724/1129 746/726/1131 747/727/1132
f 747/727/1132 745/725/1130 744/724/1129
f 746/728/1133 739/729/1134 738/730/1135
f 738/730/1135 747/731/1136 746/728/1133
f 736/732/1137 741/476/1126 748/733/1138
f 749/491/1139 750/490/1140 751/492/1141
f 751/492/1141 750/490/1140 752/493/1142
f 751/492/1141 752/493/1142 753/494/1143
f 753/494/1143 752/493/1142 754/495/1144
f 754/495/1144 755/496/1145 756/497/1146
f 756/497/1146 753/494/1143 754/495/1144
f 757/734/1147 758/735/1148 740/721/1125
f 740/721/1125 759/736/1149 757/734/1147
f 760/737/1150 758/735/1148 757/734/1147
f 757/734/1147 761/738/1151 760/737/1150
f 743/503/1152 755/496/1145 759/504/1153
f 755/496/1145 743/503/1152 756/497/1146
f 742/722/1127 743/723/1128 759/736/1149
f 742/722/1127 759/736/1149 740/721/1125
f 755/739/1154 762/740/1155 759/736/1149
f 759/736/1149 762/740/1155 763/741/1156
f 749/742/1157 764/743/1158 750/744/1159
f 750/744/1159 764/743/1158 765/745/1160
f 765/745/1160 752/746/1161 750/744/1159
f 752/746/1161 765/745/1160 754/747/1162
f 754/747/1162 765/745/1160 766/748/1163
f 762/740/1155 755/739/1154 754/747/1162
f 754/747/1162 766/748/1163 762/740/1155
f 759/736/1149 763/741/1156 757/734/1147
f 757/734/1147 763/741/1156 767/749/1164
f 757/734/1147 767/749/1164 761/738/1151
f 760/737/1150 761/738/1151 768/750/1165
f 760/491/1166 768/517/1167 758/518/1168
f 758/518/1168 768/517/1167 769/519/1169
f 758/518/1168 769/519/1169 740/520/1170
f 740/520/1170 769/519/1169 748/521/1171
f 740/721/1125 748/733/1138 741/476/1126
f 736/472/1121 748/522/1172 763/523/1173
f 763/523/1173 737/475/1122 736/472/1121
f 761/738/1151 767/749/1164 768/750/1165
f 768/750/1165 767/749/1164 769/751/1174
f 767/749/1164 763/741/1156 748/733/1138
f 748/733/1138 769/751/1174 767/749/1164
f 764/743/1158 770/752/1175 765/745/1160
f 770/752/1175 771/753/1176 765/745/1160
f 765/745/1160 771/753/1176 766/748/1163
f 771/753/1176 772/754/1177 762/740/1155
f 766/748/1163 771/753/1176 762/740/1155
f 762/529/1178 772/528/1179 763/523/1173
f 763/523/1173 772/528/1179 737/475/1122
f 772/528/1179 773/530/1180 737/475/1122
f 747/731/1136 774/755/1181 775/756/1182
f 747/731/1136 738/730/1135 774/755/1181
f 776/757/1183 777/758/1184 778/759/1185
f 778/759/1185 779/760/1186 776/757/1183
f 780/761/1187 777/758/1184 781/762/1188
f 780/761/1187 778/759/1185 777/758/1184
f 780/761/1187 781/762/1188 772/754/1177
f 772/754/1177 756/763/1189 780/761/1187
f 756/763/1189 772/754/1177 753/764/1190
f 753/764/1190 772/754/1177 771/753/1176
f 753/764/1190 771/753/1176 770/752/1175
f 751/765/1191 753/764/1190 770/752/1175
f 749/742/1157 751/765/1191 764/743/1158
f 770/752/1175 764/743/1158 751/765/1191
f 756/496/1192 782/542/1193 783/543/1194
f 780/495/1195 756/496/1192 783/543/1194
f 784/492/1196 778/493/1197 780/495/1195
f 783/543/1194 784/492/1196 780/495/1195
f 785/491/1198 779/490/1199 778/493/1197
f 784/492/1196 785/491/1198 778/493/1197
f 779/760/1186 785/766/1200 776/757/1183
f 777/758/1184 776/757/1183 786/767/1201
f 777/758/1184 786/767/1201 787/768/1202
f 781/762/1188 777/758/1184 787/768/1202
f 787/768/1202 773/769/1203 772/754/1177
f 781/762/1188 787/768/1202 772/754/1177
f 782/770/1204 773/769/1203 783/771/1205
f 783/771/1205 773/769/1203 787/768/1202
f 783/771/1205 787/768/1202 786/767/1201
f 784/772/1206 783/771/1205 786/767/1201
f 785/766/1200 784/772/1206 776/757/1183
f 786/767/1201 776/757/1183 784/772/1206
f 745/551/1207 747/503/1208 775/542/1209
f 775/542/1209 788/496/1210 745/551/1207
f 745/503/1211 788/552/1212 782/496/1213
f 782/496/1213 743/551/1214 745/503/1211
f 743/553/1215 782/542/1193 756/496/1192
f 738/474/1123 737/475/1122 774/554/1216
f 774/554/1216 737/475/1122 789/555/1217
f 737/475/1122 773/530/1180 789/555/1217
f 782/496/1213 788/552/1212 790/543/1218
f 791/495/1219 782/496/1213 790/543/1218
f 792/492/1220 793/493/1221 791/495/1219
f 790/543/1218 792/492/1220 791/495/1219
f 794/556/1222 795/490/1223 793/493/1221
f 792/492/1220 794/556/1222 793/493/1221
f 795/773/1224 794/557/1225 796/774/1226
f 797/775/1227 796/774/1226 798/776/1228
f 797/775/1227 798/776/1228 799/777/1229
f 800/778/1230 797/775/1227 799/777/1229
f 799/777/1229 789/779/1231 773/780/1232
f 800/778/1230 799/777/1229 773/780/1232
f 792/781/1233 798/776/1228 796/774/1226
f 794/557/1225 792/781/1233 796/774/1226
f 790/782/1234 799/777/1229 798/776/1228
f 792/781/1233 790/782/1234 798/776/1228
f 788/783/1235 789/779/1231 790/782/1234
f 790/782/1234 789/779/1231 799/777/1229
f 795/773/1224 796/774/1226 793/784/1236
f 793/784/1236 796/774/1226 797/775/1227
f 793/784/1236 797/775/1227 791/785/1237
f 791/785/1237 797/775/1227 800/778/1230
f 791/785/1237 773/780/1232 782/770/1204
f 791/785/1237 800/778/1230 773/780/1232
f 801/786/1238 775/756/1182 774/755/1181
f 774/755/1181 802/787/1239 801/786/1238
f 803/788/1240 804/789/1241 801/786/1238
f 801/786/1238 802/787/1239 803/788/1240
f 803/788/1240 805/790/1242 806/575/1243
f 806/575/1243 804/789/1241 803/788/1240
f 788/496/1210 775/542/1209 801/543/1244
f 807/495/1245 788/496/1210 801/543/1244
f 804/492/1246 808/493/1247 807/495/1245
f 801/543/1244 804/492/1246 807/495/1245
f 806/577/1248 809/490/1249 808/493/1247
f 804/492/1246 806/577/1248 808/493/1247
f 810/791/1250 805/790/1242 803/788/1240
f 810/791/1250 803/788/1240 802/787/1239
f 811/792/1251 810/791/1250 802/787/1239
f 802/787/1239 774/755/1181 789/793/1252
f 811/792/1251 802/787/1239 789/793/1252
f 806/575/1243 805/790/1242 809/581/1253
f 809/581/1253 805/790/1242 810/791/1250
f 810/791/1250 808/794/1254 809/581/1253
f 808/794/1254 810/791/1250 807/795/1255
f 807/795/1255 810/791/1250 811/792/1251
f 789/793/1252 788/783/1235 807/795/1255
f 807/795/1255 811/792/1251 789/793/1252
f 723/700/1100 746/796/1256 744/797/1257
f 744/797/1257 724/701/1101 723/700/1100
f 742/798/1258 728/707/1107 724/701/1101
f 724/701/1101 744/797/1257 742/798/1258
f 732/715/1115 741/799/1259 736/800/1260
f 736/800/1260 731/714/1114 732/715/1115
f 739/801/1261 730/709/1109 731/710/1110
f 731/710/1110 736/802/1262 739/801/1261
f 723/700/1100 730/709/1109 746/796/1256
f 746/796/1256 730/709/1109 739/801/1261
f 741/799/1259 732/715/1115 735/718/1118
f 741/799/1259 735/718/1118 742/798/1258
f 728/707/1107 742/798/1258 735/718/1118
f 355/268/510 358/270/512 336/311/553
f 812/230/1263 813/229/1264 814/803/1265
f 639/232/1266 814/803/1265 813/229/1264
f 638/236/1267 814/803/1265 639/232/1266
f 673/248/1268 639/232/1266 813/229/1264
f 640/249/1269 673/248/1268 813/229/1264
f 642/251/1270 655/804/1271 814/803/1265
f 655/804/1271 815/252/1272 814/803/1265
f 816/253/1273 815/252/1272 817/254/1274
f 657/255/1003 643/311/1275 642/256/1276
f 814/803/1265 638/236/1267 648/257/1277
f 660/269/1006 652/268/1278 420/633/1007
f 818/294/1279 817/254/1274 377/295/537
f 818/294/1279 377/295/537 378/296/538
f 379/297/539 377/295/537 817/254/1274
f 817/254/1274 818/294/1279 816/253/1273
f 819/298/1280 816/253/1273 818/294/1279
f 816/253/1273 819/298/1280 812/230/1263
f 820/299/1281 812/230/1263 819/298/1280
f 813/229/1264 812/230/1263 820/299/1281
f 820/299/1281 821/300/1282 813/229/1264
f 819/298/1280 383/301/543 820/299/1281
f 384/302/544 820/299/1281 383/301/543
f 383/301/543 819/298/1280 378/296/538
f 818/294/1279 378/296/538 819/298/1280
f 813/229/1264 821/300/1282 640/249/1269
f 333/303/545 640/249/1269 821/300/1282
f 416/307/1002 643/311/1275 657/255/1003
f 643/311/1275 416/307/1002 420/633/1007
f 820/299/1281 384/302/544 821/300/1282
f 494/421/733 821/300/1282 384/302/544
f 821/300/1282 494/421/733 333/303/545
f 812/230/1263 814/803/1265 815/252/1272
f 816/253/1273 812/230/1263 815/252/1272
f 643/311/1275 420/633/1007 652/268/1278
f 822/805/1283 823/806/1284 824/807/1285
f 822/805/1283 825/808/1286 823/806/1284
f 826/809/1287 827/810/1288 828/811/1289
f 828/812/1290 829/813/1291 830/814/1292
f 828/812/1290 831/815/1293 829/813/1291
f 826/816/1294 828/817/1295 830/813/1296
f 830/813/1296 832/818/1297 826/816/1294
f 833/819/1298 830/820/1299 829/821/1300
f 830/820/1299 833/819/1298 834/822/1301
f 833/819/1298 835/823/1302 836/810/1303
f 836/810/1303 834/822/1301 833/819/1298
f 835/823/1302 837/824/1304 838/809/1305
f 838/809/1305 836/810/1303 835/823/1302
f 839/819/1306 840/825/1307 829/826/1308
f 841/827/1309 827/828/1310 842/829/1311
f 842/829/1311 827/828/1310 826/830/1312
f 843/814/1313 842/812/1314 832/818/1297
f 826/816/1294 832/818/1297 842/812/1314
f 844/810/1315 845/831/1316 843/832/1317
f 843/832/1317 846/833/1318 844/810/1315
f 847/817/1319 848/813/1320 845/814/1319
f 845/814/1319 844/812/1321 847/817/1319
f 849/832/1322 850/834/1323 851/835/1324
f 851/835/1324 850/834/1323 852/836/1325
f 851/835/1324 853/809/1326 357/820/1327
f 357/820/1327 849/832/1322 851/835/1324
f 349/826/1328 379/837/1329 854/838/1330
f 854/838/1330 379/837/1329 855/839/1331
f 854/838/1330 855/839/1331 841/827/1309
f 841/827/1309 855/839/1331 827/828/1310
f 817/840/1332 856/841/1333 379/842/1334
f 379/842/1334 856/841/1333 855/843/1335
f 856/841/1333 828/811/1289 855/843/1335
f 855/843/1335 828/811/1289 827/810/1288
f 828/811/1289 856/841/1333 831/830/1336
f 831/830/1336 856/841/1333 857/844/1337
f 856/841/1333 817/840/1332 857/844/1337
f 857/844/1337 817/840/1332 815/845/1338
f 349/826/1328 854/838/1330 843/822/1339
f 854/838/1330 841/827/1309 842/829/1311
f 842/829/1311 843/822/1339 854/838/1330
f 858/846/1340 859/847/1341 860/848/1342
f 860/848/1342 861/849/1343 858/846/1340
f 862/850/1344 863/824/1345 864/823/1344
f 864/823/1344 865/851/1346 862/850/1344
f 862/851/1347 840/825/1307 839/819/1306
f 839/819/1306 863/823/1348 862/851/1347
f 859/847/1341 866/852/1349 867/853/1350
f 867/853/1350 860/848/1342 859/847/1341
f 866/852/1349 868/807/1351 869/851/1352
f 869/851/1352 867/853/1350 866/852/1349
f 652/813/1353 660/814/1354 870/854/1355
f 870/854/1355 871/855/1356 652/813/1353
f 872/830/1357 868/807/1351 866/852/1349
f 866/852/1349 871/856/1358 872/830/1357
f 872/817/1359 871/855/1356 870/854/1355
f 870/854/1355 873/812/1360 872/817/1359
f 867/853/1350 869/851/1352 873/809/1361
f 873/809/1361 870/822/1362 867/853/1350
f 867/853/1350 870/822/1362 660/820/1363
f 660/820/1363 860/848/1342 867/853/1350
f 864/857/1364 863/823/1348 839/819/1306
f 839/819/1306 858/839/1365 864/857/1364
f 865/858/1366 864/817/1367 861/859/1367
f 861/859/1367 864/817/1367 858/813/1368
f 840/825/1307 862/851/1347 865/810/1369
f 865/810/1369 861/822/1370 840/825/1307
f 840/825/1307 861/822/1370 829/826/1308
f 829/821/1300 861/839/1371 833/819/1298
f 833/819/1298 861/839/1371 837/830/1372
f 837/830/1372 835/823/1302 833/819/1298
f 832/860/1373 830/837/1374 834/856/1375
f 834/856/1375 843/832/1317 832/860/1373
f 846/833/1318 843/832/1317 874/861/1376
f 843/832/1317 834/856/1375 874/861/1376
f 874/861/1376 834/856/1375 836/857/1377
f 846/833/1318 874/861/1376 847/862/1378
f 844/863/1379 846/833/1318 847/862/1378
f 874/861/1376 836/857/1377 838/830/1380
f 847/862/1378 874/861/1376 838/830/1380
f 851/835/1324 852/836/1325 875/824/1381
f 875/824/1381 853/863/1382 851/835/1324
f 357/814/1383 853/812/1384 875/864/1383
f 875/864/1383 390/813/1385 357/814/1383
f 825/865/1386 355/848/1387 823/806/1284
f 825/812/1388 822/817/1389 357/813/1388
f 357/813/1388 355/814/1390 825/812/1388
f 347/826/1391 349/837/1392 876/866/1393
f 876/866/1393 877/825/1394 347/826/1391
f 347/826/1391 877/825/1394 346/820/1395
f 346/820/1395 877/825/1394 351/822/1396
f 390/837/1397 852/836/1325 850/834/1323
f 390/837/1397 875/830/1398 852/836/1325
f 878/867/1399 850/848/1400 860/868/1401
f 878/867/1399 879/869/1402 850/848/1400
f 660/837/1403 880/870/1404 878/867/1399
f 878/867/1399 860/868/1401 660/837/1403
f 878/867/1399 880/870/1404 881/871/1405
f 881/817/1406 880/872/1407 882/873/1408
f 882/873/1408 883/812/1409 881/817/1406
f 880/872/1407 660/813/1410 390/814/1411
f 390/814/1411 882/873/1408 880/872/1407
f 881/871/1405 883/863/1412 878/867/1399
f 878/867/1399 883/863/1412 879/869/1402
f 872/805/1413 869/851/1352 868/807/1351
f 872/805/1413 873/850/1414 869/851/1352
f 861/813/1415 838/816/1416 837/817/1417
f 861/813/1415 848/814/1418 838/816/1416
f 848/814/1418 847/812/1419 838/816/1416
f 884/830/1420 861/847/1421 860/837/1422
f 860/813/1423 850/814/1424 885/812/1423
f 885/812/1423 884/817/1425 860/813/1423
f 848/826/1426 861/847/1421 884/830/1420
f 884/830/1420 885/850/1427 848/826/1426
f 850/820/1428 848/826/1426 885/850/1427
f 882/874/1429 879/869/1402 883/863/1412
f 879/869/1402 390/820/1430 850/848/1400
f 879/869/1402 882/874/1429 390/820/1430
f 351/822/1396 877/825/1394 886/809/1431
f 887/875/1432 843/813/1433 351/814/1432
f 351/814/1432 886/812/1434 887/875/1432
f 888/805/1435 889/827/1436 890/876/1437
f 888/805/1435 891/829/1438 889/827/1436
f 892/826/1439 845/837/1440 893/877/1441
f 894/850/1442 895/809/1443 892/826/1439
f 895/809/1443 355/820/1444 892/826/1439
f 896/878/1445 850/859/1446 897/879/1447
f 897/879/1447 898/812/1448 896/878/1445
f 850/859/1446 849/814/1449 897/879/1447
f 848/837/1450 896/830/1451 898/850/1452
f 898/850/1452 893/880/1453 848/837/1450
f 848/837/1450 893/880/1453 845/832/1454
f 896/878/1445 848/813/1320 850/859/1446
f 886/809/1431 877/825/1394 887/805/1455
f 887/805/1455 877/825/1394 876/866/1393
f 349/837/1392 843/839/1456 876/866/1393
f 876/866/1393 843/839/1456 887/805/1455
f 890/876/1437 889/827/1436 899/881/1457
f 899/881/1457 889/827/1436 900/825/1458
f 899/881/1457 900/825/1458 843/882/1459
f 843/882/1459 900/825/1458 351/832/1460
f 843/882/1459 845/856/1461 899/881/1457
f 899/881/1457 845/856/1461 888/828/1462
f 888/828/1462 890/876/1437 899/881/1457
f 888/817/1463 845/813/1464 891/812/1464
f 891/812/1464 845/813/1464 892/814/1465
f 889/827/1436 891/883/1466 900/825/1458
f 900/825/1458 891/883/1466 892/820/1467
f 892/820/1467 351/832/1460 900/825/1458
f 815/884/1468 655/837/1469 650/885/1470
f 650/885/1470 857/838/1471 815/884/1468
f 857/817/1472 829/813/1291 831/815/1293
f 650/885/1470 901/808/1473 857/838/1471
f 650/885/1470 902/886/1474 901/808/1473
f 650/885/1470 839/830/1475 902/886/1474
f 839/813/1476 901/812/1476 902/817/1477
f 839/813/1476 829/814/1478 901/812/1476
f 901/808/1473 829/822/1479 857/838/1471
f 650/837/1480 858/839/1365 839/819/1306
f 652/837/1481 866/852/1349 859/847/1341
f 652/837/1481 871/856/1358 866/852/1349
f 650/887/1482 652/888/1483 859/889/1482
f 859/889/1482 858/890/1484 650/887/1482
f 894/850/1442 892/826/1439 903/871/1485
f 893/877/1441 903/871/1485 892/826/1439
f 893/877/1441 897/830/1486 903/871/1485
f 897/809/1487 893/880/1453 898/850/1452
f 897/891/1488 894/812/1489 903/892/1490
f 897/891/1488 895/893/1491 894/812/1489
f 355/814/1390 895/893/1491 849/859/1492
f 849/859/1492 895/893/1491 897/891/1488
f 849/847/1493 824/807/1285 823/806/1284
f 823/806/1284 355/848/1387 849/847/1493
f 357/837/1494 822/894/1495 824/807/1285
f 824/807/1285 849/847/1493 357/837/1494
f 617/895/1496 322/896/1497 613/897/1498
f 617/895/1496 616/898/1499 322/896/1497
f 323/899/1500 322/896/1497 616/898/1499
f 322/896/1497 436/900/1501 613/897/1498
f 904/901/1502 905/902/1503 273/903/1504
f 251/904/1505 273/903/1504 905/902/1503
f 906/905/1506 904/901/1502 272/906/1507
f 273/903/1504 272/906/1507 904/901/1502
f 272/906/1507 271/907/1508 906/905/1506
f 907/908/1509 906/905/1506 271/907/1508
f 907/908/1509 271/907/1508 269/909/1510
f 269/909/1510 908/393/1511 907/908/1509
f 269/391/1512 249/910/1513 908/390/1514
f 909/911/1515 908/390/1514 249/910/1513
f 249/910/1513 251/904/1505 909/911/1515
f 905/902/1503 909/911/1515 251/904/1505
f 910/912/1516 907/908/1509 908/393/1511
f 910/912/1516 908/393/1511 911/411/1517
f 912/913/1518 911/412/1519 909/911/1515
f 908/390/1514 909/911/1515 911/412/1519
f 913/914/1520 914/915/1521 912/913/1518
f 913/914/1520 909/911/1515 905/902/1503
f 913/914/1520 912/913/1518 909/911/1515
f 915/916/1522 910/912/1516 916/917/1523
f 906/905/1506 907/908/1509 915/916/1522
f 915/916/1522 907/908/1509 910/912/1516
f 917/918/1524 916/917/1523 918/919/1525
f 917/918/1524 915/916/1522 916/917/1523
f 917/918/1524 904/901/1502 915/916/1522
f 906/905/1506 915/916/1522 904/901/1502
f 917/918/1524 918/919/1525 914/915/1521
f 913/914/1520 917/918/1524 914/915/1521
f 917/918/1524 913/914/1520 904/901/1502
f 905/902/1503 904/901/1502 913/914/1520
f 919/920/1526 910/912/1516 911/411/1517
f 920/921/1527 919/920/1526 911/411/1517
f 921/922/1528 920/428/1529 912/913/1518
f 911/412/1519 912/913/1518 920/428/1529
f 922/923/1530 923/924/1531 916/917/1523
f 916/917/1523 923/924/1531 918/919/1525
f 923/924/1531 924/925/1532 918/919/1525
f 918/919/1525 924/925/1532 914/915/1521
f 916/917/1523 910/912/1516 922/923/1530
f 922/923/1530 910/912/1516 919/920/1526
f 924/925/1532 921/922/1528 914/915/1521
f 914/915/1521 921/922/1528 912/913/1518
f 279/183/414 8/182/413 7/372/656
f 178/371/650 177/194/436 294/193/435
f 925/926/1533 926/927/1534 927/928/1535
f 927/928/1535 928/929/1536 925/926/1533
f 926/927/1534 929/930/1537 930/931/1538
f 930/931/1538 927/928/1535 926/927/1534
f 929/930/1537 931/932/1539 932/933/1540
f 932/933/1540 930/931/1538 929/930/1537
f 931/932/1539 933/934/1541 934/935/1542
f 934/935/1542 932/933/1540 931/932/1539
f 935/936/1543 934/935/1542 933/934/1541
f 934/935/1542 935/936/1543 936/937/1544
f 935/936/1543 937/938/1545 938/939/1546
f 938/939/1546 936/937/1544 935/936/1543
f 925/940/1547 939/941/1548 926/942/1549
f 935/943/1550 939/941/1548 937/944/1551
f 926/942/1549 939/941/1548 935/943/1550
f 933/945/1552 926/942/1549 935/943/1550
f 931/946/1553 926/942/1549 933/945/1552
f 929/947/1554 926/942/1549 931/946/1553
f 938/939/1546 928/948/1555 940/949/1556
f 940/949/1556 941/950/1557 938/939/1546
f 942/951/1558 930/931/1538 932/933/1540
f 943/952/1559 930/931/1538 942/951/1558
f 932/933/1540 934/935/1542 942/951/1558
f 934/935/1542 936/937/1544 944/953/1560
f 944/953/1560 942/951/1558 934/935/1542
f 942/951/1558 944/953/1560 496/954/1561
f 496/954/1561 495/955/1562 942/951/1558
f 936/937/1544 938/939/1546 941/950/1557
f 941/950/1557 944/953/1560 936/937/1544
f 496/954/1561 944/953/1560 941/950/1557
f 496/954/1561 941/950/1557 497/956/1563
f 927/928/1535 945/957/1564 928/929/1536
f 928/929/1536 945/957/1564 940/958/1565
f 945/957/1564 498/959/1566 940/958/1565
f 940/958/1565 498/959/1566 500/960/1567
f 497/956/1563 941/950/1557 500/961/1568
f 500/961/1568 941/950/1557 940/949/1556
f 930/931/1538 943/952/1559 927/928/1535
f 927/928/1535 943/952/1559 945/957/1564
f 943/952/1559 499/962/1569 945/957/1564
f 945/957/1564 499/962/1569 498/959/1566
f 499/962/1569 943/952/1559 495/955/1562
f 495/955/1562 943/952/1559 942/951/1558
f 937/938/1545 939/963/1570 928/948/1555
f 928/948/1555 938/939/1546 937/938/1545
f 939/964/1571 925/926/1533 928/929/1536
f 946/965/1572 947/966/1573 948/967/1574
f 947/966/1573 946/965/1572 949/968/1575
f 950/969/1576 947/966/1573 951/970/1577
f 949/968/1575 951/970/1577 947/966/1573
f 952/971/1578 950/969/1576 953/972/1579
f 951/970/1577 953/972/1579 950/969/1576
f 954/973/1580 952/971/1578 955/974/1581
f 953/972/1579 955/974/1581 952/971/1578
f 955/974/1581 956/975/1582 954/973/1580
f 956/975/1582 955/974/1581 957/976/1583
f 958/977/1584 956/975/1582 959/978/1585
f 957/976/1583 959/978/1585 956/975/1582
f 948/979/1586 947/980/1587 956/981/1588
f 960/982/1589 956/981/1588 958/983/1590
f 956/981/1588 960/982/1589 948/979/1586
f 947/980/1587 954/984/1591 956/981/1588
f 947/980/1587 952/985/1592 954/984/1591
f 947/980/1587 950/986/1593 952/985/1592
f 946/965/1572 959/987/1594 961/988/1595
f 962/989/1596 961/988/1595 959/987/1594
f 951/970/1577 963/990/1597 953/972/1579
f 951/970/1577 964/991/1598 963/990/1597
f 955/974/1581 953/972/1579 963/990/1597
f 957/976/1583 955/974/1581 965/992/1599
f 963/990/1597 965/992/1599 955/974/1581
f 963/990/1597 919/993/1600 920/994/1601
f 920/994/1601 965/992/1599 963/990/1597
f 959/978/1585 957/976/1583 962/995/1602
f 965/992/1599 962/995/1602 957/976/1583
f 965/992/1599 920/994/1601 962/995/1602
f 962/995/1602 920/994/1601 921/996/1603
f 966/997/1604 949/968/1575 946/965/1572
f 966/997/1604 946/965/1572 961/988/1595
f 923/998/1605 966/997/1604 961/988/1595
f 923/998/1605 961/988/1595 924/999/1606
f 962/989/1596 921/1000/1607 924/999/1606
f 962/989/1596 924/999/1606 961/988/1595
f 964/991/1598 951/970/1577 949/968/1575
f 964/991/1598 949/968/1575 966/997/1604
f 922/1001/1608 964/991/1598 966/997/1604
f 922/1001/1608 966/997/1604 923/998/1605
f 964/991/1598 922/1001/1608 919/993/1600
f 964/991/1598 919/993/1600 963/990/1597
f 960/1002/1609 958/1003/1610 946/965/1572
f 959/987/1594 946/965/1572 958/1003/1610
f 948/967/1574 960/1002/1609 946/965/1572
f 967/1004/1611 968/1005/1611 969/1006/1612
f 970/1007/1613 968/1005/1611 967/1004/1611
f 967/1008/1614 969/1009/1615 971/1010/1616
f 967/1008/1614 971/1010/1616 972/1011/1617
f 973/1012/1618 974/1013/1619 975/1014/1620
f 976/1015/1621 975/1014/1620 974/1013/1619
f 975/1014/1620 976/1015/1621 972/1016/1622
f 972/1016/1622 971/1017/1623 975/1014/1620
f 973/1012/1618 977/1018/1624 974/1013/1619
f 978/1019/1625 974/1013/1619 977/1018/1624
f 979/1020/1626 978/1019/1625 977/1018/1624
f 977/1018/1624 980/1021/1627 979/1020/1626
f 979/1020/1626 980/1021/1627 981/1022/1628
f 980/1021/1627 982/1023/1628 981/1022/1628
f 983/1024/1628 981/1022/1628 982/1023/1628
f 983/1010/1629 984/1025/1630 981/1026/1631
f 984/1025/1630 983/1010/1629 985/1027/1632
f 986/1028/1633 987/1029/1634 985/1030/1635
f 985/1030/1635 987/1029/1634 984/1031/1636
f 988/1032/1637 984/1031/1636 989/1033/1638
f 987/1029/1634 989/1033/1638 984/1031/1636
f 989/1033/1638 987/1029/1634 986/1028/1633
f 986/1028/1633 990/1034/1639 989/1033/1638
f 991/1035/1640 988/1032/1637 989/1033/1638
f 989/1033/1638 992/1036/1641 991/1035/1640
f 988/1009/1642 981/1026/1631 984/1025/1630
f 979/1010/1643 981/1026/1631 988/1009/1642
f 978/1026/1644 988/1009/1642 991/1025/1645
f 978/1026/1644 979/1010/1643 988/1009/1642
f 991/1035/1640 993/1037/1646 978/1038/1647
f 974/1039/1648 978/1038/1647 993/1037/1646
f 994/1040/1649 995/1041/1650 970/1042/1650
f 996/1043/1651 994/1040/1649 970/1044/1652
f 996/1043/1651 993/1037/1646 994/1040/1649
f 967/1006/1653 996/1043/1651 970/1044/1652
f 974/1010/1654 993/1009/1655 996/1025/1656
f 974/1010/1654 996/1025/1656 976/1026/1657
f 995/1045/1658 968/1044/1659 970/1007/1613
f 968/1044/1659 995/1045/1658 997/1046/1660
f 998/1047/1661 986/1028/1633 985/1030/1635
f 999/1048/1662 986/1028/1633 998/1047/1661
f 999/1048/1662 1000/1049/1663 986/1028/1633
f 990/1034/1639 986/1028/1633 1000/1049/1663
f 1001/1050/1664 999/1048/1662 1002/1051/1665
f 999/1048/1662 1001/1050/1664 1000/1049/1663
f 968/1044/1659 1003/1052/1666 1004/1053/1667
f 1005/1054/1668 1004/1053/1667 1003/1052/1666
f 997/1046/1660 1003/1052/1666 968/1044/1659
f 985/1027/1632 982/1026/1669 998/1055/1670
f 985/1027/1632 983/1010/1629 982/1026/1669
f 980/1010/1671 1002/1027/1672 982/1026/1669
f 998/1055/1670 982/1026/1669 1002/1027/1672
f 998/1047/1661 1002/1051/1665 999/1048/1662
f 1001/1050/1664 1002/1051/1665 1006/1035/1673
f 1001/1050/1664 1006/1035/1673 1007/1056/1674
f 969/1009/1615 1004/1025/1675 971/1010/1616
f 975/1026/1676 971/1010/1616 1004/1025/1675
f 1006/1055/1677 1002/1027/1672 977/1026/1678
f 980/1010/1671 977/1026/1678 1002/1027/1672
f 1006/1035/1673 977/1038/1679 1005/1054/1668
f 973/1057/1680 1005/1054/1668 977/1038/1679
f 969/1006/1612 968/1044/1659 1004/1053/1667
f 1000/1049/1663 1001/1050/1664 1007/1056/1674
f 1007/1056/1674 1008/1036/1681 1000/1049/1663
f 990/1034/1639 1009/1058/1682 992/1036/1641
f 992/1036/1641 989/1033/1638 990/1034/1639
f 973/1010/1683 975/1026/1676 1005/1009/1684
f 1005/1009/1684 975/1026/1676 1004/1025/1675
f 1000/1049/1663 1008/1036/1681 1009/1058/1682
f 1000/1049/1663 1009/1058/1682 990/1034/1639
f 967/1008/1614 972/1011/1617 996/1025/1656
f 976/1026/1657 996/1025/1656 972/1011/1617
f 1003/1052/1666 1006/1035/1673 1005/1054/1668
f 1010/1059/1685 1006/1035/1673 1003/1052/1666
f 997/1060/1686 1010/1059/1685 1003/1052/1666
f 1011/1061/1687 1010/1059/1685 997/1060/1686
f 995/1045/1658 1011/1061/1687 997/1060/1686
f 1012/1062/1688 1011/1061/1687 995/1045/1658
f 994/1060/1689 1012/1062/1688 995/1045/1658
f 1013/1061/1690 1012/1062/1688 994/1060/1689
f 1013/1061/1690 994/1060/1689 991/1035/1640
f 993/1037/1646 991/1035/1640 994/1060/1689
f 1011/1061/1687 1007/1056/1674 1010/1059/1685
f 1008/1036/1681 1007/1056/1674 1011/1061/1687
f 1012/1062/1688 1008/1036/1681 1011/1061/1687
f 1009/1058/1682 1008/1036/1681 1012/1062/1688
f 1013/1061/1690 1009/1058/1682 1012/1062/1688
f 992/1036/1641 1009/1058/1682 1013/1061/1690
f 991/1035/1640 992/1036/1641 1013/1061/1690
f 1007/1056/1674 1006/1035/1673 1010/1059/1685
f 1014/1063/1691 1015/1064/1692 1016/1065/1693
f 1014/1063/1691 1017/1066/1694 1015/1064/1692
f 1017/1066/1694 1018/1067/1695 1015/1064/1692
f 1017/1066/1694 1019/1068/1696 1018/1067/1695
f 1016/1069/1697 1020/1070/1698 1021/1065/1699
f 1016/1069/1697 1015/1071/1700 1020/1070/1698
f 1015/1071/1700 1022/1067/1701 1020/1070/1698
f 1015/1071/1700 1018/1072/1702 1022/1067/1701
f 1014/1063/1691 1019/1068/1696 1017/1066/1694
f 1023/1073/1703 1020/1074/1703 1022/1075/1704
f 1023/1073/1703 1021/1065/1699 1020/1074/1703
f 1024/1005/1705 1025/1004/1705 1026/1006/1706
f 1024/1005/1705 1027/1007/1707 1025/1004/1705
f 1026/1009/1708 1025/1008/1709 1028/1010/1710
f 1028/1010/1710 1025/1008/1709 1029/1011/1711
f 1030/1013/1621 1031/1012/1712 1032/1014/1713
f 1032/1014/1713 1033/1015/1713 1030/1013/1621
f 1033/1015/1713 1032/1014/1713 1029/1016/1622
f 1028/1017/1623 1029/1016/1622 1032/1014/1713
f 1034/1018/1622 1031/1012/1712 1030/1013/1621
f 1030/1013/1621 1035/1019/1714 1034/1018/1622
f 1036/1076/1715 1037/1021/1716 1034/1018/1622
f 1034/1018/1622 1035/1019/1714 1036/1076/1715
f 1037/1021/1716 1036/1076/1715 1038/1022/1717
f 1039/1023/1620 1037/1021/1716 1038/1022/1717
f 1038/1022/1717 1040/1024/1718 1039/1023/1620
f 1041/1025/1719 1040/1010/1720 1038/1026/1721
f 1040/1010/1720 1041/1025/1719 1042/1027/1722
f 1043/1077/1723 1044/1028/1724 1042/1030/1725
f 1043/1077/1723 1042/1030/1725 1041/1031/1726
f 1041/1031/1726 1045/1032/1727 1046/1033/1728
f 1046/1033/1728 1043/1077/1723 1041/1031/1726
f 1046/1033/1728 1047/1034/1729 1044/1028/1724
f 1044/1028/1724 1043/1077/1723 1046/1033/1728
f 1045/1032/1727 1048/1035/1730 1046/1033/1728
f 1049/1036/1731 1046/1033/1728 1048/1035/1730
f 1038/1026/1721 1045/1009/1732 1041/1025/1719
f 1038/1026/1721 1036/1010/1733 1045/1009/1732
f 1045/1009/1732 1035/1026/1734 1048/1025/1735
f 1036/1010/1733 1035/1026/1734 1045/1009/1732
f 1050/1037/1736 1048/1035/1730 1035/1038/1737
f 1035/1038/1737 1030/1039/1738 1050/1037/1736
f 1051/1041/1739 1052/1078/1740 1027/1042/1739
f 1052/1078/1740 1053/1043/1741 1027/1044/1742
f 1050/1037/1736 1053/1043/1741 1052/1078/1740
f 1053/1043/1741 1025/1006/1743 1027/1044/1742
f 1050/1009/1744 1030/1010/1745 1053/1025/1746
f 1053/1025/1746 1030/1010/1745 1033/1026/1747
f 1024/1044/1748 1051/1045/1749 1027/1007/1707
f 1051/1045/1749 1024/1044/1748 1054/1046/1750
f 1044/1028/1724 1055/1047/1751 1042/1030/1725
f 1044/1028/1724 1056/1048/1752 1055/1047/1751
f 1057/1049/1753 1056/1048/1752 1044/1028/1724
f 1044/1028/1724 1047/1034/1729 1057/1049/1753
f 1056/1048/1752 1058/1050/1754 1059/1051/1755
f 1058/1050/1754 1056/1048/1752 1057/1049/1753
f 1060/1078/1756 1024/1044/1748 1061/1053/1757
f 1061/1053/1757 1062/1079/1758 1060/1078/1756
f 1060/1078/1756 1054/1046/1750 1024/1044/1748
f 1039/1026/1759 1042/1027/1722 1055/1055/1760
f 1040/1010/1720 1042/1027/1722 1039/1026/1759
f 1059/1027/1761 1037/1010/1762 1039/1026/1759
f 1039/1026/1759 1055/1055/1760 1059/1027/1761
f 1059/1051/1755 1055/1047/1751 1056/1048/1752
f 1059/1051/1755 1058/1050/1754 1063/1035/1763
f 1063/1035/1763 1058/1050/1754 1064/1056/1764
f 1061/1025/1765 1026/1009/1708 1028/1010/1710
f 1028/1010/1710 1032/1026/1766 1061/1025/1765
f 1059/1027/1761 1063/1055/1767 1034/1026/1768
f 1034/1026/1768 1037/1010/1762 1059/1027/1761
f 1034/1038/1769 1063/1035/1763 1062/1079/1758
f 1062/1079/1758 1031/1057/1770 1034/1038/1769
f 1024/1044/1748 1026/1006/1706 1061/1053/1757
f 1057/1049/1753 1065/1036/1771 1064/1056/1764
f 1064/1056/1764 1058/1050/1754 1057/1049/1753
f 1047/1034/1729 1046/1033/1728 1049/1036/1731
f 1049/1036/1731 1066/1058/1772 1047/1034/1729
f 1032/1026/1766 1031/1010/1773 1062/1009/1774
f 1032/1026/1766 1062/1009/1774 1061/1025/1765
f 1065/1036/1771 1057/1049/1753 1066/1058/1772
f 1066/1058/1772 1057/1049/1753 1047/1034/1729
f 1029/1011/1711 1025/1008/1709 1053/1025/1746
f 1053/1025/1746 1033/1026/1747 1029/1011/1711
f 1063/1035/1763 1060/1078/1756 1062/1079/1758
f 1063/1035/1763 1067/1059/1775 1060/1078/1756
f 1067/1059/1775 1054/1060/1776 1060/1078/1756
f 1067/1059/1775 1068/1061/1777 1054/1060/1776
f 1068/1061/1777 1051/1045/1749 1054/1060/1776
f 1068/1061/1777 1069/1062/1778 1051/1045/1749
f 1069/1062/1778 1052/1060/1779 1051/1045/1749
f 1069/1062/1778 1070/1061/1780 1052/1060/1779
f 1052/1060/1779 1070/1061/1780 1048/1035/1730
f 1048/1035/1730 1050/1037/1736 1052/1060/1779
f 1064/1056/1764 1068/1061/1777 1067/1059/1775
f 1064/1056/1764 1065/1036/1771 1068/1061/1777
f 1065/1036/1771 1069/1062/1778 1068/1061/1777
f 1065/1036/1771 1066/1058/1772 1069/1062/1778
f 1066/1058/1772 1070/1061/1780 1069/1062/1778
f 1066/1058/1772 1049/1036/1731 1070/1061/1780
f 1049/1036/1731 1048/1035/1730 1070/1061/1780
f 1063/1035/1763 1064/1056/1764 1067/1059/1775
f 637/896/1781 671/895/1782 670/897/1783
f 674/1080/1784 671/895/1782 637/896/1781
f 637/896/1781 636/899/1785 674/1080/1784
f 664/900/1786 637/896/1781 670/897/1783
f 1071/1081/1787 149/1082/1788 151/1083/1789
f 1071/1081/1787 150/1084/1790 149/1082/1788
f 152/1085/1791 150/1084/1790 1071/1081/1787
f 152/1085/1791 1071/1081/1787 151/1086/1792
f 169/1082/1793 1072/1081/1794 171/1083/1795
f 170/1084/1796 1072/1081/1794 169/1082/1793
f 170/1084/1796 172/1085/1797 1072/1081/1794
f 1072/1081/1794 172/1085/1797 171/1086/1798
f 284/186/419 294/193/435 259/187/420
f 259/187/420 294/193/435 1073/379/1799
f 1073/379/1799 294/193/435 9/195/437
f 9/181/412 279/183/414 1073/380/1800
f 279/183/414 260/159/390 1073/380/1800
f 1073/380/1800 260/159/390 259/158/389
f 1074/1064/1801 1075/1063/1802 1076/1065/1803
f 1077/1066/1804 1075/1063/1802 1074/1064/1801
f 1078/1067/1805 1077/1066/1804 1074/1064/1801
f 1079/1068/1806 1077/1066/1804 1078/1067/1805
f 1080/1070/1807 1076/1069/1808 1081/1065/1809
f 1074/1071/1810 1076/1069/1808 1080/1070/1807
f 1082/1067/1811 1074/1071/1810 1080/1070/1807
f 1078/1072/1812 1074/1071/1810 1082/1067/1811
f 1079/1068/1806 1075/1063/1802 1077/1066/1804
f 1080/1074/1813 1083/1073/1813 1082/1075/1814
f 1081/1065/1809 1083/1073/1813 1080/1074/1813
f 725/702/1102 718/705/1105 1084/1087/1815
f 725/702/1102 1084/1087/1815 726/703/1103
f 726/703/1103 1084/1087/1815 1085/1088/1816
f 714/688/1087 1085/1089/1817 1084/1090/1818
f 714/688/1087 1084/1090/1818 715/689/1088
f 715/689/1088 1084/1090/1818 718/692/1092
f 726/703/1103 1085/1088/1816 1086/1091/1819
f 726/703/1103 1086/1091/1819 729/708/1108
f 729/708/1108 1086/1091/1819 719/712/1112
f 719/693/1093 1086/1092/1820 716/690/1089
f 716/690/1089 1086/1092/1820 714/593/1090
f 1086/1092/1820 1085/1093/1821 714/593/1090
f 1087/1094/1822 1088/1095/1823 1089/1096/1824
f 1089/1096/1824 648/257/1277 1087/1094/1822
f 643/1097/1825 642/251/1270 1089/1096/1824
f 1088/1095/1823 1090/1098/1826 643/1097/1825
f 1091/1099/1827 1090/1098/1826 1088/1095/1823
f 1088/1095/1823 1087/1094/1822 1091/1099/1827
f 1091/1099/1827 1092/1095/1828 1093/1098/1829
f 1091/1099/1827 1087/1094/1822 1092/1095/1828
f 1093/1098/1829 1092/1095/1828 643/1097/1825
f 643/1097/1825 1090/1100/1830 1093/1098/1829
f 1089/1096/1824 1088/1095/1823 643/1097/1825
f 643/1097/1825 1092/1095/1828 642/251/1270
f 1094/1101/1831 1095/1102/1832 1096/1103/1833
f 1097/1104/1834 1095/1102/1832 1094/1101/1831
f 1097/1104/1834 1098/1103/1835 1095/1102/1832
f 1090/1105/1836 1095/1102/1832 1098/1103/1835
f 1090/1105/1836 1091/1106/1837 1095/1102/1832
f 1096/1103/1833 1095/1102/1832 1091/1106/1837
f 1099/1107/1838 1091/1106/1837 1093/1108/1839
f 1096/1103/1833 1091/1106/1837 1099/1107/1838
f 1096/1103/1833 1099/1107/1838 1094/1101/1831
f 1100/1109/1840 1094/1101/1831 1099/1107/1838
f 1099/1107/1838 1093/1108/1839 1098/1103/1835
f 1090/1105/1836 1098/1103/1835 1093/1108/1839
f 1097/1104/1834 1100/1109/1840 1098/1103/1835
f 1099/1107/1838 1098/1103/1835 1100/1109/1840
f 1101/1107/1841 1094/1110/1842 1102/1111/1843
f 1101/1107/1841 1097/1108/1844 1094/1110/1842
f 1103/1111/1845 1097/1108/1844 1101/1107/1841
f 1101/1107/1841 1104/1112/1846 1103/1111/1845
f 1105/1113/1847 1104/1112/1846 1101/1107/1841
f 1101/1107/1841 1102/1111/1843 1105/1113/1847
f 1105/1113/1847 1106/1102/1848 1107/1104/1849
f 1105/1113/1847 1102/1111/1843 1106/1102/1848
f 1106/1102/1848 1102/1111/1843 1094/1110/1842
f 1094/1110/1842 1100/1114/1850 1106/1102/1848
f 1107/1104/1849 1106/1102/1848 1103/1111/1845
f 1103/1111/1845 1104/1112/1846 1107/1104/1849
f 1100/1114/1850 1097/1108/1844 1103/1111/1845
f 1103/1111/1845 1106/1102/1848 1100/1114/1850
f 1108/1101/1851 1109/1102/1852 1110/1103/1853
f 1108/1101/1851 1111/1103/1854 1109/1102/1852
f 1104/1105/1855 1109/1102/1852 1111/1103/1854
f 1104/1105/1855 1105/1106/1856 1109/1102/1852
f 1110/1103/1853 1109/1102/1852 1105/1106/1856
f 1112/1107/1857 1105/1106/1856 1107/1108/1858
f 1110/1103/1853 1105/1106/1856 1112/1107/1857
f 1110/1103/1853 1112/1107/1857 1108/1101/1851
f 1112/1107/1857 1107/1108/1858 1111/1103/1854
f 1104/1105/1855 1111/1103/1854 1107/1108/1858
f 1112/1107/1857 1111/1103/1854 1108/1101/1851
f 1087/1094/1822 648/257/1277 1092/1095/1828
f 814/803/1265 1089/1096/1824 642/251/1270
f 814/803/1265 648/257/1277 1089/1096/1824
f 1113/1115/1859 1114/1116/1860 1115/1117/1861
f 1113/1115/1859 1116/1118/1862 1114/1116/1860
f 1117/1119/1863 1114/1116/1860 1116/1118/1862
f 1117/1119/1863 1115/1117/1861 1114/1116/1860
f 1113/1115/1859 1118/1120/1864 1116/1121/1865
f 1113/1115/1859 1115/1122/1866 1118/1120/1864
f 1117/1119/1863 1118/1120/1864 1115/1122/1866
f 1117/1119/1863 1116/1121/1865 1118/1120/1864
f 1119/1123/1867 1120/1124/1868 1121/1125/1869
f 1119/1123/1867 1122/1126/1870 1123/1125/1871
f 1124/1127/1872 1125/1128/1873 1122/1129/1874
f 1124/1127/1872 1126/1130/1875 1125/1128/1873
f 1120/1131/1876 1127/1132/1877 1128/1133/1878
f 1120/1131/1876 1129/1134/1879 1127/1132/1877
f 1119/1135/1880 1129/1134/1879 1120/1131/1876
f 1119/1136/1881 1124/1127/1872 1122/1129/1874
f 1125/1128/1873 1126/1130/1875 1123/1137/1882
f 1123/1137/1882 1126/1130/1875 1121/1138/1883
f 1123/1137/1882 1121/1138/1883 1127/1132/1877
f 1127/1132/1877 1121/1138/1883 1128/1133/1878
f 1120/1124/1868 1128/1139/1884 1121/1125/1869
f 1121/1125/1869 1124/1126/1885 1119/1123/1867
f 1124/1126/1885 1121/1125/1869 1126/1140/1886
f 1123/1125/1871 1129/1124/1887 1119/1123/1867
f 1123/1125/1871 1127/1139/1888 1129/1124/1887
f 1123/1125/1871 1122/1126/1870 1125/1141/1889
f 1119/1123/1867 1130/1126/1890 1131/1125/1891
f 1119/1123/1867 1132/1124/1892 1133/1125/1893
f 1134/1128/1894 1130/1127/1895 1135/1129/1896
f 1136/1130/1897 1130/1127/1895 1134/1128/1894
f 1137/1132/1898 1138/1131/1899 1139/1133/1900
f 1132/1134/1901 1138/1131/1899 1137/1132/1898
f 1132/1134/1901 1119/1135/1880 1138/1131/1899
f 1130/1127/1895 1119/1136/1881 1135/1129/1896
f 1136/1130/1897 1134/1128/1894 1133/1137/1902
f 1136/1130/1897 1133/1137/1902 1131/1138/1903
f 1131/1138/1903 1133/1137/1902 1137/1132/1898
f 1131/1138/1903 1137/1132/1898 1139/1133/1900
f 1139/1139/1904 1138/1124/1905 1131/1125/1891
f 1131/1125/1891 1138/1124/1905 1119/1123/1867
f 1131/1125/1891 1130/1126/1890 1136/1140/1906
f 1133/1125/1893 1135/1126/1907 1119/1123/1867
f 1137/1139/1908 1133/1125/1893 1132/1124/1892
f 1135/1126/1907 1133/1125/1893 1134/1141/1909
f 1140/1095/1910 1141/1094/1911 1142/1142/1912
f 343/257/499 1142/1142/1912 1141/1094/1911
f 1142/1142/1912 334/251/493 336/1097/1913
f 1143/1098/1914 1140/1095/1910 336/1097/1913
f 1143/1098/1914 1144/1099/1915 1140/1095/1910
f 1141/1094/1911 1140/1095/1910 1144/1099/1915
f 1145/1143/1916 1144/1099/1915 1146/1098/1917
f 1141/1094/1911 1144/1099/1915 1145/1143/1916
f 1145/1143/1916 1146/1098/1917 336/1097/1913
f 1143/1100/1918 336/1097/1913 1146/1098/1917
f 336/1097/1913 1140/1095/1910 1142/1142/1912
f 1145/1143/1916 336/1097/1913 334/251/493
f 1147/1102/1919 1148/1101/1920 1149/1103/1921
f 1147/1102/1919 1150/1104/1922 1148/1101/1920
f 1151/1103/1923 1150/1104/1922 1147/1102/1919
f 1147/1102/1919 1143/1105/1924 1151/1103/1923
f 1144/1106/1925 1143/1105/1924 1147/1102/1919
f 1147/1102/1919 1149/1103/1921 1144/1106/1925
f 1144/1106/1925 1152/1107/1926 1146/1108/1927
f 1144/1106/1925 1149/1103/1921 1152/1107/1926
f 1152/1107/1926 1149/1103/1921 1148/1101/1920
f 1148/1101/1920 1153/1109/1834 1152/1107/1926
f 1146/1108/1927 1152/1107/1926 1151/1103/1923
f 1151/1103/1923 1143/1105/1924 1146/1108/1927
f 1153/1109/1834 1150/1104/1922 1151/1103/1923
f 1151/1103/1923 1152/1107/1926 1153/1109/1834
f 1148/1110/1928 1154/1107/1929 1155/1111/1930
f 1150/1108/1931 1154/1107/1929 1148/1110/1928
f 1150/1108/1931 1156/1111/1932 1154/1107/1929
f 1157/1112/1933 1154/1107/1929 1156/1111/1932
f 1157/1112/1933 1158/1113/1934 1154/1107/1929
f 1155/1111/1930 1154/1107/1929 1158/1113/1934
f 1159/1102/1935 1158/1113/1934 1160/1104/1936
f 1155/1111/1930 1158/1113/1934 1159/1102/1935
f 1155/1111/1930 1159/1102/1935 1148/1110/1928
f 1153/1114/1937 1148/1110/1928 1159/1102/1935
f 1159/1102/1935 1160/1104/1936 1156/1111/1932
f 1157/1112/1933 1156/1111/1932 1160/1104/1936
f 1150/1108/1931 1153/1114/1937 1156/1111/1932
f 1159/1102/1935 1156/1111/1932 1153/1114/1937
f 1161/1102/1938 1162/1101/1939 1163/1103/1940
f 1164/1103/1941 1162/1101/1939 1161/1102/1938
f 1161/1102/1938 1157/1105/1942 1164/1103/1941
f 1158/1106/1943 1157/1105/1942 1161/1102/1938
f 1161/1102/1938 1163/1103/1940 1158/1106/1943
f 1158/1106/1943 1165/1107/1944 1160/1108/1945
f 1158/1106/1943 1163/1103/1940 1165/1107/1944
f 1165/1107/1944 1163/1103/1940 1162/1101/1939
f 1160/1108/1945 1165/1107/1944 1164/1103/1941
f 1164/1103/1941 1157/1105/1942 1160/1108/1945
f 1164/1103/1941 1165/1107/1944 1162/1101/1939
f 343/257/499 1141/1094/1911 1145/1143/1916
f 1142/1142/1912 330/231/473 334/251/493
f 343/257/499 330/231/473 1142/1142/1912
f 1166/1116/1946 1167/1115/1947 1168/1117/1948
f 1169/1118/1949 1167/1115/1947 1166/1116/1946
f 1166/1116/1946 1170/1119/1950 1169/1118/1949
f 1168/1117/1948 1170/1119/1950 1166/1116/1946
f 1171/1120/1951 1167/1115/1947 1169/1121/1952
f 1168/1122/1953 1167/1115/1947 1171/1120/1951
f 1171/1120/1951 1170/1119/1950 1168/1122/1953
f 1169/1121/1952 1170/1119/1950 1171/1120/1951
f 1172/1123/1954 1173/1126/1955 1174/1125/1956
f 1172/1123/1954 1175/1124/1957 1176/1125/1958
f 1177/1128/1894 1173/1127/1959 1178/1129/1960
f 1179/1130/1961 1173/1127/1959 1177/1128/1894
f 1180/1132/1962 1181/1131/1963 1182/1133/1964
f 1175/1134/1965 1181/1131/1963 1180/1132/1962
f 1175/1134/1965 1172/1135/1966 1181/1131/1963
f 1173/1127/1959 1172/1136/1967 1178/1129/1960
f 1179/1130/1961 1177/1128/1894 1176/1137/1968
f 1179/1130/1961 1176/1137/1968 1174/1138/1969
f 1174/1138/1969 1176/1137/1968 1180/1132/1962
f 1174/1138/1969 1180/1132/1962 1182/1133/1964
f 1182/1139/1970 1181/1124/1971 1174/1125/1956
f 1174/1125/1956 1181/1124/1971 1172/1123/1954
f 1174/1125/1956 1173/1126/1955 1179/1140/1972
f 1176/1125/1958 1178/1126/1973 1172/1123/1954
f 1180/1139/1974 1176/1125/1958 1175/1124/1957
f 1178/1126/1973 1176/1125/1958 1177/1141/1975
f 1172/1123/1954 1183/1124/1976 1184/1125/1977
f 1172/1123/1954 1185/1126/1978 1186/1125/1979
f 1187/1127/1980 1188/1128/1981 1185/1129/1982
f 1187/1127/1980 1189/1130/1983 1188/1128/1981
f 1183/1131/1984 1190/1132/1985 1191/1133/1986
f 1183/1131/1984 1192/1134/1987 1190/1132/1985
f 1172/1135/1966 1192/1134/1987 1183/1131/1984
f 1172/1136/1967 1187/1127/1980 1185/1129/1982
f 1188/1128/1981 1189/1130/1983 1186/1137/1988
f 1186/1137/1988 1189/1130/1983 1184/1138/1989
f 1186/1137/1988 1184/1138/1989 1190/1132/1985
f 1190/1132/1985 1184/1138/1989 1191/1133/1986
f 1183/1124/1976 1191/1139/1990 1184/1125/1977
f 1184/1125/1977 1187/1126/1991 1172/1123/1954
f 1187/1126/1991 1184/1125/1977 1189/1140/1992
f 1186/1125/1979 1192/1124/1993 1172/1123/1954
f 1186/1125/1979 1190/1139/1994 1192/1124/1993
f 1186/1125/1979 1185/1126/1978 1188/1141/1995
f 666/363/1015 658/309/1004 505/439/1023
f 388/309/551 441/363/638 502/439/751
f 642/256/1276 648/246/986 657/255/1003
f 334/256/498 336/311/553 350/255/497
f 1193/1144/1996 1194/1145/1997 1195/1146/1998
f 1193/1144/1996 1196/1147/1999 1194/1145/1997
f 1193/1144/1996 1197/1148/2000 1196/1147/1999
f 1193/1144/1996 1198/1149/2001 1197/1148/2000
f 1193/1144/1996 1199/1150/2002 1198/1149/2001
f 1193/1144/1996 1195/1146/1998 1199/1150/2002
f 1200/1150/2003 1201/1151/2004 1202/1152/2005
f 1203/1149/2006 1201/1151/2004 1200/1150/2003
f 1204/1153/2007 1201/1151/2004 1203/1149/2006
f 1205/1147/2008 1201/1151/2004 1204/1153/2007
f 1206/1145/2009 1201/1151/2004 1205/1147/2008
f 1202/1152/2005 1201/1151/2004 1206/1145/2009
f 1207/1154/2010 1208/1155/2011 1209/1156/2012
f 1209/1156/2012 306/1157/2013 1207/1154/2010
f 1209/1156/2012 1210/1158/2014 307/1159/2015
f 307/1159/2015 306/1157/2013 1209/1156/2012
f 1208/1155/2011 1211/1160/2016 1209/1156/2012
f 1210/1158/2014 1209/1156/2012 1211/1160/2016
f 1208/1155/2011 1212/1161/2017 1213/1162/2018
f 1213/1162/2018 1211/1160/2016 1208/1155/2011
f 1214/1163/2019 1212/1161/2017 1215/1164/2020
f 1215/1164/2020 388/1165/2021 1216/1166/2022
f 1216/1166/2022 1214/1163/2019 1215/1164/2020
f 1216/1166/2022 1217/1167/2023 1214/1163/2019
f 388/1165/2021 1215/1164/2020 1207/1154/2010
f 1207/1154/2010 317/1168/2024 388/1165/2021
f 1215/1164/2020 1212/1161/2017 1208/1155/2011
f 1208/1155/2011 1207/1154/2010 1215/1164/2020
f 306/1157/2013 317/1168/2024 1207/1154/2010
f 388/1165/2021 1212/1169/2025 1214/1163/2019
f 1214/1163/2019 1216/1170/2026 388/1165/2021
f 1214/1163/2019 1217/1167/2023 1216/1170/2026
f 1213/1171/2027 1212/1169/2025 388/1165/2021
f 388/1165/2021 1211/1172/2028 1213/1171/2027
f 1212/1161/2017 1218/1173/2023 1213/1162/2018
f 1211/1172/2028 502/1156/2029 1210/1158/2014
f 1210/1158/2014 502/1156/2029 306/1174/2030
f 1219/1175/2031 504/1174/2032 505/1156/2033
f 1212/1169/2025 1213/1171/2027 1218/1173/2023
f 1220/1155/2034 1221/1154/2035 1222/1156/2036
f 504/1157/2037 1222/1156/2036 1221/1154/2035
f 1222/1156/2036 504/1157/2037 307/1159/2015
f 307/1159/2015 1219/1175/2031 1222/1156/2036
f 1223/1176/2038 1220/1155/2034 1222/1156/2036
f 1222/1156/2036 1219/1175/2031 1223/1176/2038
f 1224/1177/2039 1220/1155/2034 1225/1178/2040
f 1223/1176/2038 1225/1178/2040 1220/1155/2034
f 1224/1177/2039 1226/1163/2041 1227/1164/2042
f 658/1179/2043 1227/1164/2042 1228/1180/2044
f 1226/1163/2041 1228/1180/2044 1227/1164/2042
f 1229/1167/2045 1228/1180/2044 1226/1163/2041
f 658/1179/2043 631/1168/2046 1221/1154/2035
f 1221/1154/2035 1227/1164/2042 658/1179/2043
f 1224/1177/2039 1227/1164/2042 1220/1155/2034
f 1221/1154/2035 1220/1155/2034 1227/1164/2042
f 631/1168/2046 504/1157/2037 1221/1154/2035
f 658/1179/2043 1228/1180/2044 1226/1163/2041
f 1226/1163/2041 1224/1177/2039 658/1179/2043
f 1229/1167/2045 1226/1163/2041 1228/1180/2044
f 1224/1177/2039 1225/1171/2047 658/1179/2043
f 1223/1181/2048 658/1179/2043 1225/1171/2047
f 1230/1182/2023 1224/1177/2039 1225/1178/2040
f 1225/1171/2047 1224/1177/2039 1230/1182/2023
f 505/1156/2033 1223/1181/2048 1219/1175/2031
f 343/257/499 1145/1143/1916 334/251/493
f 642/251/1270 1092/1095/1828 648/257/1277
usemtl spec1_obelix

f 1/1/1 2/2/2 3/3/3
f 1/1/1 4/4/4 2/2/2
f 1/5/5 5/6/6 6/7/7
f 6/7/7 4/8/8 1/5/5
f 7/9/9 8/10/10 6/11/11
f 6/11/11 5/12/12 7/9/9
f 6/11/11 8/10/10 9/13/13
f 9/13/13 10/14/14 6/11/11
f 6/7/7 10/15/15 4/8/8
f 11/3/16 12/2/17 13/4/16
f 13/4/16 14/1/18 11/3/16
f 12/3/19 15/2/20 16/4/19
f 16/4/19 13/1/21 12/3/19
f 15/3/22 17/2/23 18/4/22
f 18/4/22 16/1/24 15/3/22
f 19/2/25 18/1/25 17/3/26
f 20/4/27 18/1/25 19/2/25
f 21/2/28 20/1/29 19/3/30
f 22/4/31 20/1/29 21/2/28
f 23/12/32 24/14/33 25/13/32
f 25/13/32 26/9/34 23/12/32
f 27/14/35 25/9/35 24/12/36
f 28/13/37 25/9/35 27/14/35
f 29/14/38 28/9/38 27/12/39
f 30/13/40 28/9/38 29/14/38
f 31/14/41 30/9/41 29/12/42
f 32/13/43 30/9/41 31/14/41
f 33/14/44 32/9/45 31/12/46
f 34/13/47 32/9/45 33/14/44
f 23/16/48 14/17/49 13/18/48
f 13/18/48 24/19/50 23/16/48
f 24/20/51 13/21/52 27/22/52
f 16/23/53 27/22/52 13/21/52
f 27/20/54 16/24/55 18/23/54
f 27/20/54 18/23/54 29/22/56
f 31/25/57 29/26/58 18/27/57
f 18/27/57 20/28/59 31/25/57
f 20/27/60 22/28/61 33/25/62
f 33/25/62 31/26/63 20/27/60
f 23/29/64 1/28/64 14/30/65
f 23/29/64 5/25/66 1/28/64
f 1/1/1 3/3/3 11/2/67
f 1/1/1 11/2/67 14/4/68
f 5/12/12 23/14/69 26/13/70
f 26/13/70 7/9/9 5/12/12
f 35/31/71 36/32/72 37/33/73
f 36/32/72 38/34/74 37/33/73
f 36/32/72 39/35/75 38/34/74
f 39/35/75 40/36/76 38/34/74
f 39/37/77 41/38/78 40/39/79
f 41/38/78 42/40/80 40/39/79
f 41/38/78 43/41/81 42/40/80
f 43/41/81 44/42/82 42/40/80
f 43/41/81 45/43/83 44/42/82
f 45/43/83 46/44/84 44/42/82
f 45/43/83 47/45/85 46/44/84
f 47/45/85 48/46/86 46/44/84
f 47/45/85 49/47/87 48/46/86
f 49/47/87 50/48/88 48/46/86
f 49/47/87 35/31/71 50/48/88
f 35/31/71 37/33/73 50/48/88
f 51/49/89 35/31/71 49/47/87
f 51/49/89 52/50/90 35/31/71
f 53/51/91 35/31/71 52/50/90
f 53/51/91 36/32/72 35/31/71
f 39/37/77 53/52/92 54/53/93
f 54/53/93 41/38/78 39/37/77
f 39/35/75 36/32/72 53/51/91
f 54/53/93 55/54/94 41/38/78
f 55/54/94 43/41/81 41/38/78
f 55/54/94 56/55/95 43/41/81
f 56/55/95 45/43/83 43/41/81
f 56/55/95 57/56/96 45/43/83
f 57/56/96 47/45/85 45/43/83
f 49/47/87 57/56/96 51/49/89
f 57/56/96 49/47/87 47/45/85
f 37/33/73 58/57/97 50/48/88
f 37/33/73 59/58/98 58/57/97
f 38/34/74 59/58/98 37/33/73
f 38/34/74 60/59/99 59/58/98
f 61/60/100 40/39/79 42/40/80
f 61/60/100 60/61/101 40/39/79
f 40/36/76 60/59/99 38/34/74
f 44/42/82 61/60/100 42/40/80
f 44/42/82 62/62/102 61/60/100
f 46/44/84 62/62/102 44/42/82
f 46/44/84 63/63/103 62/62/102
f 48/46/86 63/63/103 46/44/84
f 48/46/86 58/57/97 63/63/103
f 48/46/86 50/48/88 58/57/97
f 64/64/104 65/65/105 66/66/106
f 66/66/106 65/65/105 67/67/107
f 68/68/108 65/65/105 64/64/104
f 69/69/109 65/65/105 68/68/108
f 70/70/110 65/65/105 69/69/109
f 67/67/107 65/65/105 70/70/110
f 71/64/111 72/65/112 73/66/113
f 74/68/114 72/65/112 71/64/111
f 75/69/115 72/65/112 74/68/114
f 76/70/116 72/65/112 75/69/115
f 77/67/117 72/65/112 76/70/116
f 73/66/113 72/65/112 77/67/117
f 78/64/118 79/65/119 80/66/120
f 81/68/121 79/65/119 78/64/118
f 82/69/122 79/65/119 81/68/121
f 83/70/123 79/65/119 82/69/122
f 84/67/124 79/65/119 83/70/123
f 80/66/120 79/65/119 84/67/124
f 85/64/125 86/65/126 87/66/127
f 88/68/128 86/65/126 85/64/125
f 89/69/129 86/65/126 88/68/128
f 90/70/130 86/65/126 89/69/129
f 91/67/131 86/65/126 90/70/130
f 87/66/127 86/65/126 91/67/131
f 92/64/132 93/65/133 94/66/134
f 95/68/135 93/65/133 92/64/132
f 96/69/136 93/65/133 95/68/135
f 97/70/137 93/65/133 96/69/136
f 98/67/138 93/65/133 97/70/137
f 94/66/134 93/65/133 98/67/138
f 99/64/139 100/71/140 101/72/141
f 102/68/142 100/71/140 99/64/139
f 103/73/143 100/71/140 102/68/142
f 104/70/144 100/71/140 103/73/143
f 105/67/145 100/71/140 104/70/144
f 101/72/141 100/71/140 105/67/145
f 106/74/146 107/75/147 108/76/147
f 107/75/147 109/77/148 108/76/147
f 107/74/149 110/75/150 109/76/150
f 110/75/150 111/77/151 109/76/150
f 110/74/152 112/75/153 111/76/154
f 112/75/153 113/77/155 111/76/154
f 114/74/156 115/75/157 116/76/158
f 115/75/157 117/77/159 116/76/158
f 115/74/160 106/75/161 117/76/161
f 106/75/161 108/77/162 117/76/161
f 108/78/163 109/79/164 118/80/165
f 117/81/166 108/78/163 118/80/165
f 109/79/164 111/82/167 118/80/165
f 111/82/167 113/83/168 118/80/165
f 116/84/169 117/81/166 118/80/165
f 119/85/170 120/86/171 121/87/172
f 121/87/172 122/88/173 119/85/170
f 121/89/174 123/90/175 124/91/176
f 125/91/177 123/90/175 126/92/178
f 123/90/175 121/89/174 126/92/178
f 126/93/179 121/87/172 120/86/171
f 127/94/180 126/93/179 120/86/171
f 128/89/181 129/90/182 125/91/177
f 125/91/177 126/92/178 128/89/181
f 127/94/180 130/95/183 128/96/184
f 131/97/185 130/95/183 132/98/186
f 133/99/187 131/97/185 132/98/186
f 131/92/188 134/91/189 129/90/182
f 128/89/181 131/92/188 129/90/182
f 134/90/190 131/89/191 133/92/190
f 133/92/190 135/91/192 134/90/190
f 136/100/193 132/98/186 130/95/183
f 128/96/184 130/95/183 131/97/185
f 127/94/180 137/101/194 136/100/193
f 130/95/183 127/94/180 136/100/193
f 137/101/194 120/86/171 119/85/170
f 137/101/194 127/94/180 120/86/171
f 129/102/195 134/103/196 137/104/197
f 134/103/196 135/105/198 137/104/197
f 125/106/199 129/102/195 137/104/197
f 125/106/199 137/104/197 123/107/200
f 123/107/200 137/104/197 124/108/201
f 119/85/170 122/88/173 138/87/202
f 138/87/202 139/86/203 119/85/170
f 138/109/204 122/110/205 124/91/176
f 140/110/206 138/109/204 141/111/207
f 142/112/208 140/110/206 141/111/207
f 139/86/203 138/87/202 140/93/209
f 139/86/203 140/93/209 143/94/210
f 142/112/208 144/111/211 145/109/212
f 145/109/212 140/110/206 142/112/208
f 146/95/213 143/94/210 145/96/214
f 146/95/213 145/96/214 147/97/215
f 146/95/213 147/97/215 132/98/186
f 147/97/215 133/99/187 132/98/186
f 144/111/211 148/112/216 147/110/217
f 147/110/217 145/109/212 144/111/211
f 148/112/216 135/113/218 133/114/219
f 133/114/219 147/110/217 148/112/216
f 132/98/186 136/100/193 146/95/213
f 137/101/194 143/94/210 136/100/193
f 143/94/210 146/95/213 136/100/193
f 139/86/203 137/101/194 119/85/170
f 143/94/210 137/101/194 139/86/203
f 148/115/220 144/116/221 137/104/197
f 135/105/198 148/115/220 137/104/197
f 144/116/221 142/117/222 137/104/197
f 137/104/197 142/117/222 141/118/223
f 137/104/197 141/118/223 124/108/201
f 145/119/224 143/120/225 149/121/226
f 149/121/226 150/122/227 145/119/224
f 143/120/225 151/123/228 149/121/226
f 151/123/228 143/120/225 140/124/229
f 140/124/229 152/125/230 151/123/228
f 140/126/231 150/122/227 152/127/232
f 150/122/227 140/126/231 145/119/224
f 153/128/233 154/129/234 155/130/235
f 153/128/233 156/131/236 154/129/234
f 156/131/236 153/132/237 157/133/238
f 155/130/235 154/129/234 158/134/239
f 159/135/240 155/130/235 158/134/239
f 160/136/241 158/134/239 154/129/234
f 160/136/241 154/129/234 156/131/236
f 161/137/242 160/136/241 156/131/236
f 162/138/243 159/135/240 158/134/239
f 158/134/239 163/139/244 162/138/243
f 158/134/239 160/136/241 163/139/244
f 160/136/241 161/137/242 164/140/245
f 164/140/245 163/139/244 160/136/241
f 165/141/246 164/140/245 166/142/247
f 161/137/242 166/142/247 164/140/245
f 167/143/248 153/132/237 155/130/235
f 157/133/238 153/132/237 167/143/248
f 168/144/249 167/143/248 155/130/235
f 155/130/235 159/135/240 168/144/249
f 168/144/249 166/142/247 157/133/238
f 157/133/238 167/143/248 168/144/249
f 156/131/236 157/133/238 166/142/247
f 166/142/247 161/137/242 156/131/236
f 162/138/243 168/144/249 159/135/240
f 168/144/249 162/138/243 165/141/246
f 166/142/247 168/144/249 165/141/246
f 162/138/243 163/139/244 165/145/250
f 164/140/245 165/145/250 163/139/244
f 124/91/176 122/110/205 121/89/174
f 124/91/176 141/111/207 138/109/204
f 127/120/251 128/119/252 169/121/253
f 170/122/254 169/121/253 128/119/252
f 171/123/255 127/120/251 169/121/253
f 127/120/251 171/123/255 126/124/256
f 172/125/257 126/124/256 171/123/255
f 170/122/254 126/126/258 172/127/259
f 126/126/258 170/122/254 128/119/252
f 2/2/2 173/1/260 174/3/261
f 4/4/4 173/1/260 2/2/2
f 175/6/262 173/5/263 176/7/264
f 4/8/8 176/7/264 173/5/263
f 177/10/265 178/9/266 176/11/267
f 175/12/268 176/11/267 178/9/266
f 177/10/265 176/11/267 9/13/13
f 10/14/14 9/13/13 176/11/267
f 10/15/15 176/7/264 4/8/8
f 179/2/269 180/3/270 181/4/270
f 182/1/271 181/4/270 180/3/270
f 183/2/272 179/3/273 184/4/273
f 181/1/274 184/4/273 179/3/273
f 185/2/275 183/3/276 186/4/276
f 184/1/277 186/4/276 183/3/276
f 186/1/278 187/2/278 185/3/279
f 186/1/278 188/4/280 187/2/278
f 188/1/281 21/2/28 187/3/282
f 188/1/281 22/4/31 21/2/28
f 189/9/283 190/14/283 191/12/284
f 189/9/283 192/13/285 190/14/283
f 192/9/286 193/14/286 190/12/287
f 192/9/286 194/13/288 193/14/286
f 194/9/289 195/14/289 193/12/290
f 194/9/289 196/13/291 195/14/289
f 196/9/292 197/14/292 195/12/293
f 196/9/292 198/13/294 197/14/292
f 198/9/295 33/14/44 197/12/296
f 198/9/295 34/13/47 33/14/44
f 182/17/297 191/16/298 181/18/298
f 190/19/299 181/18/298 191/16/298
f 181/21/300 190/20/301 193/22/300
f 193/22/300 184/23/302 181/21/300
f 184/24/303 193/20/304 186/23/304
f 186/23/304 193/20/304 195/22/305
f 195/26/306 197/25/307 186/27/307
f 188/28/308 186/27/307 197/25/307
f 22/28/61 188/27/309 33/25/62
f 197/26/310 33/25/62 188/27/309
f 173/28/311 191/29/311 182/30/312
f 175/25/313 191/29/311 173/28/311
f 174/3/261 173/1/260 180/2/314
f 180/2/314 173/1/260 182/4/315
f 191/14/316 175/12/268 189/13/317
f 178/9/266 189/13/317 175/12/268
f 199/65/318 200/64/319 201/66/320
f 199/65/318 201/66/320 202/67/321
f 199/65/318 203/68/322 200/64/319
f 199/65/318 204/69/323 203/68/322
f 199/65/318 205/70/324 204/69/323
f 199/65/318 202/67/321 205/70/324
f 206/65/325 207/64/326 208/66/327
f 206/65/325 209/68/328 207/64/326
f 206/65/325 210/69/329 209/68/328
f 206/65/325 211/70/330 210/69/329
f 206/65/325 212/67/331 211/70/330
f 206/65/325 208/66/327 212/67/331
f 213/65/332 214/64/333 215/66/334
f 213/65/332 216/68/335 214/64/333
f 213/65/332 217/69/336 216/68/335
f 213/65/332 218/70/337 217/69/336
f 213/65/332 219/67/338 218/70/337
f 213/65/332 215/66/334 219/67/338
f 220/65/339 221/64/340 222/66/341
f 220/65/339 223/68/342 221/64/340
f 220/65/339 224/69/343 223/68/342
f 220/65/339 225/70/344 224/69/343
f 220/65/339 226/67/345 225/70/344
f 220/65/339 222/66/341 226/67/345
f 227/65/346 228/64/347 229/66/348
f 227/65/346 230/68/349 228/64/347
f 227/65/346 231/69/350 230/68/349
f 227/65/346 232/70/351 231/69/350
f 227/65/346 233/67/352 232/70/351
f 227/65/346 229/66/348 233/67/352
f 234/71/353 235/64/354 236/72/355
f 234/71/353 237/68/356 235/64/354
f 234/71/353 238/73/357 237/68/356
f 234/71/353 239/70/358 238/73/357
f 234/71/353 240/67/359 239/70/358
f 234/71/353 236/72/355 240/67/359
f 241/75/360 242/74/361 243/76/360
f 244/77/362 241/75/360 243/76/360
f 245/75/363 241/74/364 244/76/363
f 246/77/365 245/75/363 244/76/363
f 112/75/153 245/74/366 246/76/367
f 113/77/155 112/75/153 246/76/367
f 247/75/368 114/74/156 116/76/158
f 248/77/369 247/75/368 116/76/158
f 242/75/370 247/74/371 248/76/370
f 243/77/372 242/75/370 248/76/370
f 244/79/373 243/78/374 118/80/165
f 243/78/374 248/81/375 118/80/165
f 246/82/376 244/79/373 118/80/165
f 113/83/168 246/82/376 118/80/165
f 248/81/375 116/84/169 118/80/165
